solid OpenSCAD_Model
  facet normal 0 0 -1
    outer loop
      vertex -11.851121346115765 -7.453249148884934 -2.01
      vertex -12.38026377160584 -6.536747572594793 -2.01
      vertex -11.378588892795285 -7.473896709843564 -2.01
    endloop
  endfacet
  facet normal 0 0 -1
    outer loop
      vertex -11.378588892795285 -7.473896709843564 -2.01
      vertex -12.161878858326373 -6.117198689298046 -2.01
      vertex -10.967090749022153 -7.46805290088507 -2.01
    endloop
  endfacet
  facet normal 0 0 -1
    outer loop
      vertex -7.453249146967757 -11.851121338356107 -2.01
      vertex -7.473896703960341 -11.37858889750627 -2.01
      vertex -6.117198686670332 -12.161878858342725 -2.01
    endloop
  endfacet
  facet normal 0 0 -1
    outer loop
      vertex -7.473896703960341 -11.37858889750627 -2.01
      vertex -7.46805289618605 -10.967090748526687 -2.01
      vertex -6.117198686670332 -12.161878858342725 -2.01
    endloop
  endfacet
  facet normal -0.04365388619982758 -0.9990467147334265 0
    outer loop
      vertex -11.851121346115765 -7.453249148884934 -2.01
      vertex -11.378588892795285 -7.473896709843564 -2.01
      vertex -11.851121346115765 -7.453249148884934 2.01
    endloop
  endfacet
  facet normal 0.014199869076587874 -0.9998991767764428 0
    outer loop
      vertex -11.378588892795285 -7.473896709843564 -2.01
      vertex -10.967090749022153 -7.46805290088507 -2.01
      vertex -11.378588892795285 -7.473896709843564 2.01
    endloop
  endfacet
  facet normal 0.06910405349296764 -0.9976094575488151 0
    outer loop
      vertex -10.967090749022153 -7.46805290088507 -2.01
      vertex -10.609376804240272 -7.443274182732051 -2.01
      vertex -10.967090749022153 -7.46805290088507 2.01
    endloop
  endfacet
  facet normal 0.121283747794122 -0.9926178784008536 0
    outer loop
      vertex -10.609376804240272 -7.443274182732051 -2.01
      vertex -10.29916235516164 -7.405370401405083 -2.01
      vertex -10.609376804240272 -7.443274182732051 2.01
    endloop
  endfacet
  facet normal -0.9990467150488783 -0.043653878980513636 0
    outer loop
      vertex -7.453249146967757 -11.851121338356107 -2.01
      vertex -7.473896703960341 -11.37858889750627 2.01
      vertex -7.473896703960341 -11.37858889750627 -2.01
    endloop
  endfacet
  facet normal -0.5000000048485692 -0.8660254009851158 0
    outer loop
      vertex -7.453249146967757 -11.851121338356107 -2.01
      vertex -6.536747571682665 -12.380263776401227 -2.01
      vertex -7.453249146967757 -11.851121338356107 2.01
    endloop
  endfacet
  facet normal -0.9998991768198495 0.014199866020045016 0
    outer loop
      vertex -7.473896703960341 -11.37858889750627 -2.01
      vertex -7.46805289618605 -10.967090748526687 2.01
      vertex -7.46805289618605 -10.967090748526687 -2.01
    endloop
  endfacet
  facet normal -0.9976094579547679 0.06910404763249461 0
    outer loop
      vertex -7.46805289618605 -10.967090748526687 -2.01
      vertex -7.443274180637568 -10.609376810862738 2.01
      vertex -7.443274180637568 -10.609376810862738 -2.01
    endloop
  endfacet
  facet normal 0.17095323670285492 -0.9852791436241901 0
    outer loop
      vertex -10.29916235516164 -7.405370401405083 -2.01
      vertex -10.031019660758142 -7.358845655800616 -2.01
      vertex -10.29916235516164 -7.405370401405083 2.01
    endloop
  endfacet
  facet normal 0.21831325684615524 -0.9758787434334373 0
    outer loop
      vertex -10.031019660758142 -7.358845655800616 -2.01
      vertex -9.800271112259107 -7.307225034412644 -2.01
      vertex -10.031019660758142 -7.358845655800616 2.01
    endloop
  endfacet
  facet normal 0.2635493721213974 -0.964645908328241 0
    outer loop
      vertex -9.800271112259107 -7.307225034412644 -2.01
      vertex -9.602889978599906 -7.253298849275298 -2.01
      vertex -9.800271112259107 -7.307225034412644 2.01
    endloop
  endfacet
  facet normal 0.30683162086754356 -0.9517638133674741 0
    outer loop
      vertex -9.602889978599906 -7.253298849275298 -2.01
      vertex -9.435411477300816 -7.1993067776159965 -2.01
      vertex -9.602889978599906 -7.253298849275298 2.01
    endloop
  endfacet
  facet normal 0.3483145267679608 -0.9373777202613743 0
    outer loop
      vertex -9.435411477300816 -7.1993067776159965 -2.01
      vertex -9.294854492757015 -7.147078056475009 -2.01
      vertex -9.435411477300816 -7.1993067776159965 2.01
    endloop
  endfacet
  facet normal 0.3881365212367774 -0.9216018884975296 0
    outer loop
      vertex -9.294854492757015 -7.147078056475009 -2.01
      vertex -9.17865359884545 -7.098139560047916 -2.01
      vertex -9.294854492757015 -7.147078056475009 2.01
    endloop
  endfacet
  facet normal 0.42641983065889294 -0.9045253606288997 0
    outer loop
      vertex -9.17865359884545 -7.098139560047916 -2.01
      vertex -9.084600317601176 -7.053800079910829 -2.01
      vertex -9.17865359884545 -7.098139560047916 2.01
    endloop
  endfacet
  facet normal 0.46326769973415544 -0.8862183920360851 0
    outer loop
      vertex -9.084600317601176 -7.053800079910829 -2.01
      vertex -9.010792547338259 -7.015217314918048 -2.01
      vertex -9.084600317601176 -7.053800079910829 2.01
    endloop
  endfacet
  facet normal 0.49875611363335987 -0.8667423718229927 0
    outer loop
      vertex -9.010792547338259 -7.015217314918048 -2.01
      vertex -8.955590850967816 -6.983452185575423 -2.01
      vertex -9.010792547338259 -7.015217314918048 2.01
    endloop
  endfacet
  facet normal -0.992617882723496 0.12128371241648153 0
    outer loop
      vertex -7.443274180637568 -10.609376810862738 -2.01
      vertex -7.405370409289919 -10.299162351619108 2.01
      vertex -7.405370409289919 -10.299162351619108 -2.01
    endloop
  endfacet
  facet normal -0.9852791376552983 0.17095327110421685 0
    outer loop
      vertex -7.405370409289919 -10.299162351619108 -2.01
      vertex -7.358845655261466 -10.031019664247927 2.01
      vertex -7.358845655261466 -10.031019664247927 -2.01
    endloop
  endfacet
  facet normal -0.9758787430449473 0.21831325858273898 0
    outer loop
      vertex -7.358845655261466 -10.031019664247927 -2.01
      vertex -7.307225031974913 -9.800271109189435 2.01
      vertex -7.307225031974913 -9.800271109189435 -2.01
    endloop
  endfacet
  facet normal -0.9646459133683634 0.26354935367349336 0
    outer loop
      vertex -7.307225031974913 -9.800271109189435 -2.01
      vertex -7.2532988498685445 -9.602889971776694 2.01
      vertex -7.2532988498685445 -9.602889971776694 -2.01
    endloop
  endfacet
  facet normal -0.9517637910610013 0.306831690060187 0
    outer loop
      vertex -7.2532988498685445 -9.602889971776694 -2.01
      vertex -7.1993067690150205 -9.435411483650705 2.01
      vertex -7.1993067690150205 -9.435411483650705 -2.01
    endloop
  endfacet
  facet normal -0.9373777405525252 0.34831447216078015 0
    outer loop
      vertex -7.1993067690150205 -9.435411483650705 -2.01
      vertex -7.147078055995113 -9.294854495883719 2.01
      vertex -7.147078055995113 -9.294854495883719 -2.01
    endloop
  endfacet
  facet normal -0.921601901838585 0.38813648955941105 0
    outer loop
      vertex -7.147078055995113 -9.294854495883719 -2.01
      vertex -7.098139562336474 -9.178653597379911 2.01
      vertex -7.098139562336474 -9.178653597379911 -2.01
    endloop
  endfacet
  facet normal -0.9045253290241523 0.4264198976991446 0
    outer loop
      vertex -7.098139562336474 -9.178653597379911 -2.01
      vertex -7.0538000735147435 -9.084600315786718 2.01
      vertex -7.0538000735147435 -9.084600315786718 -2.01
    endloop
  endfacet
  facet normal -0.8862184093485702 0.46326766661584534 0
    outer loop
      vertex -7.0538000735147435 -9.084600315786718 -2.01
      vertex -7.015217310682609 -9.0107925429388 2.01
      vertex -7.015217310682609 -9.0107925429388 -2.01
    endloop
  endfacet
  facet normal 0 0 -1
    outer loop
      vertex -11.378588892795285 -7.473896709843564 -2.01
      vertex -12.38026377160584 -6.536747572594793 -2.01
      vertex -12.161878858326373 -6.117198689298046 -2.01
    endloop
  endfacet
  facet normal 0 0 -1
    outer loop
      vertex -10.967090749022153 -7.46805290088507 -2.01
      vertex -12.161878858326373 -6.117198689298046 -2.01
      vertex -11.95106890192611 -5.763752742850626 -2.01
    endloop
  endfacet
  facet normal 0 0 -1
    outer loop
      vertex -10.609376804240272 -7.443274182732051 -2.01
      vertex -11.95106890192611 -5.763752742850626 -2.01
      vertex -11.7507529374611 -5.466352744817694 -2.01
    endloop
  endfacet
  facet normal 0 0 -1
    outer loop
      vertex -10.967090749022153 -7.46805290088507 -2.01
      vertex -11.95106890192611 -5.763752742850626 -2.01
      vertex -10.609376804240272 -7.443274182732051 -2.01
    endloop
  endfacet
  facet normal 0 0 -1
    outer loop
      vertex -10.609376804240272 -7.443274182732051 -2.01
      vertex -11.7507529374611 -5.466352744817694 -2.01
      vertex -10.29916235516164 -7.405370401405083 -2.01
    endloop
  endfacet
  facet normal 0 0 -1
    outer loop
      vertex -10.29916235516164 -7.405370401405083 -2.01
      vertex -11.388457112684387 -5.0076950259863455 -2.01
      vertex -10.031019660758142 -7.358845655800616 -2.01
    endloop
  endfacet
  facet normal 0 0 -1
    outer loop
      vertex -10.29916235516164 -7.405370401405083 -2.01
      vertex -11.7507529374611 -5.466352744817694 -2.01
      vertex -11.562820073432004 -5.216651028193515 -2.01
    endloop
  endfacet
  facet normal 0 0 -1
    outer loop
      vertex -10.29916235516164 -7.405370401405083 -2.01
      vertex -11.562820073432004 -5.216651028193515 -2.01
      vertex -11.388457112684387 -5.0076950259863455 -2.01
    endloop
  endfacet
  facet normal 0 0 -1
    outer loop
      vertex -9.800271112259107 -7.307225034412644 -2.01
      vertex -11.388457112684387 -5.0076950259863455 -2.01
      vertex -11.228378067062483 -4.83367122675765 -2.01
    endloop
  endfacet
  facet normal 0 0 -1
    outer loop
      vertex -9.800271112259107 -7.307225034412644 -2.01
      vertex -11.228378067062483 -4.83367122675765 -2.01
      vertex -11.082986046733726 -4.689697241687792 -2.01
    endloop
  endfacet
  facet normal 0 0 -1
    outer loop
      vertex -9.602889978599906 -7.253298849275298 -2.01
      vertex -11.082986046733726 -4.689697241687792 -2.01
      vertex -10.952488297759903 -4.571652653939683 -2.01
    endloop
  endfacet
  facet normal 0 0 -1
    outer loop
      vertex -13.9899967205676 -0.529142430285461 -2.01
      vertex -13.591095393258387 0.7832899608201025 -2.01
      vertex -13.591095396513897 -0.7832899655474392 -2.01
    endloop
  endfacet
  facet normal 0 0 -1
    outer loop
      vertex -13.231805642433887 -0.983978155139712 -2.01
      vertex -13.591095396513897 -0.7832899655474392 -2.01
      vertex -13.591095393258387 0.7832899608201025 -2.01
    endloop
  endfacet
  facet normal 0 0 -1
    outer loop
      vertex -13.231805642433887 -0.983978155139712 -2.01
      vertex -13.231805639036676 0.9839781533994242 -2.01
      vertex -12.909626922128934 -1.1413761245799858 -2.01
    endloop
  endfacet
  facet normal 0 0 -1
    outer loop
      vertex -12.909626922128934 -1.1413761245799858 -2.01
      vertex -12.909626925455262 1.1413761265983622 -2.01
      vertex -12.622021439729945 -1.2636577160829374 -2.01
    endloop
  endfacet
  facet normal 0 0 -1
    outer loop
      vertex -12.36654067817886 -1.3574374515988403 -2.01
      vertex -12.36654068124781 1.3574374484364613 -2.01
      vertex -12.140896260693866 -1.4281069558268669 -2.01
    endloop
  endfacet
  facet normal 0 0 -1
    outer loop
      vertex -12.36654067817886 -1.3574374515988403 -2.01
      vertex -12.622021439729945 -1.2636577160829374 -2.01
      vertex -12.36654068124781 1.3574374484364613 -2.01
    endloop
  endfacet
  facet normal 0 0 -1
    outer loop
      vertex -12.140896260693866 -1.4281069558268669 -2.01
      vertex -11.942996091556337 1.4800960749570298 -2.01
      vertex -11.942996092095543 -1.4800960763250368 -2.01
    endloop
  endfacet
  facet normal 0 0 -1
    outer loop
      vertex -11.942996092095543 -1.4800960763250368 -2.01
      vertex -11.770959422954704 1.517076814109198 -2.01
      vertex -11.770959423658644 -1.5170768156618863 -2.01
    endloop
  endfacet
  facet normal 0 0 -1
    outer loop
      vertex -11.623119145876654 -1.54212391330155 -2.01
      vertex -11.770959423658644 -1.5170768156618863 -2.01
      vertex -11.623119144188552 1.5421239089969847 -2.01
    endloop
  endfacet
  facet normal 0 0 -1
    outer loop
      vertex -11.623119145876654 -1.54212391330155 -2.01
      vertex -11.623119144188552 1.5421239089969847 -2.01
      vertex -11.498016966533202 -1.5578423812814544 -2.01
    endloop
  endfacet
  facet normal 0 0 -1
    outer loop
      vertex -11.498016966533202 -1.5578423812814544 -2.01
      vertex -11.498016967001927 1.5578423799891665 -2.01
      vertex -11.394394696433732 -1.5664699005299703 -2.01
    endloop
  endfacet
  facet normal 0 0 -1
    outer loop
      vertex -11.394394696433732 -1.5664699005299703 -2.01
      vertex -11.394394695277668 1.56646990062192 -2.01
      vertex -11.311183913301427 -1.569960131907337 -2.01
    endloop
  endfacet
  facet normal 0 0 -1
    outer loop
      vertex -11.311183913301427 -1.569960131907337 -2.01
      vertex -11.247495277028309 1.5700515661485368 -2.01
      vertex -11.2474952771096 -1.5700515709614224 -2.01
    endloop
  endfacet
  facet normal 0 0 -1
    outer loop
      vertex -11.2474952771096 -1.5700515709614224 -2.01
      vertex -11.247495277028309 1.5700515661485368 -2.01
      vertex -11.20260830157664 -1.568325647973662 -2.01
    endloop
  endfacet
  facet normal 0 0 -1
    outer loop
      vertex -11.20260830157664 -1.568325647973662 -2.01
      vertex -11.202608303610065 1.5683256417979137 -2.01
      vertex -11.175962028263243 -1.5662569899912537 -2.01
    endloop
  endfacet
  facet normal 0 0 -1
    outer loop
      vertex -11.175962028263243 -1.5662569899912537 -2.01
      vertex -11.1759620301749 1.5662569863626932 -2.01
      vertex -11.167146747550635 -1.5652582697321133 -2.01
    endloop
  endfacet
  facet normal 0 0 -1
    outer loop
      vertex -10.031019660758142 -7.358845655800616 -2.01
      vertex -11.388457112684387 -5.0076950259863455 -2.01
      vertex -9.800271112259107 -7.307225034412644 -2.01
    endloop
  endfacet
  facet normal 0 0 -1
    outer loop
      vertex -9.800271112259107 -7.307225034412644 -2.01
      vertex -11.082986046733726 -4.689697241687792 -2.01
      vertex -9.602889978599906 -7.253298849275298 -2.01
    endloop
  endfacet
  facet normal 0 0 -1
    outer loop
      vertex -9.602889978599906 -7.253298849275298 -2.01
      vertex -10.952488297759903 -4.571652653939683 -2.01
      vertex -9.435411477300816 -7.1993067776159965 -2.01
    endloop
  endfacet
  facet normal 0 0 -1
    outer loop
      vertex -9.435411477300816 -7.1993067776159965 -2.01
      vertex -10.952488297759903 -4.571652653939683 -2.01
      vertex -9.294854492757015 -7.147078056475009 -2.01
    endloop
  endfacet
  facet normal 0 0 -1
    outer loop
      vertex -9.294854492757015 -7.147078056475009 -2.01
      vertex -10.836978404880703 -4.476041088193439 -2.01
      vertex -9.17865359884545 -7.098139560047916 -2.01
    endloop
  endfacet
  facet normal 0 0 -1
    outer loop
      vertex -9.17865359884545 -7.098139560047916 -2.01
      vertex -10.65107021640864 -4.340594621762927 -2.01
      vertex -9.084600317601176 -7.053800079910829 -2.01
    endloop
  endfacet
  facet normal 0 0 -1
    outer loop
      vertex -9.294854492757015 -7.147078056475009 -2.01
      vertex -10.952488297759903 -4.571652653939683 -2.01
      vertex -10.836978404880703 -4.476041088193439 -2.01
    endloop
  endfacet
  facet normal 0 0 -1
    outer loop
      vertex -9.17865359884545 -7.098139560047916 -2.01
      vertex -10.836978404880703 -4.476041088193439 -2.01
      vertex -10.736495977369078 -4.399877404665453 -2.01
    endloop
  endfacet
  facet normal 0 0 -1
    outer loop
      vertex -9.17865359884545 -7.098139560047916 -2.01
      vertex -10.736495977369078 -4.399877404665453 -2.01
      vertex -10.65107021640864 -4.340594621762927 -2.01
    endloop
  endfacet
  facet normal 0 0 -1
    outer loop
      vertex -9.084600317601176 -7.053800079910829 -2.01
      vertex -10.65107021640864 -4.340594621762927 -2.01
      vertex -9.010792547338259 -7.015217314918048 -2.01
    endloop
  endfacet
  facet normal 0 0 -1
    outer loop
      vertex -9.010792547338259 -7.015217314918048 -2.01
      vertex -10.525642421785957 -4.264043093318987 -2.01
      vertex -8.955590850967816 -6.983452185575423 -2.01
    endloop
  endfacet
  facet normal 0 0 -1
    outer loop
      vertex -10.525642421785957 -4.264043093318987 -2.01
      vertex -8.917580557325307 -6.95951400520617 -2.01
      vertex -8.955590850967816 -6.983452185575423 -2.01
    endloop
  endfacet
  facet normal 0 0 -1
    outer loop
      vertex -8.917580557325307 -6.95951400520617 -2.01
      vertex -10.48590620005346 -4.243094305531217 -2.01
      vertex -8.89553853213756 -6.944399354029855 -2.01
    endloop
  endfacet
  facet normal 0 0 -1
    outer loop
      vertex -8.89553853213756 -6.944399354029855 -2.01
      vertex -10.453661904747587 -4.22801995188742 -2.01
      vertex -8.88840364042695 -6.939126802017164 -2.01
    endloop
  endfacet
  facet normal 0 0 -1
    outer loop
      vertex -8.88840364042695 -6.939126802017164 -2.01
      vertex -10.453661904747587 -4.22801995188742 -2.01
      vertex -7.614432774893081 -5.944544904446308 -2.01
    endloop
  endfacet
  facet normal 0 0 -1
    outer loop
      vertex -9.010792547338259 -7.015217314918048 -2.01
      vertex -10.65107021640864 -4.340594621762927 -2.01
      vertex -10.580752675509462 -4.295966595333375 -2.01
    endloop
  endfacet
  facet normal 0 0 -1
    outer loop
      vertex -9.010792547338259 -7.015217314918048 -2.01
      vertex -10.580752675509462 -4.295966595333375 -2.01
      vertex -10.525642421785957 -4.264043093318987 -2.01
    endloop
  endfacet
  facet normal 0 0 -1
    outer loop
      vertex -10.525642421785957 -4.264043093318987 -2.01
      vertex -10.48590620005346 -4.243094305531217 -2.01
      vertex -8.917580557325307 -6.95951400520617 -2.01
    endloop
  endfacet
  facet normal 0 0 -1
    outer loop
      vertex -8.89553853213756 -6.944399354029855 -2.01
      vertex -10.48590620005346 -4.243094305531217 -2.01
      vertex -10.461795523005371 -4.231562675732643 -2.01
    endloop
  endfacet
  facet normal 0 0 -1
    outer loop
      vertex -8.89553853213756 -6.944399354029855 -2.01
      vertex -10.461795523005371 -4.231562675732643 -2.01
      vertex -10.453661904747587 -4.22801995188742 -2.01
    endloop
  endfacet
  facet normal 0 0 -1
    outer loop
      vertex -10.453661904747587 -4.22801995188742 -2.01
      vertex -8.951850645656542 -3.620607158807834 -2.01
      vertex -7.614432774893081 -5.944544904446308 -2.01
    endloop
  endfacet
  facet normal 0 0 -1
    outer loop
      vertex -7.110344974104885 -6.548850188323191 -2.01
      vertex -7.614432774893081 -5.944544904446308 -2.01
      vertex -6.4523009332231975 -5.94277104513032 -2.01
    endloop
  endfacet
  facet normal 0 0 -1
    outer loop
      vertex -7.614432774893081 -5.944544904446308 -2.01
      vertex -7.003724759335659 -5.281718887615584 -2.01
      vertex -6.4523009332231975 -5.94277104513032 -2.01
    endloop
  endfacet
  facet normal 0 0 -1
    outer loop
      vertex -7.614432774893081 -5.944544904446308 -2.01
      vertex -7.4876988977189045 -4.5698008977209685 -2.01
      vertex -7.003724759335659 -5.281718887615584 -2.01
    endloop
  endfacet
  facet normal 0 0 -1
    outer loop
      vertex -8.951850645656542 -3.620607158807834 -2.01
      vertex -7.4876988977189045 -4.5698008977209685 -2.01
      vertex -7.614432774893081 -5.944544904446308 -2.01
    endloop
  endfacet
  facet normal 0 0 -1
    outer loop
      vertex -8.951850645656542 -3.620607158807834 -2.01
      vertex -7.8995623954795455 -3.8138732208294464 -2.01
      vertex -7.4876988977189045 -4.5698008977209685 -2.01
    endloop
  endfacet
  facet normal 0 0 -1
    outer loop
      vertex -8.951850645656542 -3.620607158807834 -2.01
      vertex -9.075238655048832 -3.3293374353135006 -2.01
      vertex -8.235348792456673 -3.0212158648778136 -2.01
    endloop
  endfacet
  facet normal 0 0 -1
    outer loop
      vertex -9.075238655048832 -3.3293374353135006 -2.01
      vertex -9.357871033903738 -2.4237768218992017 -2.01
      vertex -8.491824272299358 -2.199462546171655 -2.01
    endloop
  endfacet
  facet normal 0 0 -1
    outer loop
      vertex -9.357871033903738 -2.4237768218992017 -2.01
      vertex -9.550382003356575 -1.4948739185549327 -2.01
      vertex -8.666518845958516 -1.3565272009052167 -2.01
    endloop
  endfacet
  facet normal 0 0 -1
    outer loop
      vertex -9.357871033903738 -2.4237768218992017 -2.01
      vertex -8.666518845958516 -1.3565272009052167 -2.01
      vertex -8.491824272299358 -2.199462546171655 -2.01
    endloop
  endfacet
  facet normal 0 0 -1
    outer loop
      vertex -11.167146747550635 -1.5652582697321133 -2.01
      vertex -9.573084751205782 1.3418244082818425 -2.01
      vertex -9.56678787626529 -1.340941795260356 -2.01
    endloop
  endfacet
  facet normal 0 0 -1
    outer loop
      vertex -9.550382003356575 -1.4948739185549327 -2.01
      vertex -9.56678787626529 -1.340941795260356 -2.01
      vertex -8.666518845958516 -1.3565272009052167 -2.01
    endloop
  endfacet
  facet normal 0 0 -1
    outer loop
      vertex -9.56678787626529 -1.340941795260356 -2.01
      vertex -8.757750109773557 -0.5005277607194869 -2.01
      vertex -8.666518845958516 -1.3565272009052167 -2.01
    endloop
  endfacet
  facet normal 0 0 -1
    outer loop
      vertex -9.56678787626529 -1.340941795260356 -2.01
      vertex -8.764639445464397 0.36029203676153543 -2.01
      vertex -8.757750109773557 -0.5005277607194869 -2.01
    endloop
  endfacet
  facet normal 0 0 -1
    outer loop
      vertex -8.951850645656542 -3.620607158807834 -2.01
      vertex -8.235348792456673 -3.0212158648778136 -2.01
      vertex -7.8995623954795455 -3.8138732208294464 -2.01
    endloop
  endfacet
  facet normal 0 0 -1
    outer loop
      vertex -9.075238655048832 -3.3293374353135006 -2.01
      vertex -8.491824272299358 -2.199462546171655 -2.01
      vertex -8.235348792456673 -3.0212158648778136 -2.01
    endloop
  endfacet
  facet normal -0.86602540635962 -0.49999999553965513 0
    outer loop
      vertex -11.851121346115765 -7.453249148884934 -2.01
      vertex -12.38026377160584 -6.536747572594793 2.01
      vertex -12.38026377160584 -6.536747572594793 -2.01
    endloop
  endfacet
  facet normal -0.8870267759020782 0.46171798625650723 0
    outer loop
      vertex -12.38026377160584 -6.536747572594793 -2.01
      vertex -12.161878858326373 -6.117198689298046 2.01
      vertex -12.161878858326373 -6.117198689298046 -2.01
    endloop
  endfacet
  facet normal -0.8588381595111367 0.5122470261187693 0
    outer loop
      vertex -12.161878858326373 -6.117198689298046 -2.01
      vertex -11.95106890192611 -5.763752742850626 2.01
      vertex -11.95106890192611 -5.763752742850626 -2.01
    endloop
  endfacet
  facet normal -0.8294031104696526 0.5586505887791271 0
    outer loop
      vertex -11.95106890192611 -5.763752742850626 -2.01
      vertex -11.7507529374611 -5.466352744817694 2.01
      vertex -11.7507529374611 -5.466352744817694 -2.01
    endloop
  endfacet
  facet normal -0.7989904379604564 0.6013437287007807 0
    outer loop
      vertex -11.7507529374611 -5.466352744817694 -2.01
      vertex -11.562820073432004 -5.216651028193515 2.01
      vertex -11.562820073432004 -5.216651028193515 -2.01
    endloop
  endfacet
  facet normal -0.767800130965981 0.6406894402818126 0
    outer loop
      vertex -11.562820073432004 -5.216651028193515 -2.01
      vertex -11.388457112684387 -5.0076950259863455 2.01
      vertex -11.388457112684387 -5.0076950259863455 -2.01
    endloop
  endfacet
  facet normal -0.7359791601801219 0.67700419184859 0
    outer loop
      vertex -11.388457112684387 -5.0076950259863455 -2.01
      vertex -11.228378067062483 -4.83367122675765 2.01
      vertex -11.228378067062483 -4.83367122675765 -2.01
    endloop
  endfacet
  facet normal -0.7036331626156669 0.710563419032724 0
    outer loop
      vertex -11.228378067062483 -4.83367122675765 -2.01
      vertex -11.082986046733726 -4.689697241687792 2.01
      vertex -11.082986046733726 -4.689697241687792 -2.01
    endloop
  endfacet
  facet normal -0.6708358100314914 0.7416059034146052 0
    outer loop
      vertex -11.082986046733726 -4.689697241687792 -2.01
      vertex -10.952488297759903 -4.571652653939683 2.01
      vertex -10.952488297759903 -4.571652653939683 -2.01
    endloop
  endfacet
  facet normal -0.6376356788631705 0.7703380693180778 0
    outer loop
      vertex -10.952488297759903 -4.571652653939683 -2.01
      vertex -10.836978404880703 -4.476041088193439 2.01
      vertex -10.836978404880703 -4.476041088193439 -2.01
    endloop
  endfacet
  facet normal -0.6040624177528329 0.7969370084634054 0
    outer loop
      vertex -10.836978404880703 -4.476041088193439 -2.01
      vertex -10.736495977369078 -4.399877404665453 2.01
      vertex -10.736495977369078 -4.399877404665453 -2.01
    endloop
  endfacet
  facet normal -0.5701319554007546 0.8215531348798517 0
    outer loop
      vertex -10.736495977369078 -4.399877404665453 -2.01
      vertex -10.65107021640864 -4.340594621762927 2.01
      vertex -10.65107021640864 -4.340594621762927 -2.01
    endloop
  endfacet
  facet normal -0.535853826550829 0.8443107701378884 0
    outer loop
      vertex -10.65107021640864 -4.340594621762927 -2.01
      vertex -10.580752675509462 -4.295966595333375 2.01
      vertex -10.580752675509462 -4.295966595333375 -2.01
    endloop
  endfacet
  facet normal -0.5012428237643265 0.8653066691207023 0
    outer loop
      vertex -10.580752675509462 -4.295966595333375 -2.01
      vertex -10.525642421785957 -4.264043093318987 2.01
      vertex -10.525642421785957 -4.264043093318987 -2.01
    endloop
  endfacet
  facet normal -0.46635623864074977 0.8845970035450337 0
    outer loop
      vertex -10.525642421785957 -4.264043093318987 -2.01
      vertex -10.48590620005346 -4.243094305531217 2.01
      vertex -10.48590620005346 -4.243094305531217 -2.01
    endloop
  endfacet
  facet normal -0.4389588574011914 -0.898507162747766 0
    outer loop
      vertex -13.231805642433887 -0.983978155139712 -2.01
      vertex -12.909626922128934 -1.1413761245799858 -2.01
      vertex -13.231805642433887 -0.983978155139712 2.01
    endloop
  endfacet
  facet normal -0.5373287301846159 -0.8433728924492346 0
    outer loop
      vertex -13.9899967205676 -0.529142430285461 -2.01
      vertex -13.591095396513897 -0.7832899655474392 -2.01
      vertex -13.9899967205676 -0.529142430285461 2.01
    endloop
  endfacet
  facet normal -0.4876521461733889 -0.8730380199810819 0
    outer loop
      vertex -13.231805642433887 -0.983978155139712 -2.01
      vertex -13.591095396513897 -0.7832899655474392 2.01
      vertex -13.591095396513897 -0.7832899655474392 -2.01
    endloop
  endfacet
  facet normal -0.39127414677780886 -0.9202741667912328 0
    outer loop
      vertex -12.909626922128934 -1.1413761245799858 -2.01
      vertex -12.622021439729945 -1.2636577160829374 -2.01
      vertex -12.909626922128934 -1.1413761245799858 2.01
    endloop
  endfacet
  facet normal -0.29887454092665033 -0.9542924126209346 0
    outer loop
      vertex -12.36654067817886 -1.3574374515988403 -2.01
      vertex -12.140896260693866 -1.4281069558268669 -2.01
      vertex -12.36654067817886 -1.3574374515988403 2.01
    endloop
  endfacet
  facet normal -0.3445897214570095 -0.9387533882049004 0
    outer loop
      vertex -12.36654067817886 -1.3574374515988403 -2.01
      vertex -12.622021439729945 -1.2636577160829374 2.01
      vertex -12.622021439729945 -1.2636577160829374 -2.01
    endloop
  endfacet
  facet normal -0.2540825023567514 -0.9671825484344366 0
    outer loop
      vertex -12.140896260693866 -1.4281069558268669 -2.01
      vertex -11.942996092095543 -1.4800960763250368 -2.01
      vertex -12.140896260693866 -1.4281069558268669 2.01
    endloop
  endfacet
  facet normal -0.21015790241638327 -0.9776674567826966 0
    outer loop
      vertex -11.942996092095543 -1.4800960763250368 -2.01
      vertex -11.770959423658644 -1.5170768156618863 -2.01
      vertex -11.942996092095543 -1.4800960763250368 2.01
    endloop
  endfacet
  facet normal -0.16703966408989168 -0.98595017654075 0
    outer loop
      vertex -11.623119145876654 -1.54212391330155 -2.01
      vertex -11.770959423658644 -1.5170768156618863 2.01
      vertex -11.770959423658644 -1.5170768156618863 -2.01
    endloop
  endfacet
  facet normal -0.12466486856750564 -0.9921989067445331 0
    outer loop
      vertex -11.623119145876654 -1.54212391330155 -2.01
      vertex -11.498016966533202 -1.5578423812814544 -2.01
      vertex -11.623119145876654 -1.54212391330155 2.01
    endloop
  endfacet
  facet normal -0.08297222543602827 -0.9965518600686032 0
    outer loop
      vertex -11.498016966533202 -1.5578423812814544 -2.01
      vertex -11.394394696433732 -1.5664699005299703 -2.01
      vertex -11.498016966533202 -1.5578423812814544 2.01
    endloop
  endfacet
  facet normal -0.041907611531628704 -0.9991214901580859 0
    outer loop
      vertex -11.394394696433732 -1.5664699005299703 -2.01
      vertex -11.311183913301427 -1.569960131907337 -2.01
      vertex -11.394394696433732 -1.5664699005299703 2.01
    endloop
  endfacet
  facet normal -0.0014357186040034999 -0.999998969355514 0
    outer loop
      vertex -11.311183913301427 -1.569960131907337 -2.01
      vertex -11.2474952771096 -1.5700515709614224 -2.01
      vertex -11.311183913301427 -1.569960131907337 2.01
    endloop
  endfacet
  facet normal 0.03842202661296886 -0.9992616013191702 0
    outer loop
      vertex -11.2474952771096 -1.5700515709614224 -2.01
      vertex -11.20260830157664 -1.568325647973662 -2.01
      vertex -11.2474952771096 -1.5700515709614224 2.01
    endloop
  endfacet
  facet normal 0.0774011453403361 -0.9970000314443346 0
    outer loop
      vertex -11.20260830157664 -1.568325647973662 -2.01
      vertex -11.175962028263243 -1.5662569899912537 -2.01
      vertex -11.20260830157664 -1.568325647973662 2.01
    endloop
  endfacet
  facet normal 0.11257403660157506 -0.9936433395757389 0
    outer loop
      vertex -11.175962028263243 -1.5662569899912537 -2.01
      vertex -11.167146747550635 -1.5652582697321133 -2.01
      vertex -11.175962028263243 -1.5662569899912537 2.01
    endloop
  endfacet
  facet normal 0.13880942321187156 -0.9903191122196862 0
    outer loop
      vertex -11.167146747550635 -1.5652582697321133 -2.01
      vertex -9.56678787626529 -1.340941795260356 -2.01
      vertex -11.167146747550635 -1.5652582697321133 2.01
    endloop
  endfacet
  facet normal 0.5329053029828921 -0.8461748862101216 0
    outer loop
      vertex -8.955590850967816 -6.983452185575423 -2.01
      vertex -8.917580557325307 -6.95951400520617 -2.01
      vertex -8.955590850967816 -6.983452185575423 2.01
    endloop
  endfacet
  facet normal 0.5655313998035357 -0.8247267643506263 0
    outer loop
      vertex -8.917580557325307 -6.95951400520617 -2.01
      vertex -8.89553853213756 -6.944399354029855 -2.01
      vertex -8.917580557325307 -6.95951400520617 2.01
    endloop
  endfacet
  facet normal 0.5943135273482336 -0.8042334432308199 0
    outer loop
      vertex -8.89553853213756 -6.944399354029855 -2.01
      vertex -8.88840364042695 -6.939126802017164 -2.01
      vertex -8.89553853213756 -6.944399354029855 2.01
    endloop
  endfacet
  facet normal -0.43146878690167656 0.9021278656208307 0
    outer loop
      vertex -10.48590620005346 -4.243094305531217 -2.01
      vertex -10.461795523005371 -4.231562675732643 2.01
      vertex -10.461795523005371 -4.231562675732643 -2.01
    endloop
  endfacet
  facet normal -0.39932970660247447 0.9168073873092327 0
    outer loop
      vertex -10.453661904747587 -4.22801995188742 -2.01
      vertex -10.461795523005371 -4.231562675732643 -2.01
      vertex -10.453661904747587 -4.22801995188742 2.01
    endloop
  endfacet
  facet normal -0.3749470715670227 0.9270462197341155 0
    outer loop
      vertex -10.453661904747587 -4.22801995188742 -2.01
      vertex -8.951850645656542 -3.620607158807834 2.01
      vertex -8.951850645656542 -3.620607158807834 -2.01
    endloop
  endfacet
  facet normal 0.6153720407545523 -0.7882367991013726 0
    outer loop
      vertex -8.88840364042695 -6.939126802017164 -2.01
      vertex -7.614432774893081 -5.944544904446308 -2.01
      vertex -8.88840364042695 -6.939126802017164 2.01
    endloop
  endfacet
  facet normal -0.7679086734086868 -0.6405593409698362 0
    outer loop
      vertex -7.110344974104885 -6.548850188323191 -2.01
      vertex -7.614432774893081 -5.944544904446308 2.01
      vertex -7.614432774893081 -5.944544904446308 -2.01
    endloop
  endfacet
  facet normal -0.9545865502186189 -0.29793374790667154 0
    outer loop
      vertex -9.075238655048832 -3.3293374353135006 -2.01
      vertex -9.357871033903738 -2.4237768218992017 2.01
      vertex -9.357871033903738 -2.4237768218992017 -2.01
    endloop
  endfacet
  facet normal -0.9207873358553506 -0.3900649716757528 0
    outer loop
      vertex -8.951850645656542 -3.620607158807834 -2.01
      vertex -9.075238655048832 -3.3293374353135006 2.01
      vertex -9.075238655048832 -3.3293374353135006 -2.01
    endloop
  endfacet
  facet normal -0.9791925678550603 -0.20293327735345285 0
    outer loop
      vertex -9.357871033903738 -2.4237768218992017 -2.01
      vertex -9.550382003356575 -1.4948739185549327 2.01
      vertex -9.550382003356575 -1.4948739185549327 -2.01
    endloop
  endfacet
  facet normal -0.9943684307285947 -0.10597841275633414 0
    outer loop
      vertex -9.550382003356575 -1.4948739185549327 -2.01
      vertex -9.56678787626529 -1.340941795260356 2.01
      vertex -9.56678787626529 -1.340941795260356 -2.01
    endloop
  endfacet
  facet normal 0 0 -1
    outer loop
      vertex -7.453249146967757 -11.851121338356107 -2.01
      vertex -6.117198686670332 -12.161878858342725 -2.01
      vertex -6.536747571682665 -12.380263776401227 -2.01
    endloop
  endfacet
  facet normal 0 0 -1
    outer loop
      vertex -7.46805289618605 -10.967090748526687 -2.01
      vertex -5.763752741548819 -11.951068904161865 -2.01
      vertex -6.117198686670332 -12.161878858342725 -2.01
    endloop
  endfacet
  facet normal 0 0 -1
    outer loop
      vertex -7.46805289618605 -10.967090748526687 -2.01
      vertex -5.466352739396885 -11.750752928820258 -2.01
      vertex -5.763752741548819 -11.951068904161865 -2.01
    endloop
  endfacet
  facet normal 0 0 -1
    outer loop
      vertex -7.46805289618605 -10.967090748526687 -2.01
      vertex -7.443274180637568 -10.609376810862738 -2.01
      vertex -5.466352739396885 -11.750752928820258 -2.01
    endloop
  endfacet
  facet normal 0 0 -1
    outer loop
      vertex -7.443274180637568 -10.609376810862738 -2.01
      vertex -7.405370409289919 -10.299162351619108 -2.01
      vertex -5.216651038324863 -11.562820071244577 -2.01
    endloop
  endfacet
  facet normal 0 0 -1
    outer loop
      vertex -7.405370409289919 -10.299162351619108 -2.01
      vertex -7.358845655261466 -10.031019664247927 -2.01
      vertex -5.216651038324863 -11.562820071244577 -2.01
    endloop
  endfacet
  facet normal 0 0 -1
    outer loop
      vertex -7.443274180637568 -10.609376810862738 -2.01
      vertex -5.216651038324863 -11.562820071244577 -2.01
      vertex -5.466352739396885 -11.750752928820258 -2.01
    endloop
  endfacet
  facet normal 0 0 -1
    outer loop
      vertex -7.358845655261466 -10.031019664247927 -2.01
      vertex -5.0076950223782415 -11.388457112356983 -2.01
      vertex -5.216651038324863 -11.562820071244577 -2.01
    endloop
  endfacet
  facet normal 0 0 -1
    outer loop
      vertex -7.307225031974913 -9.800271109189435 -2.01
      vertex -4.833671226281223 -11.228378068085975 -2.01
      vertex -5.0076950223782415 -11.388457112356983 -2.01
    endloop
  endfacet
  facet normal 0 0 -1
    outer loop
      vertex -7.307225031974913 -9.800271109189435 -2.01
      vertex -4.689697242820243 -11.082986054924943 -2.01
      vertex -4.833671226281223 -11.228378068085975 -2.01
    endloop
  endfacet
  facet normal 0 0 -1
    outer loop
      vertex -7.358845655261466 -10.031019664247927 -2.01
      vertex -7.307225031974913 -9.800271109189435 -2.01
      vertex -5.0076950223782415 -11.388457112356983 -2.01
    endloop
  endfacet
  facet normal 0 0 -1
    outer loop
      vertex -7.307225031974913 -9.800271109189435 -2.01
      vertex -7.2532988498685445 -9.602889971776694 -2.01
      vertex -4.689697242820243 -11.082986054924943 -2.01
    endloop
  endfacet
  facet normal 0 0 -1
    outer loop
      vertex -7.2532988498685445 -9.602889971776694 -2.01
      vertex -7.1993067690150205 -9.435411483650705 -2.01
      vertex -4.689697242820243 -11.082986054924943 -2.01
    endloop
  endfacet
  facet normal 0 0 -1
    outer loop
      vertex -7.1993067690150205 -9.435411483650705 -2.01
      vertex -7.147078055995113 -9.294854495883719 -2.01
      vertex -4.476041089401646 -10.836978406058565 -2.01
    endloop
  endfacet
  facet normal 0 0 -1
    outer loop
      vertex -7.147078055995113 -9.294854495883719 -2.01
      vertex -7.098139562336474 -9.178653597379911 -2.01
      vertex -4.476041089401646 -10.836978406058565 -2.01
    endloop
  endfacet
  facet normal 0 0 -1
    outer loop
      vertex -7.098139562336474 -9.178653597379911 -2.01
      vertex -7.0538000735147435 -9.084600315786718 -2.01
      vertex -4.399877406485285 -10.736495980126906 -2.01
    endloop
  endfacet
  facet normal 0 0 -1
    outer loop
      vertex -7.0538000735147435 -9.084600315786718 -2.01
      vertex -7.015217310682609 -9.0107925429388 -2.01
      vertex -4.29596659838338 -10.580752679245595 -2.01
    endloop
  endfacet
  facet normal 0 0 -1
    outer loop
      vertex -7.1993067690150205 -9.435411483650705 -2.01
      vertex -4.571652646042648 -10.952488292962704 -2.01
      vertex -4.689697242820243 -11.082986054924943 -2.01
    endloop
  endfacet
  facet normal 0 0 -1
    outer loop
      vertex -7.1993067690150205 -9.435411483650705 -2.01
      vertex -4.476041089401646 -10.836978406058565 -2.01
      vertex -4.571652646042648 -10.952488292962704 -2.01
    endloop
  endfacet
  facet normal 0 0 -1
    outer loop
      vertex -7.098139562336474 -9.178653597379911 -2.01
      vertex -4.399877406485285 -10.736495980126906 -2.01
      vertex -4.476041089401646 -10.836978406058565 -2.01
    endloop
  endfacet
  facet normal 0 0 -1
    outer loop
      vertex -7.0538000735147435 -9.084600315786718 -2.01
      vertex -4.340594616522904 -10.651070218131146 -2.01
      vertex -4.399877406485285 -10.736495980126906 -2.01
    endloop
  endfacet
  facet normal 0 0 -1
    outer loop
      vertex -7.015217310682609 -9.0107925429388 -2.01
      vertex -6.983452183709321 -8.95559085563742 -2.01
      vertex -4.29596659838338 -10.580752679245595 -2.01
    endloop
  endfacet
  facet normal 0 0 -1
    outer loop
      vertex -6.983452183709321 -8.95559085563742 -2.01
      vertex -6.9595139980788465 -8.917580558255546 -2.01
      vertex -4.243094296370471 -10.485906205298969 -2.01
    endloop
  endfacet
  facet normal 0 0 -1
    outer loop
      vertex -6.9595139980788465 -8.917580558255546 -2.01
      vertex -6.944399354442256 -8.895538536642677 -2.01
      vertex -4.231562674233388 -10.461795522128813 -2.01
    endloop
  endfacet
  facet normal 0 0 -1
    outer loop
      vertex -6.944399354442256 -8.895538536642677 -2.01
      vertex -6.939126802053124 -8.88840363380045 -2.01
      vertex -4.22801994553347 -10.453661910159065 -2.01
    endloop
  endfacet
  facet normal 0 0 -1
    outer loop
      vertex -6.939126802053124 -8.88840363380045 -2.01
      vertex -5.942226494553568 -7.611463096407785 -2.01
      vertex -4.22801994553347 -10.453661910159065 -2.01
    endloop
  endfacet
  facet normal 0 0 -1
    outer loop
      vertex -6.434207150238592 -7.214251369843425 -2.01
      vertex -5.838737913996498 -6.546591063774667 -2.01
      vertex -5.942226494553568 -7.611463096407785 -2.01
    endloop
  endfacet
  facet normal 0 0 -1
    outer loop
      vertex -5.942226494553568 -7.611463096407785 -2.01
      vertex -5.838737913996498 -6.546591063774667 -2.01
      vertex -5.168944662562453 -7.087363833681329 -2.01
    endloop
  endfacet
  facet normal 0 0 -1
    outer loop
      vertex -7.0538000735147435 -9.084600315786718 -2.01
      vertex -4.29596659838338 -10.580752679245595 -2.01
      vertex -4.340594616522904 -10.651070218131146 -2.01
    endloop
  endfacet
  facet normal 0 0 -1
    outer loop
      vertex -4.29596659838338 -10.580752679245595 -2.01
      vertex -6.983452183709321 -8.95559085563742 -2.01
      vertex -4.264043091534178 -10.52564242192924 -2.01
    endloop
  endfacet
  facet normal 0 0 -1
    outer loop
      vertex -4.264043091534178 -10.52564242192924 -2.01
      vertex -6.983452183709321 -8.95559085563742 -2.01
      vertex -4.243094296370471 -10.485906205298969 -2.01
    endloop
  endfacet
  facet normal 0 0 -1
    outer loop
      vertex -6.9595139980788465 -8.917580558255546 -2.01
      vertex -4.231562674233388 -10.461795522128813 -2.01
      vertex -4.243094296370471 -10.485906205298969 -2.01
    endloop
  endfacet
  facet normal 0 0 -1
    outer loop
      vertex -6.944399354442256 -8.895538536642677 -2.01
      vertex -4.22801994553347 -10.453661910159065 -2.01
      vertex -4.231562674233388 -10.461795522128813 -2.01
    endloop
  endfacet
  facet normal 0 0 -1
    outer loop
      vertex -5.942226494553568 -7.611463096407785 -2.01
      vertex -3.6201227167478773 -8.950652904201275 -2.01
      vertex -4.22801994553347 -10.453661910159065 -2.01
    endloop
  endfacet
  facet normal 0 0 -1
    outer loop
      vertex -5.942226494553568 -7.611463096407785 -2.01
      vertex -4.449371644327583 -7.559881410067097 -2.01
      vertex -3.6201227167478773 -8.950652904201275 -2.01
    endloop
  endfacet
  facet normal 0 0 -1
    outer loop
      vertex -5.942226494553568 -7.611463096407785 -2.01
      vertex -5.168944662562453 -7.087363833681329 -2.01
      vertex -4.449371644327583 -7.559881410067097 -2.01
    endloop
  endfacet
  facet normal 0 0 -1
    outer loop
      vertex -3.6201227167478773 -8.950652904201275 -2.01
      vertex -4.449371644327583 -7.559881410067097 -2.01
      vertex -3.6869487459944263 -7.959593199313643 -2.01
    endloop
  endfacet
  facet normal 0 0 -1
    outer loop
      vertex -0.7832899608201025 -13.591095393258387 -2.01
      vertex 0.529142430285461 -13.9899967205676 -2.01
      vertex -0.5291424332497332 -13.989996719562551 -2.01
    endloop
  endfacet
  facet normal 0 0 -1
    outer loop
      vertex -0.9839781533994242 -13.231805639036676 -2.01
      vertex 0.983978155139712 -13.231805642433887 -2.01
      vertex -0.7832899608201025 -13.591095393258387 -2.01
    endloop
  endfacet
  facet normal 0 0 -1
    outer loop
      vertex -1.3574374484364613 -12.36654068124781 -2.01
      vertex 1.2636577160829374 -12.622021439729945 -2.01
      vertex -1.2636577218128955 -12.622021437483435 -2.01
    endloop
  endfacet
  facet normal 0 0 -1
    outer loop
      vertex -0.9839781533994242 -13.231805639036676 -2.01
      vertex -1.1413761265983622 -12.909626925455262 -2.01
      vertex 1.1413761245799858 -12.909626922128934 -2.01
    endloop
  endfacet
  facet normal 0 0 -1
    outer loop
      vertex -1.1413761265983622 -12.909626925455262 -2.01
      vertex -1.2636577218128955 -12.622021437483435 -2.01
      vertex 1.2636577160829374 -12.622021439729945 -2.01
    endloop
  endfacet
  facet normal 0 0 -1
    outer loop
      vertex -1.3574374484364613 -12.36654068124781 -2.01
      vertex -1.4281069578730479 -12.140896258732564 -2.01
      vertex 1.4281069558268669 -12.140896260693866 -2.01
    endloop
  endfacet
  facet normal 0 0 -1
    outer loop
      vertex -1.4281069578730479 -12.140896258732564 -2.01
      vertex -1.4800960749570298 -11.942996091556337 -2.01
      vertex 1.4281069558268669 -12.140896260693866 -2.01
    endloop
  endfacet
  facet normal 0 0 -1
    outer loop
      vertex -1.4800960749570298 -11.942996091556337 -2.01
      vertex -1.517076814109198 -11.770959422954704 -2.01
      vertex 1.4800960763250368 -11.942996092095543 -2.01
    endloop
  endfacet
  facet normal 0 0 -1
    outer loop
      vertex -1.5421239089969847 -11.623119144188552 -2.01
      vertex 1.5170768156618863 -11.770959423658644 -2.01
      vertex -1.517076814109198 -11.770959422954704 -2.01
    endloop
  endfacet
  facet normal 0 0 -1
    outer loop
      vertex -1.5421239089969847 -11.623119144188552 -2.01
      vertex -1.5578423799891665 -11.498016967001927 -2.01
      vertex 1.5578423812814544 -11.498016966533202 -2.01
    endloop
  endfacet
  facet normal 0 0 -1
    outer loop
      vertex -1.5578423799891665 -11.498016967001927 -2.01
      vertex -1.56646990062192 -11.394394695277668 -2.01
      vertex 1.5664699005299703 -11.394394696433732 -2.01
    endloop
  endfacet
  facet normal 0 0 -1
    outer loop
      vertex -1.56646990062192 -11.394394695277668 -2.01
      vertex -1.5699601325706627 -11.311183906015986 -2.01
      vertex 1.569960131907337 -11.311183913301427 -2.01
    endloop
  endfacet
  facet normal 0 0 -1
    outer loop
      vertex -1.5699601325706627 -11.311183906015986 -2.01
      vertex -1.5700515661485368 -11.247495277028309 -2.01
      vertex 1.569960131907337 -11.311183913301427 -2.01
    endloop
  endfacet
  facet normal 0 0 -1
    outer loop
      vertex -1.5700515661485368 -11.247495277028309 -2.01
      vertex -1.5683256417979137 -11.202608303610065 -2.01
      vertex 1.568325647973662 -11.20260830157664 -2.01
    endloop
  endfacet
  facet normal 0 0 -1
    outer loop
      vertex -1.5662569863626932 -11.1759620301749 -2.01
      vertex 1.5662569899912537 -11.175962028263243 -2.01
      vertex -1.5683256417979137 -11.202608303610065 -2.01
    endloop
  endfacet
  facet normal 0 0 -1
    outer loop
      vertex -1.5662569863626932 -11.1759620301749 -2.01
      vertex -1.5652582699129267 -11.167146746562093 -2.01
      vertex 1.5652582697321133 -11.167146747550635 -2.01
    endloop
  endfacet
  facet normal 0 0 -1
    outer loop
      vertex -1.5652582699129267 -11.167146746562093 -2.01
      vertex -1.3418244082818425 -9.573084751205782 -2.01
      vertex 1.5652582697321133 -11.167146747550635 -2.01
    endloop
  endfacet
  facet normal 0 0 -1
    outer loop
      vertex -3.6201227167478773 -8.950652904201275 -2.01
      vertex -2.8890185203535528 -8.282649757990722 -2.01
      vertex -3.183657812202251 -9.12736365713801 -2.01
    endloop
  endfacet
  facet normal 0 0 -1
    outer loop
      vertex -3.183657812202251 -9.12736365713801 -2.01
      vertex -2.8890185203535528 -8.282649757990722 -2.01
      vertex -2.2736895481999495 -9.395465946071933 -2.01
    endloop
  endfacet
  facet normal 0 0 -1
    outer loop
      vertex -2.2736895481999495 -9.395465946071933 -2.01
      vertex -2.06326546382168 -8.525939865290216 -2.01
      vertex -1.3418244082818425 -9.573084751205782 -2.01
    endloop
  endfacet
  facet normal 0 0 -1
    outer loop
      vertex -3.6201227167478773 -8.950652904201275 -2.01
      vertex -3.6869487459944263 -7.959593199313643 -2.01
      vertex -2.8890185203535528 -8.282649757990722 -2.01
    endloop
  endfacet
  facet normal 0 0 -1
    outer loop
      vertex -2.2736895481999495 -9.395465946071933 -2.01
      vertex -2.8890185203535528 -8.282649757990722 -2.01
      vertex -2.06326546382168 -8.525939865290216 -2.01
    endloop
  endfacet
  facet normal 0 0 -1
    outer loop
      vertex -2.06326546382168 -8.525939865290216 -2.01
      vertex -1.2176420294079815 -8.687120514582569 -2.01
      vertex -1.3418244082818425 -9.573084751205782 -2.01
    endloop
  endfacet
  facet normal 0 0 -1
    outer loop
      vertex -1.3418244082818425 -9.573084751205782 -2.01
      vertex -1.2176420294079815 -8.687120514582569 -2.01
      vertex -0.36029203676153543 -8.764639445464397 -2.01
    endloop
  endfacet
  facet normal 0 0 -1
    outer loop
      vertex -1.3418244082818425 -9.573084751205782 -2.01
      vertex -0.36029203676153543 -8.764639445464397 -2.01
      vertex 1.340941795260356 -9.56678787626529 -2.01
    endloop
  endfacet
  facet normal 0.4617179927209958 -0.8870267725371622 0
    outer loop
      vertex -6.536747571682665 -12.380263776401227 -2.01
      vertex -6.117198686670332 -12.161878858342725 -2.01
      vertex -6.536747571682665 -12.380263776401227 2.01
    endloop
  endfacet
  facet normal 0.5122470235583297 -0.8588381610382901 0
    outer loop
      vertex -6.117198686670332 -12.161878858342725 -2.01
      vertex -5.763752741548819 -11.951068904161865 -2.01
      vertex -6.117198686670332 -12.161878858342725 2.01
    endloop
  endfacet
  facet normal 0.5586506043230108 -0.8294030999999547 0
    outer loop
      vertex -5.763752741548819 -11.951068904161865 -2.01
      vertex -5.466352739396885 -11.750752928820258 -2.01
      vertex -5.763752741548819 -11.951068904161865 2.01
    endloop
  endfacet
  facet normal 0.6013437394281866 -0.7989904298866947 0
    outer loop
      vertex -5.466352739396885 -11.750752928820258 -2.01
      vertex -5.216651038324863 -11.562820071244577 -2.01
      vertex -5.466352739396885 -11.750752928820258 2.01
    endloop
  endfacet
  facet normal 0.640689411418037 -0.7678001550513058 0
    outer loop
      vertex -5.216651038324863 -11.562820071244577 -2.01
      vertex -5.0076950223782415 -11.388457112356983 -2.01
      vertex -5.216651038324863 -11.562820071244577 2.01
    endloop
  endfacet
  facet normal 0.677004195353143 -0.7359791569563933 0
    outer loop
      vertex -5.0076950223782415 -11.388457112356983 -2.01
      vertex -4.833671226281223 -11.228378068085975 -2.01
      vertex -5.0076950223782415 -11.388457112356983 2.01
    endloop
  endfacet
  facet normal 0.7105634056205306 -0.70363317615996 0
    outer loop
      vertex -4.833671226281223 -11.228378068085975 -2.01
      vertex -4.689697242820243 -11.082986054924943 -2.01
      vertex -4.833671226281223 -11.228378068085975 2.01
    endloop
  endfacet
  facet normal 0.7416059111031421 -0.6708358015318491 0
    outer loop
      vertex -4.689697242820243 -11.082986054924943 -2.01
      vertex -4.571652646042648 -10.952488292962704 -2.01
      vertex -4.689697242820243 -11.082986054924943 2.01
    endloop
  endfacet
  facet normal 0.7703380829436516 -0.6376356624018922 0
    outer loop
      vertex -4.571652646042648 -10.952488292962704 -2.01
      vertex -4.476041089401646 -10.836978406058565 -2.01
      vertex -4.571652646042648 -10.952488292962704 2.01
    endloop
  endfacet
  facet normal 0.7969370062261963 -0.6040624207043738 0
    outer loop
      vertex -4.476041089401646 -10.836978406058565 -2.01
      vertex -4.399877406485285 -10.736495980126906 -2.01
      vertex -4.476041089401646 -10.836978406058565 2.01
    endloop
  endfacet
  facet normal 0.8215531063143938 -0.5701319965632261 0
    outer loop
      vertex -4.399877406485285 -10.736495980126906 -2.01
      vertex -4.340594616522904 -10.651070218131146 -2.01
      vertex -4.399877406485285 -10.736495980126906 2.01
    endloop
  endfacet
  facet normal 0.844310808229765 -0.5358537665318784 0
    outer loop
      vertex -4.340594616522904 -10.651070218131146 -2.01
      vertex -4.29596659838338 -10.580752679245595 -2.01
      vertex -4.340594616522904 -10.651070218131146 2.01
    endloop
  endfacet
  facet normal 0.8653066503683242 -0.5012428561369734 0
    outer loop
      vertex -4.29596659838338 -10.580752679245595 -2.01
      vertex -4.264043091534178 -10.52564242192924 -2.01
      vertex -4.29596659838338 -10.580752679245595 2.01
    endloop
  endfacet
  facet normal 0.884596911102677 -0.4663564139878454 0
    outer loop
      vertex -4.264043091534178 -10.52564242192924 -2.01
      vertex -4.243094296370471 -10.485906205298969 -2.01
      vertex -4.264043091534178 -10.52564242192924 2.01
    endloop
  endfacet
  facet normal -0.8667423524828116 0.4987561472428805 0
    outer loop
      vertex -7.015217310682609 -9.0107925429388 -2.01
      vertex -6.983452183709321 -8.95559085563742 2.01
      vertex -6.983452183709321 -8.95559085563742 -2.01
    endloop
  endfacet
  facet normal -0.8461748570358255 0.5329053493073609 0
    outer loop
      vertex -6.983452183709321 -8.95559085563742 -2.01
      vertex -6.9595139980788465 -8.917580558255546 2.01
      vertex -6.9595139980788465 -8.917580558255546 -2.01
    endloop
  endfacet
  facet normal -0.8042338661333596 0.5943129550701293 0
    outer loop
      vertex -6.944399354442256 -8.895538536642677 -2.01
      vertex -6.939126802053124 -8.88840363380045 2.01
      vertex -6.939126802053124 -8.88840363380045 -2.01
    endloop
  endfacet
  facet normal -0.8247268531486608 0.5655312703074052 0
    outer loop
      vertex -6.9595139980788465 -8.917580558255546 -2.01
      vertex -6.944399354442256 -8.895538536642677 2.01
      vertex -6.944399354442256 -8.895538536642677 -2.01
    endloop
  endfacet
  facet normal -0.788236797965938 0.6153720422089429 0
    outer loop
      vertex -6.939126802053124 -8.88840363380045 -2.01
      vertex -5.942226494553568 -7.611463096407785 2.01
      vertex -5.942226494553568 -7.611463096407785 -2.01
    endloop
  endfacet
  facet normal -0.628186576441038 -0.7780627385881476 0
    outer loop
      vertex -6.434207150238592 -7.214251369843425 -2.01
      vertex -5.942226494553568 -7.611463096407785 -2.01
      vertex -6.434207150238592 -7.214251369843425 2.01
    endloop
  endfacet
  facet normal 0.9021280198453074 -0.4314684644443724 0
    outer loop
      vertex -4.243094296370471 -10.485906205298969 -2.01
      vertex -4.231562674233388 -10.461795522128813 -2.01
      vertex -4.243094296370471 -10.485906205298969 2.01
    endloop
  endfacet
  facet normal 0.916807073945136 -0.3993304260435933 0
    outer loop
      vertex -4.231562674233388 -10.461795522128813 -2.01
      vertex -4.22801994553347 -10.453661910159065 -2.01
      vertex -4.231562674233388 -10.461795522128813 2.01
    endloop
  endfacet
  facet normal 0.9270462191305618 -0.3749470730592925 0
    outer loop
      vertex -4.22801994553347 -10.453661910159065 -2.01
      vertex -3.6201227167478773 -8.950652904201275 -2.01
      vertex -4.22801994553347 -10.453661910159065 2.01
    endloop
  endfacet
  facet normal -0.8730380169728528 -0.4876521515589866 0
    outer loop
      vertex -0.9839781533994242 -13.231805639036676 -2.01
      vertex -0.7832899608201025 -13.591095393258387 -2.01
      vertex -0.9839781533994242 -13.231805639036676 2.01
    endloop
  endfacet
  facet normal -0.9387533964554062 -0.3445896989804522 0
    outer loop
      vertex -1.3574374484364613 -12.36654068124781 -2.01
      vertex -1.2636577218128955 -12.622021437483435 -2.01
      vertex -1.3574374484364613 -12.36654068124781 2.01
    endloop
  endfacet
  facet normal -0.9202741652448169 -0.39127415041496844 0
    outer loop
      vertex -1.1413761265983622 -12.909626925455262 -2.01
      vertex -1.2636577218128955 -12.622021437483435 2.01
      vertex -1.2636577218128955 -12.622021437483435 -2.01
    endloop
  endfacet
  facet normal -0.8985071550004317 -0.4389588732592501 0
    outer loop
      vertex -0.9839781533994242 -13.231805639036676 -2.01
      vertex -1.1413761265983622 -12.909626925455262 2.01
      vertex -1.1413761265983622 -12.909626925455262 -2.01
    endloop
  endfacet
  facet normal -0.8433729011923603 -0.537328716461703 0
    outer loop
      vertex -0.7832899608201025 -13.591095393258387 -2.01
      vertex -0.5291424332497332 -13.989996719562551 -2.01
      vertex -0.7832899608201025 -13.591095393258387 2.01
    endloop
  endfacet
  facet normal -9.49695609857433e-10 -1 0
    outer loop
      vertex -0.5291424332497332 -13.989996719562551 -2.01
      vertex 0.529142430285461 -13.9899967205676 -2.01
      vertex -0.5291424332497332 -13.989996719562551 2.01
    endloop
  endfacet
  facet normal -0.9542924082385651 -0.29887455491935033 0
    outer loop
      vertex -1.3574374484364613 -12.36654068124781 -2.01
      vertex -1.4281069578730479 -12.140896258732564 2.01
      vertex -1.4281069578730479 -12.140896258732564 -2.01
    endloop
  endfacet
  facet normal -0.9671825520862157 -0.25408248845600234 0
    outer loop
      vertex -1.4281069578730479 -12.140896258732564 -2.01
      vertex -1.4800960749570298 -11.942996091556337 2.01
      vertex -1.4800960749570298 -11.942996091556337 -2.01
    endloop
  endfacet
  facet normal -0.977667457039684 -0.21015790122086175 0
    outer loop
      vertex -1.4800960749570298 -11.942996091556337 -2.01
      vertex -1.517076814109198 -11.770959422954704 2.01
      vertex -1.517076814109198 -11.770959422954704 -2.01
    endloop
  endfacet
  facet normal -0.9859501797463798 -0.1670396451686885 0
    outer loop
      vertex -1.5421239089969847 -11.623119144188552 -2.01
      vertex -1.517076814109198 -11.770959422954704 -2.01
      vertex -1.5421239089969847 -11.623119144188552 2.01
    endloop
  endfacet
  facet normal -0.9921989035235855 -0.12466489420279682 0
    outer loop
      vertex -1.5421239089969847 -11.623119144188552 -2.01
      vertex -1.5578423799891665 -11.498016967001927 2.01
      vertex -1.5578423799891665 -11.498016967001927 -2.01
    endloop
  endfacet
  facet normal -0.9965518590754241 -0.08297223736477195 0
    outer loop
      vertex -1.5578423799891665 -11.498016967001927 -2.01
      vertex -1.56646990062192 -11.394394695277668 2.01
      vertex -1.56646990062192 -11.394394695277668 -2.01
    endloop
  endfacet
  facet normal -0.9991214900000812 -0.041907615298625966 0
    outer loop
      vertex -1.56646990062192 -11.394394695277668 -2.01
      vertex -1.5699601325706627 -11.311183906015986 2.01
      vertex -1.5699601325706627 -11.311183906015986 -2.01
    endloop
  endfacet
  facet normal -0.9999989694787259 -0.0014356327825420085 0
    outer loop
      vertex -1.5699601325706627 -11.311183906015986 -2.01
      vertex -1.5700515661485368 -11.247495277028309 2.01
      vertex -1.5700515661485368 -11.247495277028309 -2.01
    endloop
  endfacet
  facet normal -0.9992616000848207 0.03842205871532568 0
    outer loop
      vertex -1.5700515661485368 -11.247495277028309 -2.01
      vertex -1.5683256417979137 -11.202608303610065 2.01
      vertex -1.5683256417979137 -11.202608303610065 -2.01
    endloop
  endfacet
  facet normal -0.9970000388262786 0.07740105025384826 0
    outer loop
      vertex -1.5662569863626932 -11.1759620301749 -2.01
      vertex -1.5683256417979137 -11.202608303610065 -2.01
      vertex -1.5662569863626932 -11.1759620301749 2.01
    endloop
  endfacet
  facet normal -0.993643391748923 0.1125735760900224 0
    outer loop
      vertex -1.5662569863626932 -11.1759620301749 -2.01
      vertex -1.5652582699129267 -11.167146746562093 2.01
      vertex -1.5652582699129267 -11.167146746562093 -2.01
    endloop
  endfacet
  facet normal -0.37527739966300383 -0.9269125488966983 0
    outer loop
      vertex -3.6201227167478773 -8.950652904201275 -2.01
      vertex -3.183657812202251 -9.12736365713801 -2.01
      vertex -3.6201227167478773 -8.950652904201275 2.01
    endloop
  endfacet
  facet normal -0.2826170179545272 -0.9592328294853604 0
    outer loop
      vertex -3.183657812202251 -9.12736365713801 -2.01
      vertex -2.2736895481999495 -9.395465946071933 -2.01
      vertex -3.183657812202251 -9.12736365713801 2.01
    endloop
  endfacet
  facet normal -0.18723486933344316 -0.9823151753412387 0
    outer loop
      vertex -2.2736895481999495 -9.395465946071933 -2.01
      vertex -1.3418244082818425 -9.573084751205782 -2.01
      vertex -2.2736895481999495 -9.395465946071933 2.01
    endloop
  endfacet
  facet normal -0.990319112448131 0.13880942158205994 0
    outer loop
      vertex -1.5652582699129267 -11.167146746562093 -2.01
      vertex -1.3418244082818425 -9.573084751205782 2.01
      vertex -1.3418244082818425 -9.573084751205782 -2.01
    endloop
  endfacet
  facet normal 0 0 -1
    outer loop
      vertex -7.110344974104885 -6.548850188323191 -2.01
      vertex -6.4523009332231975 -5.94277104513032 -2.01
      vertex -6.434207150238592 -7.214251369843425 -2.01
    endloop
  endfacet
  facet normal 0 0 -1
    outer loop
      vertex -6.434207150238592 -7.214251369843425 -2.01
      vertex -6.4523009332231975 -5.94277104513032 -2.01
      vertex -5.838737913996498 -6.546591063774667 -2.01
    endloop
  endfacet
  facet normal -0.7014251811312638 -0.7127430920570003 0
    outer loop
      vertex -7.110344974104885 -6.548850188323191 -2.01
      vertex -6.434207150238592 -7.214251369843425 -2.01
      vertex -7.110344974104885 -6.548850188323191 2.01
    endloop
  endfacet
  facet normal -0.86602540635962 -0.49999999553965513 0
    outer loop
      vertex -11.851121346115765 -7.453249148884934 -2.01
      vertex -11.851121346115765 -7.453249148884934 2.01
      vertex -12.38026377160584 -6.536747572594793 2.01
    endloop
  endfacet
  facet normal -0.04365388619982758 -0.9990467147334265 0
    outer loop
      vertex -11.378588892795285 -7.473896709843564 -2.01
      vertex -11.378588892795285 -7.473896709843564 2.01
      vertex -11.851121346115765 -7.453249148884934 2.01
    endloop
  endfacet
  facet normal 0.014199869076587874 -0.9998991767764428 0
    outer loop
      vertex -10.967090749022153 -7.46805290088507 -2.01
      vertex -10.967090749022153 -7.46805290088507 2.01
      vertex -11.378588892795285 -7.473896709843564 2.01
    endloop
  endfacet
  facet normal 0.06910405349296764 -0.9976094575488151 0
    outer loop
      vertex -10.609376804240272 -7.443274182732051 -2.01
      vertex -10.609376804240272 -7.443274182732051 2.01
      vertex -10.967090749022153 -7.46805290088507 2.01
    endloop
  endfacet
  facet normal -0.9990467150488783 -0.043653878980513636 0
    outer loop
      vertex -7.453249146967757 -11.851121338356107 -2.01
      vertex -7.453249146967757 -11.851121338356107 2.01
      vertex -7.473896703960341 -11.37858889750627 2.01
    endloop
  endfacet
  facet normal -0.9998991768198495 0.014199866020045016 0
    outer loop
      vertex -7.473896703960341 -11.37858889750627 -2.01
      vertex -7.473896703960341 -11.37858889750627 2.01
      vertex -7.46805289618605 -10.967090748526687 2.01
    endloop
  endfacet
  facet normal -0.9976094579547679 0.06910404763249461 0
    outer loop
      vertex -7.46805289618605 -10.967090748526687 -2.01
      vertex -7.46805289618605 -10.967090748526687 2.01
      vertex -7.443274180637568 -10.609376810862738 2.01
    endloop
  endfacet
  facet normal -0.992617882723496 0.12128371241648153 0
    outer loop
      vertex -7.443274180637568 -10.609376810862738 -2.01
      vertex -7.443274180637568 -10.609376810862738 2.01
      vertex -7.405370409289919 -10.299162351619108 2.01
    endloop
  endfacet
  facet normal 0.121283747794122 -0.9926178784008536 0
    outer loop
      vertex -10.29916235516164 -7.405370401405083 -2.01
      vertex -10.29916235516164 -7.405370401405083 2.01
      vertex -10.609376804240272 -7.443274182732051 2.01
    endloop
  endfacet
  facet normal 0.17095323670285492 -0.9852791436241901 0
    outer loop
      vertex -10.031019660758142 -7.358845655800616 -2.01
      vertex -10.031019660758142 -7.358845655800616 2.01
      vertex -10.29916235516164 -7.405370401405083 2.01
    endloop
  endfacet
  facet normal 0.21831325684615524 -0.9758787434334373 0
    outer loop
      vertex -9.800271112259107 -7.307225034412644 -2.01
      vertex -9.800271112259107 -7.307225034412644 2.01
      vertex -10.031019660758142 -7.358845655800616 2.01
    endloop
  endfacet
  facet normal 0.2635493721213974 -0.964645908328241 0
    outer loop
      vertex -9.602889978599906 -7.253298849275298 -2.01
      vertex -9.602889978599906 -7.253298849275298 2.01
      vertex -9.800271112259107 -7.307225034412644 2.01
    endloop
  endfacet
  facet normal 0.30683162086754356 -0.9517638133674741 0
    outer loop
      vertex -9.435411477300816 -7.1993067776159965 -2.01
      vertex -9.435411477300816 -7.1993067776159965 2.01
      vertex -9.602889978599906 -7.253298849275298 2.01
    endloop
  endfacet
  facet normal 0.3483145267679608 -0.9373777202613743 0
    outer loop
      vertex -9.294854492757015 -7.147078056475009 -2.01
      vertex -9.294854492757015 -7.147078056475009 2.01
      vertex -9.435411477300816 -7.1993067776159965 2.01
    endloop
  endfacet
  facet normal 0.3881365212367774 -0.9216018884975296 0
    outer loop
      vertex -9.17865359884545 -7.098139560047916 -2.01
      vertex -9.17865359884545 -7.098139560047916 2.01
      vertex -9.294854492757015 -7.147078056475009 2.01
    endloop
  endfacet
  facet normal 0.42641983065889294 -0.9045253606288997 0
    outer loop
      vertex -9.084600317601176 -7.053800079910829 -2.01
      vertex -9.084600317601176 -7.053800079910829 2.01
      vertex -9.17865359884545 -7.098139560047916 2.01
    endloop
  endfacet
  facet normal 0.46326769973415544 -0.8862183920360851 0
    outer loop
      vertex -9.010792547338259 -7.015217314918048 -2.01
      vertex -9.010792547338259 -7.015217314918048 2.01
      vertex -9.084600317601176 -7.053800079910829 2.01
    endloop
  endfacet
  facet normal -0.9852791376552983 0.17095327110421685 0
    outer loop
      vertex -7.405370409289919 -10.299162351619108 -2.01
      vertex -7.405370409289919 -10.299162351619108 2.01
      vertex -7.358845655261466 -10.031019664247927 2.01
    endloop
  endfacet
  facet normal -0.9758787430449473 0.21831325858273898 0
    outer loop
      vertex -7.358845655261466 -10.031019664247927 -2.01
      vertex -7.358845655261466 -10.031019664247927 2.01
      vertex -7.307225031974913 -9.800271109189435 2.01
    endloop
  endfacet
  facet normal -0.9646459133683634 0.26354935367349336 0
    outer loop
      vertex -7.307225031974913 -9.800271109189435 -2.01
      vertex -7.307225031974913 -9.800271109189435 2.01
      vertex -7.2532988498685445 -9.602889971776694 2.01
    endloop
  endfacet
  facet normal -0.9517637910610013 0.306831690060187 0
    outer loop
      vertex -7.2532988498685445 -9.602889971776694 -2.01
      vertex -7.2532988498685445 -9.602889971776694 2.01
      vertex -7.1993067690150205 -9.435411483650705 2.01
    endloop
  endfacet
  facet normal -0.9373777405525252 0.34831447216078015 0
    outer loop
      vertex -7.1993067690150205 -9.435411483650705 -2.01
      vertex -7.1993067690150205 -9.435411483650705 2.01
      vertex -7.147078055995113 -9.294854495883719 2.01
    endloop
  endfacet
  facet normal -0.921601901838585 0.38813648955941105 0
    outer loop
      vertex -7.147078055995113 -9.294854495883719 -2.01
      vertex -7.147078055995113 -9.294854495883719 2.01
      vertex -7.098139562336474 -9.178653597379911 2.01
    endloop
  endfacet
  facet normal -0.9045253290241523 0.4264198976991446 0
    outer loop
      vertex -7.098139562336474 -9.178653597379911 -2.01
      vertex -7.098139562336474 -9.178653597379911 2.01
      vertex -7.0538000735147435 -9.084600315786718 2.01
    endloop
  endfacet
  facet normal -0.8862184093485702 0.46326766661584534 0
    outer loop
      vertex -7.0538000735147435 -9.084600315786718 -2.01
      vertex -7.0538000735147435 -9.084600315786718 2.01
      vertex -7.015217310682609 -9.0107925429388 2.01
    endloop
  endfacet
  facet normal -0.8667423524828116 0.4987561472428805 0
    outer loop
      vertex -7.015217310682609 -9.0107925429388 -2.01
      vertex -7.015217310682609 -9.0107925429388 2.01
      vertex -6.983452183709321 -8.95559085563742 2.01
    endloop
  endfacet
  facet normal 0 0 1
    outer loop
      vertex -11.851121346115765 -7.453249148884934 2.01
      vertex -11.378588892795285 -7.473896709843564 2.01
      vertex -12.38026377160584 -6.536747572594793 2.01
    endloop
  endfacet
  facet normal 0 0 1
    outer loop
      vertex -11.378588892795285 -7.473896709843564 2.01
      vertex -10.967090749022153 -7.46805290088507 2.01
      vertex -12.161878858326373 -6.117198689298046 2.01
    endloop
  endfacet
  facet normal 0 0 1
    outer loop
      vertex -7.453249146967757 -11.851121338356107 2.01
      vertex -6.117198686670332 -12.161878858342725 2.01
      vertex -7.473896703960341 -11.37858889750627 2.01
    endloop
  endfacet
  facet normal 0 0 1
    outer loop
      vertex -7.473896703960341 -11.37858889750627 2.01
      vertex -6.117198686670332 -12.161878858342725 2.01
      vertex -7.46805289618605 -10.967090748526687 2.01
    endloop
  endfacet
  facet normal -0.8870267759020782 0.46171798625650723 0
    outer loop
      vertex -12.38026377160584 -6.536747572594793 -2.01
      vertex -12.38026377160584 -6.536747572594793 2.01
      vertex -12.161878858326373 -6.117198689298046 2.01
    endloop
  endfacet
  facet normal -0.8588381595111367 0.5122470261187693 0
    outer loop
      vertex -12.161878858326373 -6.117198689298046 -2.01
      vertex -12.161878858326373 -6.117198689298046 2.01
      vertex -11.95106890192611 -5.763752742850626 2.01
    endloop
  endfacet
  facet normal -0.8294031104696526 0.5586505887791271 0
    outer loop
      vertex -11.95106890192611 -5.763752742850626 -2.01
      vertex -11.95106890192611 -5.763752742850626 2.01
      vertex -11.7507529374611 -5.466352744817694 2.01
    endloop
  endfacet
  facet normal -0.7989904379604564 0.6013437287007807 0
    outer loop
      vertex -11.7507529374611 -5.466352744817694 -2.01
      vertex -11.7507529374611 -5.466352744817694 2.01
      vertex -11.562820073432004 -5.216651028193515 2.01
    endloop
  endfacet
  facet normal -0.767800130965981 0.6406894402818126 0
    outer loop
      vertex -11.562820073432004 -5.216651028193515 -2.01
      vertex -11.562820073432004 -5.216651028193515 2.01
      vertex -11.388457112684387 -5.0076950259863455 2.01
    endloop
  endfacet
  facet normal -0.7359791601801219 0.67700419184859 0
    outer loop
      vertex -11.388457112684387 -5.0076950259863455 -2.01
      vertex -11.388457112684387 -5.0076950259863455 2.01
      vertex -11.228378067062483 -4.83367122675765 2.01
    endloop
  endfacet
  facet normal -0.7036331626156669 0.710563419032724 0
    outer loop
      vertex -11.228378067062483 -4.83367122675765 -2.01
      vertex -11.228378067062483 -4.83367122675765 2.01
      vertex -11.082986046733726 -4.689697241687792 2.01
    endloop
  endfacet
  facet normal -0.6708358100314914 0.7416059034146052 0
    outer loop
      vertex -11.082986046733726 -4.689697241687792 -2.01
      vertex -11.082986046733726 -4.689697241687792 2.01
      vertex -10.952488297759903 -4.571652653939683 2.01
    endloop
  endfacet
  facet normal -0.6376356788631705 0.7703380693180778 0
    outer loop
      vertex -10.952488297759903 -4.571652653939683 -2.01
      vertex -10.952488297759903 -4.571652653939683 2.01
      vertex -10.836978404880703 -4.476041088193439 2.01
    endloop
  endfacet
  facet normal -0.6040624177528329 0.7969370084634054 0
    outer loop
      vertex -10.836978404880703 -4.476041088193439 -2.01
      vertex -10.836978404880703 -4.476041088193439 2.01
      vertex -10.736495977369078 -4.399877404665453 2.01
    endloop
  endfacet
  facet normal -0.5701319554007546 0.8215531348798517 0
    outer loop
      vertex -10.736495977369078 -4.399877404665453 -2.01
      vertex -10.736495977369078 -4.399877404665453 2.01
      vertex -10.65107021640864 -4.340594621762927 2.01
    endloop
  endfacet
  facet normal -0.535853826550829 0.8443107701378884 0
    outer loop
      vertex -10.65107021640864 -4.340594621762927 -2.01
      vertex -10.65107021640864 -4.340594621762927 2.01
      vertex -10.580752675509462 -4.295966595333375 2.01
    endloop
  endfacet
  facet normal -0.5012428237643265 0.8653066691207023 0
    outer loop
      vertex -10.580752675509462 -4.295966595333375 -2.01
      vertex -10.580752675509462 -4.295966595333375 2.01
      vertex -10.525642421785957 -4.264043093318987 2.01
    endloop
  endfacet
  facet normal -0.46635623864074977 0.8845970035450337 0
    outer loop
      vertex -10.525642421785957 -4.264043093318987 -2.01
      vertex -10.525642421785957 -4.264043093318987 2.01
      vertex -10.48590620005346 -4.243094305531217 2.01
    endloop
  endfacet
  facet normal -0.4876521461733889 -0.8730380199810819 0
    outer loop
      vertex -13.231805642433887 -0.983978155139712 -2.01
      vertex -13.231805642433887 -0.983978155139712 2.01
      vertex -13.591095396513897 -0.7832899655474392 2.01
    endloop
  endfacet
  facet normal -0.5373287301846159 -0.8433728924492346 0
    outer loop
      vertex -13.591095396513897 -0.7832899655474392 -2.01
      vertex -13.591095396513897 -0.7832899655474392 2.01
      vertex -13.9899967205676 -0.529142430285461 2.01
    endloop
  endfacet
  facet normal -1 9.49695609857433e-10 0
    outer loop
      vertex -13.9899967205676 -0.529142430285461 -2.01
      vertex -13.9899967205676 -0.529142430285461 2.01
      vertex -13.989996719562551 0.5291424332497332 2.01
    endloop
  endfacet
  facet normal -0.4389588574011914 -0.898507162747766 0
    outer loop
      vertex -12.909626922128934 -1.1413761245799858 -2.01
      vertex -12.909626922128934 -1.1413761245799858 2.01
      vertex -13.231805642433887 -0.983978155139712 2.01
    endloop
  endfacet
  facet normal -0.39127414677780886 -0.9202741667912328 0
    outer loop
      vertex -12.622021439729945 -1.2636577160829374 -2.01
      vertex -12.622021439729945 -1.2636577160829374 2.01
      vertex -12.909626922128934 -1.1413761245799858 2.01
    endloop
  endfacet
  facet normal -0.3445897214570095 -0.9387533882049004 0
    outer loop
      vertex -12.36654067817886 -1.3574374515988403 -2.01
      vertex -12.36654067817886 -1.3574374515988403 2.01
      vertex -12.622021439729945 -1.2636577160829374 2.01
    endloop
  endfacet
  facet normal -0.29887454092665033 -0.9542924126209346 0
    outer loop
      vertex -12.140896260693866 -1.4281069558268669 -2.01
      vertex -12.140896260693866 -1.4281069558268669 2.01
      vertex -12.36654067817886 -1.3574374515988403 2.01
    endloop
  endfacet
  facet normal -0.2540825023567514 -0.9671825484344366 0
    outer loop
      vertex -11.942996092095543 -1.4800960763250368 -2.01
      vertex -11.942996092095543 -1.4800960763250368 2.01
      vertex -12.140896260693866 -1.4281069558268669 2.01
    endloop
  endfacet
  facet normal -0.21015790241638327 -0.9776674567826966 0
    outer loop
      vertex -11.770959423658644 -1.5170768156618863 -2.01
      vertex -11.770959423658644 -1.5170768156618863 2.01
      vertex -11.942996092095543 -1.4800960763250368 2.01
    endloop
  endfacet
  facet normal -0.16703966408989168 -0.98595017654075 0
    outer loop
      vertex -11.623119145876654 -1.54212391330155 -2.01
      vertex -11.623119145876654 -1.54212391330155 2.01
      vertex -11.770959423658644 -1.5170768156618863 2.01
    endloop
  endfacet
  facet normal -0.12466486856750564 -0.9921989067445331 0
    outer loop
      vertex -11.498016966533202 -1.5578423812814544 -2.01
      vertex -11.498016966533202 -1.5578423812814544 2.01
      vertex -11.623119145876654 -1.54212391330155 2.01
    endloop
  endfacet
  facet normal -0.08297222543602827 -0.9965518600686032 0
    outer loop
      vertex -11.394394696433732 -1.5664699005299703 -2.01
      vertex -11.394394696433732 -1.5664699005299703 2.01
      vertex -11.498016966533202 -1.5578423812814544 2.01
    endloop
  endfacet
  facet normal -0.041907611531628704 -0.9991214901580859 0
    outer loop
      vertex -11.311183913301427 -1.569960131907337 -2.01
      vertex -11.311183913301427 -1.569960131907337 2.01
      vertex -11.394394696433732 -1.5664699005299703 2.01
    endloop
  endfacet
  facet normal -0.0014357186040034999 -0.999998969355514 0
    outer loop
      vertex -11.2474952771096 -1.5700515709614224 -2.01
      vertex -11.2474952771096 -1.5700515709614224 2.01
      vertex -11.311183913301427 -1.569960131907337 2.01
    endloop
  endfacet
  facet normal 0.03842202661296886 -0.9992616013191702 0
    outer loop
      vertex -11.20260830157664 -1.568325647973662 -2.01
      vertex -11.20260830157664 -1.568325647973662 2.01
      vertex -11.2474952771096 -1.5700515709614224 2.01
    endloop
  endfacet
  facet normal 0.0774011453403361 -0.9970000314443346 0
    outer loop
      vertex -11.175962028263243 -1.5662569899912537 -2.01
      vertex -11.175962028263243 -1.5662569899912537 2.01
      vertex -11.20260830157664 -1.568325647973662 2.01
    endloop
  endfacet
  facet normal 0.11257403660157506 -0.9936433395757389 0
    outer loop
      vertex -11.167146747550635 -1.5652582697321133 -2.01
      vertex -11.167146747550635 -1.5652582697321133 2.01
      vertex -11.175962028263243 -1.5662569899912537 2.01
    endloop
  endfacet
  facet normal 0.49875611363335987 -0.8667423718229927 0
    outer loop
      vertex -8.955590850967816 -6.983452185575423 -2.01
      vertex -8.955590850967816 -6.983452185575423 2.01
      vertex -9.010792547338259 -7.015217314918048 2.01
    endloop
  endfacet
  facet normal 0.5329053029828921 -0.8461748862101216 0
    outer loop
      vertex -8.917580557325307 -6.95951400520617 -2.01
      vertex -8.917580557325307 -6.95951400520617 2.01
      vertex -8.955590850967816 -6.983452185575423 2.01
    endloop
  endfacet
  facet normal 0.5655313998035357 -0.8247267643506263 0
    outer loop
      vertex -8.89553853213756 -6.944399354029855 -2.01
      vertex -8.89553853213756 -6.944399354029855 2.01
      vertex -8.917580557325307 -6.95951400520617 2.01
    endloop
  endfacet
  facet normal 0.5943135273482336 -0.8042334432308199 0
    outer loop
      vertex -8.88840364042695 -6.939126802017164 -2.01
      vertex -8.88840364042695 -6.939126802017164 2.01
      vertex -8.89553853213756 -6.944399354029855 2.01
    endloop
  endfacet
  facet normal -0.43146878690167656 0.9021278656208307 0
    outer loop
      vertex -10.48590620005346 -4.243094305531217 -2.01
      vertex -10.48590620005346 -4.243094305531217 2.01
      vertex -10.461795523005371 -4.231562675732643 2.01
    endloop
  endfacet
  facet normal -0.39932970660247447 0.9168073873092327 0
    outer loop
      vertex -10.461795523005371 -4.231562675732643 -2.01
      vertex -10.461795523005371 -4.231562675732643 2.01
      vertex -10.453661904747587 -4.22801995188742 2.01
    endloop
  endfacet
  facet normal -0.3749470715670227 0.9270462197341155 0
    outer loop
      vertex -10.453661904747587 -4.22801995188742 -2.01
      vertex -10.453661904747587 -4.22801995188742 2.01
      vertex -8.951850645656542 -3.620607158807834 2.01
    endloop
  endfacet
  facet normal -0.9207873358553506 -0.3900649716757528 0
    outer loop
      vertex -8.951850645656542 -3.620607158807834 -2.01
      vertex -8.951850645656542 -3.620607158807834 2.01
      vertex -9.075238655048832 -3.3293374353135006 2.01
    endloop
  endfacet
  facet normal 0.6153720407545523 -0.7882367991013726 0
    outer loop
      vertex -7.614432774893081 -5.944544904446308 -2.01
      vertex -7.614432774893081 -5.944544904446308 2.01
      vertex -8.88840364042695 -6.939126802017164 2.01
    endloop
  endfacet
  facet normal -0.7679086734086868 -0.6405593409698362 0
    outer loop
      vertex -7.110344974104885 -6.548850188323191 -2.01
      vertex -7.110344974104885 -6.548850188323191 2.01
      vertex -7.614432774893081 -5.944544904446308 2.01
    endloop
  endfacet
  facet normal -0.9545865502186189 -0.29793374790667154 0
    outer loop
      vertex -9.075238655048832 -3.3293374353135006 -2.01
      vertex -9.075238655048832 -3.3293374353135006 2.01
      vertex -9.357871033903738 -2.4237768218992017 2.01
    endloop
  endfacet
  facet normal -0.9791925678550603 -0.20293327735345285 0
    outer loop
      vertex -9.357871033903738 -2.4237768218992017 -2.01
      vertex -9.357871033903738 -2.4237768218992017 2.01
      vertex -9.550382003356575 -1.4948739185549327 2.01
    endloop
  endfacet
  facet normal 0.13880942321187156 -0.9903191122196862 0
    outer loop
      vertex -9.56678787626529 -1.340941795260356 -2.01
      vertex -9.56678787626529 -1.340941795260356 2.01
      vertex -11.167146747550635 -1.5652582697321133 2.01
    endloop
  endfacet
  facet normal -0.9943684307285947 -0.10597841275633414 0
    outer loop
      vertex -9.550382003356575 -1.4948739185549327 -2.01
      vertex -9.550382003356575 -1.4948739185549327 2.01
      vertex -9.56678787626529 -1.340941795260356 2.01
    endloop
  endfacet
  facet normal 0 0 1
    outer loop
      vertex -11.378588892795285 -7.473896709843564 2.01
      vertex -12.161878858326373 -6.117198689298046 2.01
      vertex -12.38026377160584 -6.536747572594793 2.01
    endloop
  endfacet
  facet normal 0 0 1
    outer loop
      vertex -10.967090749022153 -7.46805290088507 2.01
      vertex -11.95106890192611 -5.763752742850626 2.01
      vertex -12.161878858326373 -6.117198689298046 2.01
    endloop
  endfacet
  facet normal 0 0 1
    outer loop
      vertex -10.609376804240272 -7.443274182732051 2.01
      vertex -11.7507529374611 -5.466352744817694 2.01
      vertex -11.95106890192611 -5.763752742850626 2.01
    endloop
  endfacet
  facet normal 0 0 1
    outer loop
      vertex -10.967090749022153 -7.46805290088507 2.01
      vertex -10.609376804240272 -7.443274182732051 2.01
      vertex -11.95106890192611 -5.763752742850626 2.01
    endloop
  endfacet
  facet normal 0 0 1
    outer loop
      vertex -10.609376804240272 -7.443274182732051 2.01
      vertex -10.29916235516164 -7.405370401405083 2.01
      vertex -11.7507529374611 -5.466352744817694 2.01
    endloop
  endfacet
  facet normal 0 0 1
    outer loop
      vertex -10.29916235516164 -7.405370401405083 2.01
      vertex -10.031019660758142 -7.358845655800616 2.01
      vertex -11.388457112684387 -5.0076950259863455 2.01
    endloop
  endfacet
  facet normal 0 0 1
    outer loop
      vertex -10.29916235516164 -7.405370401405083 2.01
      vertex -11.562820073432004 -5.216651028193515 2.01
      vertex -11.7507529374611 -5.466352744817694 2.01
    endloop
  endfacet
  facet normal 0 0 1
    outer loop
      vertex -10.29916235516164 -7.405370401405083 2.01
      vertex -11.388457112684387 -5.0076950259863455 2.01
      vertex -11.562820073432004 -5.216651028193515 2.01
    endloop
  endfacet
  facet normal 0 0 1
    outer loop
      vertex -9.800271112259107 -7.307225034412644 2.01
      vertex -11.228378067062483 -4.83367122675765 2.01
      vertex -11.388457112684387 -5.0076950259863455 2.01
    endloop
  endfacet
  facet normal 0 0 1
    outer loop
      vertex -9.800271112259107 -7.307225034412644 2.01
      vertex -11.082986046733726 -4.689697241687792 2.01
      vertex -11.228378067062483 -4.83367122675765 2.01
    endloop
  endfacet
  facet normal 0 0 1
    outer loop
      vertex -9.602889978599906 -7.253298849275298 2.01
      vertex -10.952488297759903 -4.571652653939683 2.01
      vertex -11.082986046733726 -4.689697241687792 2.01
    endloop
  endfacet
  facet normal 0 0 1
    outer loop
      vertex -13.9899967205676 -0.529142430285461 2.01
      vertex -13.591095396513897 -0.7832899655474392 2.01
      vertex -13.591095393258387 0.7832899608201025 2.01
    endloop
  endfacet
  facet normal 0 0 1
    outer loop
      vertex -13.231805642433887 -0.983978155139712 2.01
      vertex -13.591095393258387 0.7832899608201025 2.01
      vertex -13.591095396513897 -0.7832899655474392 2.01
    endloop
  endfacet
  facet normal 0 0 1
    outer loop
      vertex -13.231805642433887 -0.983978155139712 2.01
      vertex -12.909626922128934 -1.1413761245799858 2.01
      vertex -13.231805639036676 0.9839781533994242 2.01
    endloop
  endfacet
  facet normal 0 0 1
    outer loop
      vertex -12.909626922128934 -1.1413761245799858 2.01
      vertex -12.622021439729945 -1.2636577160829374 2.01
      vertex -12.909626925455262 1.1413761265983622 2.01
    endloop
  endfacet
  facet normal 0 0 1
    outer loop
      vertex -12.36654067817886 -1.3574374515988403 2.01
      vertex -12.140896260693866 -1.4281069558268669 2.01
      vertex -12.36654068124781 1.3574374484364613 2.01
    endloop
  endfacet
  facet normal 0 0 1
    outer loop
      vertex -12.36654067817886 -1.3574374515988403 2.01
      vertex -12.36654068124781 1.3574374484364613 2.01
      vertex -12.622021439729945 -1.2636577160829374 2.01
    endloop
  endfacet
  facet normal 0 0 1
    outer loop
      vertex -12.140896260693866 -1.4281069558268669 2.01
      vertex -11.942996092095543 -1.4800960763250368 2.01
      vertex -11.942996091556337 1.4800960749570298 2.01
    endloop
  endfacet
  facet normal 0 0 1
    outer loop
      vertex -11.942996092095543 -1.4800960763250368 2.01
      vertex -11.770959423658644 -1.5170768156618863 2.01
      vertex -11.770959422954704 1.517076814109198 2.01
    endloop
  endfacet
  facet normal 0 0 1
    outer loop
      vertex -11.623119145876654 -1.54212391330155 2.01
      vertex -11.623119144188552 1.5421239089969847 2.01
      vertex -11.770959423658644 -1.5170768156618863 2.01
    endloop
  endfacet
  facet normal 0 0 1
    outer loop
      vertex -11.623119145876654 -1.54212391330155 2.01
      vertex -11.498016966533202 -1.5578423812814544 2.01
      vertex -11.623119144188552 1.5421239089969847 2.01
    endloop
  endfacet
  facet normal 0 0 1
    outer loop
      vertex -11.498016966533202 -1.5578423812814544 2.01
      vertex -11.394394696433732 -1.5664699005299703 2.01
      vertex -11.498016967001927 1.5578423799891665 2.01
    endloop
  endfacet
  facet normal 0 0 1
    outer loop
      vertex -11.394394696433732 -1.5664699005299703 2.01
      vertex -11.311183913301427 -1.569960131907337 2.01
      vertex -11.394394695277668 1.56646990062192 2.01
    endloop
  endfacet
  facet normal 0 0 1
    outer loop
      vertex -11.311183913301427 -1.569960131907337 2.01
      vertex -11.2474952771096 -1.5700515709614224 2.01
      vertex -11.247495277028309 1.5700515661485368 2.01
    endloop
  endfacet
  facet normal 0 0 1
    outer loop
      vertex -11.2474952771096 -1.5700515709614224 2.01
      vertex -11.20260830157664 -1.568325647973662 2.01
      vertex -11.247495277028309 1.5700515661485368 2.01
    endloop
  endfacet
  facet normal 0 0 1
    outer loop
      vertex -11.20260830157664 -1.568325647973662 2.01
      vertex -11.175962028263243 -1.5662569899912537 2.01
      vertex -11.202608303610065 1.5683256417979137 2.01
    endloop
  endfacet
  facet normal 0 0 1
    outer loop
      vertex -11.175962028263243 -1.5662569899912537 2.01
      vertex -11.167146747550635 -1.5652582697321133 2.01
      vertex -11.1759620301749 1.5662569863626932 2.01
    endloop
  endfacet
  facet normal 0 0 1
    outer loop
      vertex -10.031019660758142 -7.358845655800616 2.01
      vertex -9.800271112259107 -7.307225034412644 2.01
      vertex -11.388457112684387 -5.0076950259863455 2.01
    endloop
  endfacet
  facet normal 0 0 1
    outer loop
      vertex -9.800271112259107 -7.307225034412644 2.01
      vertex -9.602889978599906 -7.253298849275298 2.01
      vertex -11.082986046733726 -4.689697241687792 2.01
    endloop
  endfacet
  facet normal 0 0 1
    outer loop
      vertex -9.602889978599906 -7.253298849275298 2.01
      vertex -9.435411477300816 -7.1993067776159965 2.01
      vertex -10.952488297759903 -4.571652653939683 2.01
    endloop
  endfacet
  facet normal 0 0 1
    outer loop
      vertex -9.435411477300816 -7.1993067776159965 2.01
      vertex -9.294854492757015 -7.147078056475009 2.01
      vertex -10.952488297759903 -4.571652653939683 2.01
    endloop
  endfacet
  facet normal 0 0 1
    outer loop
      vertex -9.294854492757015 -7.147078056475009 2.01
      vertex -9.17865359884545 -7.098139560047916 2.01
      vertex -10.836978404880703 -4.476041088193439 2.01
    endloop
  endfacet
  facet normal 0 0 1
    outer loop
      vertex -9.17865359884545 -7.098139560047916 2.01
      vertex -9.084600317601176 -7.053800079910829 2.01
      vertex -10.65107021640864 -4.340594621762927 2.01
    endloop
  endfacet
  facet normal 0 0 1
    outer loop
      vertex -9.294854492757015 -7.147078056475009 2.01
      vertex -10.836978404880703 -4.476041088193439 2.01
      vertex -10.952488297759903 -4.571652653939683 2.01
    endloop
  endfacet
  facet normal 0 0 1
    outer loop
      vertex -9.17865359884545 -7.098139560047916 2.01
      vertex -10.736495977369078 -4.399877404665453 2.01
      vertex -10.836978404880703 -4.476041088193439 2.01
    endloop
  endfacet
  facet normal 0 0 1
    outer loop
      vertex -9.17865359884545 -7.098139560047916 2.01
      vertex -10.65107021640864 -4.340594621762927 2.01
      vertex -10.736495977369078 -4.399877404665453 2.01
    endloop
  endfacet
  facet normal 0 0 1
    outer loop
      vertex -9.084600317601176 -7.053800079910829 2.01
      vertex -9.010792547338259 -7.015217314918048 2.01
      vertex -10.65107021640864 -4.340594621762927 2.01
    endloop
  endfacet
  facet normal 0 0 1
    outer loop
      vertex -9.010792547338259 -7.015217314918048 2.01
      vertex -8.955590850967816 -6.983452185575423 2.01
      vertex -10.525642421785957 -4.264043093318987 2.01
    endloop
  endfacet
  facet normal 0 0 1
    outer loop
      vertex -10.525642421785957 -4.264043093318987 2.01
      vertex -8.955590850967816 -6.983452185575423 2.01
      vertex -8.917580557325307 -6.95951400520617 2.01
    endloop
  endfacet
  facet normal 0 0 1
    outer loop
      vertex -8.917580557325307 -6.95951400520617 2.01
      vertex -8.89553853213756 -6.944399354029855 2.01
      vertex -10.48590620005346 -4.243094305531217 2.01
    endloop
  endfacet
  facet normal 0 0 1
    outer loop
      vertex -8.89553853213756 -6.944399354029855 2.01
      vertex -8.88840364042695 -6.939126802017164 2.01
      vertex -10.453661904747587 -4.22801995188742 2.01
    endloop
  endfacet
  facet normal 0 0 1
    outer loop
      vertex -8.88840364042695 -6.939126802017164 2.01
      vertex -7.614432774893081 -5.944544904446308 2.01
      vertex -10.453661904747587 -4.22801995188742 2.01
    endloop
  endfacet
  facet normal 0 0 1
    outer loop
      vertex -9.010792547338259 -7.015217314918048 2.01
      vertex -10.580752675509462 -4.295966595333375 2.01
      vertex -10.65107021640864 -4.340594621762927 2.01
    endloop
  endfacet
  facet normal 0 0 1
    outer loop
      vertex -9.010792547338259 -7.015217314918048 2.01
      vertex -10.525642421785957 -4.264043093318987 2.01
      vertex -10.580752675509462 -4.295966595333375 2.01
    endloop
  endfacet
  facet normal 0 0 1
    outer loop
      vertex -10.525642421785957 -4.264043093318987 2.01
      vertex -8.917580557325307 -6.95951400520617 2.01
      vertex -10.48590620005346 -4.243094305531217 2.01
    endloop
  endfacet
  facet normal 0 0 1
    outer loop
      vertex -8.89553853213756 -6.944399354029855 2.01
      vertex -10.461795523005371 -4.231562675732643 2.01
      vertex -10.48590620005346 -4.243094305531217 2.01
    endloop
  endfacet
  facet normal 0 0 1
    outer loop
      vertex -8.89553853213756 -6.944399354029855 2.01
      vertex -10.453661904747587 -4.22801995188742 2.01
      vertex -10.461795523005371 -4.231562675732643 2.01
    endloop
  endfacet
  facet normal 0 0 1
    outer loop
      vertex -10.453661904747587 -4.22801995188742 2.01
      vertex -7.614432774893081 -5.944544904446308 2.01
      vertex -8.951850645656542 -3.620607158807834 2.01
    endloop
  endfacet
  facet normal 0 0 1
    outer loop
      vertex -7.110344974104885 -6.548850188323191 2.01
      vertex -6.4523009332231975 -5.94277104513032 2.01
      vertex -7.614432774893081 -5.944544904446308 2.01
    endloop
  endfacet
  facet normal 0 0 1
    outer loop
      vertex -7.614432774893081 -5.944544904446308 2.01
      vertex -6.4523009332231975 -5.94277104513032 2.01
      vertex -7.003724759335659 -5.281718887615584 2.01
    endloop
  endfacet
  facet normal 0 0 1
    outer loop
      vertex -7.614432774893081 -5.944544904446308 2.01
      vertex -7.003724759335659 -5.281718887615584 2.01
      vertex -7.4876988977189045 -4.5698008977209685 2.01
    endloop
  endfacet
  facet normal 0 0 1
    outer loop
      vertex -8.951850645656542 -3.620607158807834 2.01
      vertex -7.614432774893081 -5.944544904446308 2.01
      vertex -7.4876988977189045 -4.5698008977209685 2.01
    endloop
  endfacet
  facet normal 0 0 1
    outer loop
      vertex -8.951850645656542 -3.620607158807834 2.01
      vertex -7.4876988977189045 -4.5698008977209685 2.01
      vertex -7.8995623954795455 -3.8138732208294464 2.01
    endloop
  endfacet
  facet normal 0 0 1
    outer loop
      vertex -8.951850645656542 -3.620607158807834 2.01
      vertex -8.235348792456673 -3.0212158648778136 2.01
      vertex -9.075238655048832 -3.3293374353135006 2.01
    endloop
  endfacet
  facet normal 0 0 1
    outer loop
      vertex -9.075238655048832 -3.3293374353135006 2.01
      vertex -8.491824272299358 -2.199462546171655 2.01
      vertex -9.357871033903738 -2.4237768218992017 2.01
    endloop
  endfacet
  facet normal 0 0 1
    outer loop
      vertex -9.357871033903738 -2.4237768218992017 2.01
      vertex -8.666518845958516 -1.3565272009052167 2.01
      vertex -9.550382003356575 -1.4948739185549327 2.01
    endloop
  endfacet
  facet normal 0 0 1
    outer loop
      vertex -9.357871033903738 -2.4237768218992017 2.01
      vertex -8.491824272299358 -2.199462546171655 2.01
      vertex -8.666518845958516 -1.3565272009052167 2.01
    endloop
  endfacet
  facet normal 0 0 1
    outer loop
      vertex -11.167146747550635 -1.5652582697321133 2.01
      vertex -9.56678787626529 -1.340941795260356 2.01
      vertex -9.573084751205782 1.3418244082818425 2.01
    endloop
  endfacet
  facet normal 0 0 1
    outer loop
      vertex -9.550382003356575 -1.4948739185549327 2.01
      vertex -8.666518845958516 -1.3565272009052167 2.01
      vertex -9.56678787626529 -1.340941795260356 2.01
    endloop
  endfacet
  facet normal 0 0 1
    outer loop
      vertex -9.56678787626529 -1.340941795260356 2.01
      vertex -8.666518845958516 -1.3565272009052167 2.01
      vertex -8.757750109773557 -0.5005277607194869 2.01
    endloop
  endfacet
  facet normal 0 0 1
    outer loop
      vertex -9.56678787626529 -1.340941795260356 2.01
      vertex -8.757750109773557 -0.5005277607194869 2.01
      vertex -8.764639445464397 0.36029203676153543 2.01
    endloop
  endfacet
  facet normal 0 0 1
    outer loop
      vertex -8.951850645656542 -3.620607158807834 2.01
      vertex -7.8995623954795455 -3.8138732208294464 2.01
      vertex -8.235348792456673 -3.0212158648778136 2.01
    endloop
  endfacet
  facet normal 0 0 1
    outer loop
      vertex -9.075238655048832 -3.3293374353135006 2.01
      vertex -8.235348792456673 -3.0212158648778136 2.01
      vertex -8.491824272299358 -2.199462546171655 2.01
    endloop
  endfacet
  facet normal -0.5000000048485692 -0.8660254009851158 0
    outer loop
      vertex -6.536747571682665 -12.380263776401227 -2.01
      vertex -6.536747571682665 -12.380263776401227 2.01
      vertex -7.453249146967757 -11.851121338356107 2.01
    endloop
  endfacet
  facet normal 0.4617179927209958 -0.8870267725371622 0
    outer loop
      vertex -6.117198686670332 -12.161878858342725 -2.01
      vertex -6.117198686670332 -12.161878858342725 2.01
      vertex -6.536747571682665 -12.380263776401227 2.01
    endloop
  endfacet
  facet normal 0.5122470235583297 -0.8588381610382901 0
    outer loop
      vertex -5.763752741548819 -11.951068904161865 -2.01
      vertex -5.763752741548819 -11.951068904161865 2.01
      vertex -6.117198686670332 -12.161878858342725 2.01
    endloop
  endfacet
  facet normal 0.5586506043230108 -0.8294030999999547 0
    outer loop
      vertex -5.466352739396885 -11.750752928820258 -2.01
      vertex -5.466352739396885 -11.750752928820258 2.01
      vertex -5.763752741548819 -11.951068904161865 2.01
    endloop
  endfacet
  facet normal 0.6013437394281866 -0.7989904298866947 0
    outer loop
      vertex -5.216651038324863 -11.562820071244577 -2.01
      vertex -5.216651038324863 -11.562820071244577 2.01
      vertex -5.466352739396885 -11.750752928820258 2.01
    endloop
  endfacet
  facet normal 0.640689411418037 -0.7678001550513058 0
    outer loop
      vertex -5.0076950223782415 -11.388457112356983 -2.01
      vertex -5.0076950223782415 -11.388457112356983 2.01
      vertex -5.216651038324863 -11.562820071244577 2.01
    endloop
  endfacet
  facet normal 0.677004195353143 -0.7359791569563933 0
    outer loop
      vertex -4.833671226281223 -11.228378068085975 -2.01
      vertex -4.833671226281223 -11.228378068085975 2.01
      vertex -5.0076950223782415 -11.388457112356983 2.01
    endloop
  endfacet
  facet normal 0.7105634056205306 -0.70363317615996 0
    outer loop
      vertex -4.689697242820243 -11.082986054924943 -2.01
      vertex -4.689697242820243 -11.082986054924943 2.01
      vertex -4.833671226281223 -11.228378068085975 2.01
    endloop
  endfacet
  facet normal 0.7416059111031421 -0.6708358015318491 0
    outer loop
      vertex -4.571652646042648 -10.952488292962704 -2.01
      vertex -4.571652646042648 -10.952488292962704 2.01
      vertex -4.689697242820243 -11.082986054924943 2.01
    endloop
  endfacet
  facet normal 0.7703380829436516 -0.6376356624018922 0
    outer loop
      vertex -4.476041089401646 -10.836978406058565 -2.01
      vertex -4.476041089401646 -10.836978406058565 2.01
      vertex -4.571652646042648 -10.952488292962704 2.01
    endloop
  endfacet
  facet normal 0.7969370062261963 -0.6040624207043738 0
    outer loop
      vertex -4.399877406485285 -10.736495980126906 -2.01
      vertex -4.399877406485285 -10.736495980126906 2.01
      vertex -4.476041089401646 -10.836978406058565 2.01
    endloop
  endfacet
  facet normal 0.8215531063143938 -0.5701319965632261 0
    outer loop
      vertex -4.340594616522904 -10.651070218131146 -2.01
      vertex -4.340594616522904 -10.651070218131146 2.01
      vertex -4.399877406485285 -10.736495980126906 2.01
    endloop
  endfacet
  facet normal 0.844310808229765 -0.5358537665318784 0
    outer loop
      vertex -4.29596659838338 -10.580752679245595 -2.01
      vertex -4.29596659838338 -10.580752679245595 2.01
      vertex -4.340594616522904 -10.651070218131146 2.01
    endloop
  endfacet
  facet normal 0.8653066503683242 -0.5012428561369734 0
    outer loop
      vertex -4.264043091534178 -10.52564242192924 -2.01
      vertex -4.264043091534178 -10.52564242192924 2.01
      vertex -4.29596659838338 -10.580752679245595 2.01
    endloop
  endfacet
  facet normal 0.884596911102677 -0.4663564139878454 0
    outer loop
      vertex -4.243094296370471 -10.485906205298969 -2.01
      vertex -4.243094296370471 -10.485906205298969 2.01
      vertex -4.264043091534178 -10.52564242192924 2.01
    endloop
  endfacet
  facet normal -0.8461748570358255 0.5329053493073609 0
    outer loop
      vertex -6.983452183709321 -8.95559085563742 -2.01
      vertex -6.983452183709321 -8.95559085563742 2.01
      vertex -6.9595139980788465 -8.917580558255546 2.01
    endloop
  endfacet
  facet normal -0.8247268531486608 0.5655312703074052 0
    outer loop
      vertex -6.9595139980788465 -8.917580558255546 -2.01
      vertex -6.9595139980788465 -8.917580558255546 2.01
      vertex -6.944399354442256 -8.895538536642677 2.01
    endloop
  endfacet
  facet normal -0.8042338661333596 0.5943129550701293 0
    outer loop
      vertex -6.944399354442256 -8.895538536642677 -2.01
      vertex -6.944399354442256 -8.895538536642677 2.01
      vertex -6.939126802053124 -8.88840363380045 2.01
    endloop
  endfacet
  facet normal -0.788236797965938 0.6153720422089429 0
    outer loop
      vertex -6.939126802053124 -8.88840363380045 -2.01
      vertex -6.939126802053124 -8.88840363380045 2.01
      vertex -5.942226494553568 -7.611463096407785 2.01
    endloop
  endfacet
  facet normal -0.628186576441038 -0.7780627385881476 0
    outer loop
      vertex -5.942226494553568 -7.611463096407785 -2.01
      vertex -5.942226494553568 -7.611463096407785 2.01
      vertex -6.434207150238592 -7.214251369843425 2.01
    endloop
  endfacet
  facet normal 0.9021280198453074 -0.4314684644443724 0
    outer loop
      vertex -4.231562674233388 -10.461795522128813 -2.01
      vertex -4.231562674233388 -10.461795522128813 2.01
      vertex -4.243094296370471 -10.485906205298969 2.01
    endloop
  endfacet
  facet normal 0.916807073945136 -0.3993304260435933 0
    outer loop
      vertex -4.22801994553347 -10.453661910159065 -2.01
      vertex -4.22801994553347 -10.453661910159065 2.01
      vertex -4.231562674233388 -10.461795522128813 2.01
    endloop
  endfacet
  facet normal 0.9270462191305618 -0.3749470730592925 0
    outer loop
      vertex -3.6201227167478773 -8.950652904201275 -2.01
      vertex -3.6201227167478773 -8.950652904201275 2.01
      vertex -4.22801994553347 -10.453661910159065 2.01
    endloop
  endfacet
  facet normal -0.8985071550004317 -0.4389588732592501 0
    outer loop
      vertex -0.9839781533994242 -13.231805639036676 -2.01
      vertex -0.9839781533994242 -13.231805639036676 2.01
      vertex -1.1413761265983622 -12.909626925455262 2.01
    endloop
  endfacet
  facet normal -0.9542924082385651 -0.29887455491935033 0
    outer loop
      vertex -1.3574374484364613 -12.36654068124781 -2.01
      vertex -1.3574374484364613 -12.36654068124781 2.01
      vertex -1.4281069578730479 -12.140896258732564 2.01
    endloop
  endfacet
  facet normal -0.9202741652448169 -0.39127415041496844 0
    outer loop
      vertex -1.1413761265983622 -12.909626925455262 -2.01
      vertex -1.1413761265983622 -12.909626925455262 2.01
      vertex -1.2636577218128955 -12.622021437483435 2.01
    endloop
  endfacet
  facet normal -0.9387533964554062 -0.3445896989804522 0
    outer loop
      vertex -1.2636577218128955 -12.622021437483435 -2.01
      vertex -1.2636577218128955 -12.622021437483435 2.01
      vertex -1.3574374484364613 -12.36654068124781 2.01
    endloop
  endfacet
  facet normal -0.8433729011923603 -0.537328716461703 0
    outer loop
      vertex -0.5291424332497332 -13.989996719562551 -2.01
      vertex -0.5291424332497332 -13.989996719562551 2.01
      vertex -0.7832899608201025 -13.591095393258387 2.01
    endloop
  endfacet
  facet normal -0.8730380169728528 -0.4876521515589866 0
    outer loop
      vertex -0.7832899608201025 -13.591095393258387 -2.01
      vertex -0.7832899608201025 -13.591095393258387 2.01
      vertex -0.9839781533994242 -13.231805639036676 2.01
    endloop
  endfacet
  facet normal -0.9671825520862157 -0.25408248845600234 0
    outer loop
      vertex -1.4281069578730479 -12.140896258732564 -2.01
      vertex -1.4281069578730479 -12.140896258732564 2.01
      vertex -1.4800960749570298 -11.942996091556337 2.01
    endloop
  endfacet
  facet normal -0.977667457039684 -0.21015790122086175 0
    outer loop
      vertex -1.4800960749570298 -11.942996091556337 -2.01
      vertex -1.4800960749570298 -11.942996091556337 2.01
      vertex -1.517076814109198 -11.770959422954704 2.01
    endloop
  endfacet
  facet normal -0.9921989035235855 -0.12466489420279682 0
    outer loop
      vertex -1.5421239089969847 -11.623119144188552 -2.01
      vertex -1.5421239089969847 -11.623119144188552 2.01
      vertex -1.5578423799891665 -11.498016967001927 2.01
    endloop
  endfacet
  facet normal -0.9965518590754241 -0.08297223736477195 0
    outer loop
      vertex -1.5578423799891665 -11.498016967001927 -2.01
      vertex -1.5578423799891665 -11.498016967001927 2.01
      vertex -1.56646990062192 -11.394394695277668 2.01
    endloop
  endfacet
  facet normal -0.9859501797463798 -0.1670396451686885 0
    outer loop
      vertex -1.517076814109198 -11.770959422954704 -2.01
      vertex -1.517076814109198 -11.770959422954704 2.01
      vertex -1.5421239089969847 -11.623119144188552 2.01
    endloop
  endfacet
  facet normal -0.9991214900000812 -0.041907615298625966 0
    outer loop
      vertex -1.56646990062192 -11.394394695277668 -2.01
      vertex -1.56646990062192 -11.394394695277668 2.01
      vertex -1.5699601325706627 -11.311183906015986 2.01
    endloop
  endfacet
  facet normal -0.9999989694787259 -0.0014356327825420085 0
    outer loop
      vertex -1.5699601325706627 -11.311183906015986 -2.01
      vertex -1.5699601325706627 -11.311183906015986 2.01
      vertex -1.5700515661485368 -11.247495277028309 2.01
    endloop
  endfacet
  facet normal -0.9992616000848207 0.03842205871532568 0
    outer loop
      vertex -1.5700515661485368 -11.247495277028309 -2.01
      vertex -1.5700515661485368 -11.247495277028309 2.01
      vertex -1.5683256417979137 -11.202608303610065 2.01
    endloop
  endfacet
  facet normal -0.9970000388262786 0.07740105025384826 0
    outer loop
      vertex -1.5683256417979137 -11.202608303610065 -2.01
      vertex -1.5683256417979137 -11.202608303610065 2.01
      vertex -1.5662569863626932 -11.1759620301749 2.01
    endloop
  endfacet
  facet normal -0.993643391748923 0.1125735760900224 0
    outer loop
      vertex -1.5662569863626932 -11.1759620301749 -2.01
      vertex -1.5662569863626932 -11.1759620301749 2.01
      vertex -1.5652582699129267 -11.167146746562093 2.01
    endloop
  endfacet
  facet normal -0.990319112448131 0.13880942158205994 0
    outer loop
      vertex -1.5652582699129267 -11.167146746562093 -2.01
      vertex -1.5652582699129267 -11.167146746562093 2.01
      vertex -1.3418244082818425 -9.573084751205782 2.01
    endloop
  endfacet
  facet normal -0.37527739966300383 -0.9269125488966983 0
    outer loop
      vertex -3.183657812202251 -9.12736365713801 -2.01
      vertex -3.183657812202251 -9.12736365713801 2.01
      vertex -3.6201227167478773 -8.950652904201275 2.01
    endloop
  endfacet
  facet normal -0.2826170179545272 -0.9592328294853604 0
    outer loop
      vertex -2.2736895481999495 -9.395465946071933 -2.01
      vertex -2.2736895481999495 -9.395465946071933 2.01
      vertex -3.183657812202251 -9.12736365713801 2.01
    endloop
  endfacet
  facet normal -0.18723486933344316 -0.9823151753412387 0
    outer loop
      vertex -1.3418244082818425 -9.573084751205782 -2.01
      vertex -1.3418244082818425 -9.573084751205782 2.01
      vertex -2.2736895481999495 -9.395465946071933 2.01
    endloop
  endfacet
  facet normal 0 0 1
    outer loop
      vertex -7.453249146967757 -11.851121338356107 2.01
      vertex -6.536747571682665 -12.380263776401227 2.01
      vertex -6.117198686670332 -12.161878858342725 2.01
    endloop
  endfacet
  facet normal 0 0 1
    outer loop
      vertex -7.46805289618605 -10.967090748526687 2.01
      vertex -6.117198686670332 -12.161878858342725 2.01
      vertex -5.763752741548819 -11.951068904161865 2.01
    endloop
  endfacet
  facet normal 0 0 1
    outer loop
      vertex -7.46805289618605 -10.967090748526687 2.01
      vertex -5.763752741548819 -11.951068904161865 2.01
      vertex -5.466352739396885 -11.750752928820258 2.01
    endloop
  endfacet
  facet normal 0 0 1
    outer loop
      vertex -7.46805289618605 -10.967090748526687 2.01
      vertex -5.466352739396885 -11.750752928820258 2.01
      vertex -7.443274180637568 -10.609376810862738 2.01
    endloop
  endfacet
  facet normal 0 0 1
    outer loop
      vertex -7.443274180637568 -10.609376810862738 2.01
      vertex -5.216651038324863 -11.562820071244577 2.01
      vertex -7.405370409289919 -10.299162351619108 2.01
    endloop
  endfacet
  facet normal 0 0 1
    outer loop
      vertex -7.405370409289919 -10.299162351619108 2.01
      vertex -5.216651038324863 -11.562820071244577 2.01
      vertex -7.358845655261466 -10.031019664247927 2.01
    endloop
  endfacet
  facet normal 0 0 1
    outer loop
      vertex -7.443274180637568 -10.609376810862738 2.01
      vertex -5.466352739396885 -11.750752928820258 2.01
      vertex -5.216651038324863 -11.562820071244577 2.01
    endloop
  endfacet
  facet normal 0 0 1
    outer loop
      vertex -7.358845655261466 -10.031019664247927 2.01
      vertex -5.216651038324863 -11.562820071244577 2.01
      vertex -5.0076950223782415 -11.388457112356983 2.01
    endloop
  endfacet
  facet normal 0 0 1
    outer loop
      vertex -7.307225031974913 -9.800271109189435 2.01
      vertex -5.0076950223782415 -11.388457112356983 2.01
      vertex -4.833671226281223 -11.228378068085975 2.01
    endloop
  endfacet
  facet normal 0 0 1
    outer loop
      vertex -7.307225031974913 -9.800271109189435 2.01
      vertex -4.833671226281223 -11.228378068085975 2.01
      vertex -4.689697242820243 -11.082986054924943 2.01
    endloop
  endfacet
  facet normal 0 0 1
    outer loop
      vertex -7.358845655261466 -10.031019664247927 2.01
      vertex -5.0076950223782415 -11.388457112356983 2.01
      vertex -7.307225031974913 -9.800271109189435 2.01
    endloop
  endfacet
  facet normal 0 0 1
    outer loop
      vertex -7.307225031974913 -9.800271109189435 2.01
      vertex -4.689697242820243 -11.082986054924943 2.01
      vertex -7.2532988498685445 -9.602889971776694 2.01
    endloop
  endfacet
  facet normal 0 0 1
    outer loop
      vertex -7.2532988498685445 -9.602889971776694 2.01
      vertex -4.689697242820243 -11.082986054924943 2.01
      vertex -7.1993067690150205 -9.435411483650705 2.01
    endloop
  endfacet
  facet normal 0 0 1
    outer loop
      vertex -7.1993067690150205 -9.435411483650705 2.01
      vertex -4.476041089401646 -10.836978406058565 2.01
      vertex -7.147078055995113 -9.294854495883719 2.01
    endloop
  endfacet
  facet normal 0 0 1
    outer loop
      vertex -7.147078055995113 -9.294854495883719 2.01
      vertex -4.476041089401646 -10.836978406058565 2.01
      vertex -7.098139562336474 -9.178653597379911 2.01
    endloop
  endfacet
  facet normal 0 0 1
    outer loop
      vertex -7.098139562336474 -9.178653597379911 2.01
      vertex -4.399877406485285 -10.736495980126906 2.01
      vertex -7.0538000735147435 -9.084600315786718 2.01
    endloop
  endfacet
  facet normal 0 0 1
    outer loop
      vertex -7.0538000735147435 -9.084600315786718 2.01
      vertex -4.29596659838338 -10.580752679245595 2.01
      vertex -7.015217310682609 -9.0107925429388 2.01
    endloop
  endfacet
  facet normal 0 0 1
    outer loop
      vertex -7.1993067690150205 -9.435411483650705 2.01
      vertex -4.689697242820243 -11.082986054924943 2.01
      vertex -4.571652646042648 -10.952488292962704 2.01
    endloop
  endfacet
  facet normal 0 0 1
    outer loop
      vertex -7.1993067690150205 -9.435411483650705 2.01
      vertex -4.571652646042648 -10.952488292962704 2.01
      vertex -4.476041089401646 -10.836978406058565 2.01
    endloop
  endfacet
  facet normal 0 0 1
    outer loop
      vertex -7.098139562336474 -9.178653597379911 2.01
      vertex -4.476041089401646 -10.836978406058565 2.01
      vertex -4.399877406485285 -10.736495980126906 2.01
    endloop
  endfacet
  facet normal 0 0 1
    outer loop
      vertex -7.0538000735147435 -9.084600315786718 2.01
      vertex -4.399877406485285 -10.736495980126906 2.01
      vertex -4.340594616522904 -10.651070218131146 2.01
    endloop
  endfacet
  facet normal 0 0 1
    outer loop
      vertex -7.015217310682609 -9.0107925429388 2.01
      vertex -4.29596659838338 -10.580752679245595 2.01
      vertex -6.983452183709321 -8.95559085563742 2.01
    endloop
  endfacet
  facet normal 0 0 1
    outer loop
      vertex -6.983452183709321 -8.95559085563742 2.01
      vertex -4.243094296370471 -10.485906205298969 2.01
      vertex -6.9595139980788465 -8.917580558255546 2.01
    endloop
  endfacet
  facet normal 0 0 1
    outer loop
      vertex -6.9595139980788465 -8.917580558255546 2.01
      vertex -4.231562674233388 -10.461795522128813 2.01
      vertex -6.944399354442256 -8.895538536642677 2.01
    endloop
  endfacet
  facet normal 0 0 1
    outer loop
      vertex -6.944399354442256 -8.895538536642677 2.01
      vertex -4.22801994553347 -10.453661910159065 2.01
      vertex -6.939126802053124 -8.88840363380045 2.01
    endloop
  endfacet
  facet normal 0 0 1
    outer loop
      vertex -6.939126802053124 -8.88840363380045 2.01
      vertex -4.22801994553347 -10.453661910159065 2.01
      vertex -5.942226494553568 -7.611463096407785 2.01
    endloop
  endfacet
  facet normal 0 0 1
    outer loop
      vertex -6.434207150238592 -7.214251369843425 2.01
      vertex -5.942226494553568 -7.611463096407785 2.01
      vertex -5.838737913996498 -6.546591063774667 2.01
    endloop
  endfacet
  facet normal 0 0 1
    outer loop
      vertex -5.942226494553568 -7.611463096407785 2.01
      vertex -5.168944662562453 -7.087363833681329 2.01
      vertex -5.838737913996498 -6.546591063774667 2.01
    endloop
  endfacet
  facet normal 0 0 1
    outer loop
      vertex -7.0538000735147435 -9.084600315786718 2.01
      vertex -4.340594616522904 -10.651070218131146 2.01
      vertex -4.29596659838338 -10.580752679245595 2.01
    endloop
  endfacet
  facet normal 0 0 1
    outer loop
      vertex -4.29596659838338 -10.580752679245595 2.01
      vertex -4.264043091534178 -10.52564242192924 2.01
      vertex -6.983452183709321 -8.95559085563742 2.01
    endloop
  endfacet
  facet normal 0 0 1
    outer loop
      vertex -4.264043091534178 -10.52564242192924 2.01
      vertex -4.243094296370471 -10.485906205298969 2.01
      vertex -6.983452183709321 -8.95559085563742 2.01
    endloop
  endfacet
  facet normal 0 0 1
    outer loop
      vertex -6.9595139980788465 -8.917580558255546 2.01
      vertex -4.243094296370471 -10.485906205298969 2.01
      vertex -4.231562674233388 -10.461795522128813 2.01
    endloop
  endfacet
  facet normal 0 0 1
    outer loop
      vertex -6.944399354442256 -8.895538536642677 2.01
      vertex -4.231562674233388 -10.461795522128813 2.01
      vertex -4.22801994553347 -10.453661910159065 2.01
    endloop
  endfacet
  facet normal 0 0 1
    outer loop
      vertex -5.942226494553568 -7.611463096407785 2.01
      vertex -4.22801994553347 -10.453661910159065 2.01
      vertex -3.6201227167478773 -8.950652904201275 2.01
    endloop
  endfacet
  facet normal 0 0 1
    outer loop
      vertex -5.942226494553568 -7.611463096407785 2.01
      vertex -3.6201227167478773 -8.950652904201275 2.01
      vertex -4.449371644327583 -7.559881410067097 2.01
    endloop
  endfacet
  facet normal 0 0 1
    outer loop
      vertex -5.942226494553568 -7.611463096407785 2.01
      vertex -4.449371644327583 -7.559881410067097 2.01
      vertex -5.168944662562453 -7.087363833681329 2.01
    endloop
  endfacet
  facet normal 0 0 1
    outer loop
      vertex -3.6201227167478773 -8.950652904201275 2.01
      vertex -3.6869487459944263 -7.959593199313643 2.01
      vertex -4.449371644327583 -7.559881410067097 2.01
    endloop
  endfacet
  facet normal 0 0 1
    outer loop
      vertex -0.7832899608201025 -13.591095393258387 2.01
      vertex -0.5291424332497332 -13.989996719562551 2.01
      vertex 0.529142430285461 -13.9899967205676 2.01
    endloop
  endfacet
  facet normal 0 0 1
    outer loop
      vertex -0.9839781533994242 -13.231805639036676 2.01
      vertex -0.7832899608201025 -13.591095393258387 2.01
      vertex 0.983978155139712 -13.231805642433887 2.01
    endloop
  endfacet
  facet normal 0 0 1
    outer loop
      vertex -1.3574374484364613 -12.36654068124781 2.01
      vertex -1.2636577218128955 -12.622021437483435 2.01
      vertex 1.2636577160829374 -12.622021439729945 2.01
    endloop
  endfacet
  facet normal 0 0 1
    outer loop
      vertex -0.9839781533994242 -13.231805639036676 2.01
      vertex 1.1413761245799858 -12.909626922128934 2.01
      vertex -1.1413761265983622 -12.909626925455262 2.01
    endloop
  endfacet
  facet normal 0 0 1
    outer loop
      vertex -1.1413761265983622 -12.909626925455262 2.01
      vertex 1.2636577160829374 -12.622021439729945 2.01
      vertex -1.2636577218128955 -12.622021437483435 2.01
    endloop
  endfacet
  facet normal 0 0 1
    outer loop
      vertex -1.3574374484364613 -12.36654068124781 2.01
      vertex 1.4281069558268669 -12.140896260693866 2.01
      vertex -1.4281069578730479 -12.140896258732564 2.01
    endloop
  endfacet
  facet normal 0 0 1
    outer loop
      vertex -1.4281069578730479 -12.140896258732564 2.01
      vertex 1.4281069558268669 -12.140896260693866 2.01
      vertex -1.4800960749570298 -11.942996091556337 2.01
    endloop
  endfacet
  facet normal 0 0 1
    outer loop
      vertex -1.4800960749570298 -11.942996091556337 2.01
      vertex 1.4800960763250368 -11.942996092095543 2.01
      vertex -1.517076814109198 -11.770959422954704 2.01
    endloop
  endfacet
  facet normal 0 0 1
    outer loop
      vertex -1.5421239089969847 -11.623119144188552 2.01
      vertex -1.517076814109198 -11.770959422954704 2.01
      vertex 1.5170768156618863 -11.770959423658644 2.01
    endloop
  endfacet
  facet normal 0 0 1
    outer loop
      vertex -1.5421239089969847 -11.623119144188552 2.01
      vertex 1.5578423812814544 -11.498016966533202 2.01
      vertex -1.5578423799891665 -11.498016967001927 2.01
    endloop
  endfacet
  facet normal 0 0 1
    outer loop
      vertex -1.5578423799891665 -11.498016967001927 2.01
      vertex 1.5664699005299703 -11.394394696433732 2.01
      vertex -1.56646990062192 -11.394394695277668 2.01
    endloop
  endfacet
  facet normal 0 0 1
    outer loop
      vertex -1.56646990062192 -11.394394695277668 2.01
      vertex 1.569960131907337 -11.311183913301427 2.01
      vertex -1.5699601325706627 -11.311183906015986 2.01
    endloop
  endfacet
  facet normal 0 0 1
    outer loop
      vertex -1.5699601325706627 -11.311183906015986 2.01
      vertex 1.569960131907337 -11.311183913301427 2.01
      vertex -1.5700515661485368 -11.247495277028309 2.01
    endloop
  endfacet
  facet normal 0 0 1
    outer loop
      vertex -1.5700515661485368 -11.247495277028309 2.01
      vertex 1.568325647973662 -11.20260830157664 2.01
      vertex -1.5683256417979137 -11.202608303610065 2.01
    endloop
  endfacet
  facet normal 0 0 1
    outer loop
      vertex -1.5662569863626932 -11.1759620301749 2.01
      vertex -1.5683256417979137 -11.202608303610065 2.01
      vertex 1.5662569899912537 -11.175962028263243 2.01
    endloop
  endfacet
  facet normal 0 0 1
    outer loop
      vertex -1.5662569863626932 -11.1759620301749 2.01
      vertex 1.5652582697321133 -11.167146747550635 2.01
      vertex -1.5652582699129267 -11.167146746562093 2.01
    endloop
  endfacet
  facet normal 0 0 1
    outer loop
      vertex -1.5652582699129267 -11.167146746562093 2.01
      vertex 1.5652582697321133 -11.167146747550635 2.01
      vertex -1.3418244082818425 -9.573084751205782 2.01
    endloop
  endfacet
  facet normal 0 0 1
    outer loop
      vertex -3.6201227167478773 -8.950652904201275 2.01
      vertex -3.183657812202251 -9.12736365713801 2.01
      vertex -2.8890185203535528 -8.282649757990722 2.01
    endloop
  endfacet
  facet normal 0 0 1
    outer loop
      vertex -3.183657812202251 -9.12736365713801 2.01
      vertex -2.2736895481999495 -9.395465946071933 2.01
      vertex -2.8890185203535528 -8.282649757990722 2.01
    endloop
  endfacet
  facet normal 0 0 1
    outer loop
      vertex -2.2736895481999495 -9.395465946071933 2.01
      vertex -1.3418244082818425 -9.573084751205782 2.01
      vertex -2.06326546382168 -8.525939865290216 2.01
    endloop
  endfacet
  facet normal 0 0 1
    outer loop
      vertex -3.6201227167478773 -8.950652904201275 2.01
      vertex -2.8890185203535528 -8.282649757990722 2.01
      vertex -3.6869487459944263 -7.959593199313643 2.01
    endloop
  endfacet
  facet normal 0 0 1
    outer loop
      vertex -2.2736895481999495 -9.395465946071933 2.01
      vertex -2.06326546382168 -8.525939865290216 2.01
      vertex -2.8890185203535528 -8.282649757990722 2.01
    endloop
  endfacet
  facet normal 0 0 1
    outer loop
      vertex -2.06326546382168 -8.525939865290216 2.01
      vertex -1.3418244082818425 -9.573084751205782 2.01
      vertex -1.2176420294079815 -8.687120514582569 2.01
    endloop
  endfacet
  facet normal 0 0 1
    outer loop
      vertex -1.3418244082818425 -9.573084751205782 2.01
      vertex -0.36029203676153543 -8.764639445464397 2.01
      vertex -1.2176420294079815 -8.687120514582569 2.01
    endloop
  endfacet
  facet normal 0 0 1
    outer loop
      vertex -1.3418244082818425 -9.573084751205782 2.01
      vertex 1.340941795260356 -9.56678787626529 2.01
      vertex -0.36029203676153543 -8.764639445464397 2.01
    endloop
  endfacet
  facet normal -0.7014251811312638 -0.7127430920570003 0
    outer loop
      vertex -6.434207150238592 -7.214251369843425 -2.01
      vertex -6.434207150238592 -7.214251369843425 2.01
      vertex -7.110344974104885 -6.548850188323191 2.01
    endloop
  endfacet
  facet normal 0 0 1
    outer loop
      vertex -7.110344974104885 -6.548850188323191 2.01
      vertex -6.434207150238592 -7.214251369843425 2.01
      vertex -6.4523009332231975 -5.94277104513032 2.01
    endloop
  endfacet
  facet normal 0 0 1
    outer loop
      vertex -6.434207150238592 -7.214251369843425 2.01
      vertex -5.838737913996498 -6.546591063774667 2.01
      vertex -6.4523009332231975 -5.94277104513032 2.01
    endloop
  endfacet
  facet normal 0 0 -1
    outer loop
      vertex -13.9899967205676 -0.529142430285461 -2.01
      vertex -13.989996719562551 0.5291424332497332 -2.01
      vertex -13.591095393258387 0.7832899608201025 -2.01
    endloop
  endfacet
  facet normal 0 0 -1
    outer loop
      vertex -13.231805642433887 -0.983978155139712 -2.01
      vertex -13.591095393258387 0.7832899608201025 -2.01
      vertex -13.231805639036676 0.9839781533994242 -2.01
    endloop
  endfacet
  facet normal 0 0 -1
    outer loop
      vertex -12.909626922128934 -1.1413761245799858 -2.01
      vertex -13.231805639036676 0.9839781533994242 -2.01
      vertex -12.909626925455262 1.1413761265983622 -2.01
    endloop
  endfacet
  facet normal 0 0 -1
    outer loop
      vertex -12.622021439729945 -1.2636577160829374 -2.01
      vertex -12.909626925455262 1.1413761265983622 -2.01
      vertex -12.622021437483435 1.2636577218128955 -2.01
    endloop
  endfacet
  facet normal 0 0 -1
    outer loop
      vertex -12.622021439729945 -1.2636577160829374 -2.01
      vertex -12.622021437483435 1.2636577218128955 -2.01
      vertex -12.36654068124781 1.3574374484364613 -2.01
    endloop
  endfacet
  facet normal 0 0 -1
    outer loop
      vertex -12.140896260693866 -1.4281069558268669 -2.01
      vertex -12.36654068124781 1.3574374484364613 -2.01
      vertex -12.140896258732564 1.4281069578730479 -2.01
    endloop
  endfacet
  facet normal 0 0 -1
    outer loop
      vertex -12.140896260693866 -1.4281069558268669 -2.01
      vertex -12.140896258732564 1.4281069578730479 -2.01
      vertex -11.942996091556337 1.4800960749570298 -2.01
    endloop
  endfacet
  facet normal 0 0 -1
    outer loop
      vertex -11.942996092095543 -1.4800960763250368 -2.01
      vertex -11.942996091556337 1.4800960749570298 -2.01
      vertex -11.770959422954704 1.517076814109198 -2.01
    endloop
  endfacet
  facet normal 0 0 -1
    outer loop
      vertex -11.770959423658644 -1.5170768156618863 -2.01
      vertex -11.770959422954704 1.517076814109198 -2.01
      vertex -11.623119144188552 1.5421239089969847 -2.01
    endloop
  endfacet
  facet normal 0 0 -1
    outer loop
      vertex -11.498016966533202 -1.5578423812814544 -2.01
      vertex -11.623119144188552 1.5421239089969847 -2.01
      vertex -11.498016967001927 1.5578423799891665 -2.01
    endloop
  endfacet
  facet normal 0 0 -1
    outer loop
      vertex -11.394394696433732 -1.5664699005299703 -2.01
      vertex -11.498016967001927 1.5578423799891665 -2.01
      vertex -11.394394695277668 1.56646990062192 -2.01
    endloop
  endfacet
  facet normal 0 0 -1
    outer loop
      vertex -11.311183913301427 -1.569960131907337 -2.01
      vertex -11.394394695277668 1.56646990062192 -2.01
      vertex -11.311183906015986 1.5699601325706627 -2.01
    endloop
  endfacet
  facet normal 0 0 -1
    outer loop
      vertex -11.311183913301427 -1.569960131907337 -2.01
      vertex -11.311183906015986 1.5699601325706627 -2.01
      vertex -11.247495277028309 1.5700515661485368 -2.01
    endloop
  endfacet
  facet normal 0 0 -1
    outer loop
      vertex -11.20260830157664 -1.568325647973662 -2.01
      vertex -11.247495277028309 1.5700515661485368 -2.01
      vertex -11.202608303610065 1.5683256417979137 -2.01
    endloop
  endfacet
  facet normal 0 0 -1
    outer loop
      vertex -11.175962028263243 -1.5662569899912537 -2.01
      vertex -11.202608303610065 1.5683256417979137 -2.01
      vertex -11.1759620301749 1.5662569863626932 -2.01
    endloop
  endfacet
  facet normal 0 0 -1
    outer loop
      vertex -11.167146747550635 -1.5652582697321133 -2.01
      vertex -11.1759620301749 1.5662569863626932 -2.01
      vertex -11.167146746562093 1.5652582699129267 -2.01
    endloop
  endfacet
  facet normal 0 0 -1
    outer loop
      vertex -11.167146747550635 -1.5652582697321133 -2.01
      vertex -11.167146746562093 1.5652582699129267 -2.01
      vertex -9.573084751205782 1.3418244082818425 -2.01
    endloop
  endfacet
  facet normal 0 0 -1
    outer loop
      vertex -12.380263776401227 6.536747571682665 -2.01
      vertex -11.851121338356107 7.453249146967757 -2.01
      vertex -12.161878858342725 6.117198686670332 -2.01
    endloop
  endfacet
  facet normal 0 0 -1
    outer loop
      vertex -12.161878858342725 6.117198686670332 -2.01
      vertex -10.967090748526687 7.46805289618605 -2.01
      vertex -11.951068904161865 5.763752741548819 -2.01
    endloop
  endfacet
  facet normal 0 0 -1
    outer loop
      vertex -11.951068904161865 5.763752741548819 -2.01
      vertex -10.967090748526687 7.46805289618605 -2.01
      vertex -11.750752928820258 5.466352739396885 -2.01
    endloop
  endfacet
  facet normal 0 0 -1
    outer loop
      vertex -11.562820071244577 5.216651038324863 -2.01
      vertex -11.750752928820258 5.466352739396885 -2.01
      vertex -10.609376810862738 7.443274180637568 -2.01
    endloop
  endfacet
  facet normal 0 0 -1
    outer loop
      vertex -11.388457112356983 5.0076950223782415 -2.01
      vertex -11.562820071244577 5.216651038324863 -2.01
      vertex -10.031019664247927 7.358845655261466 -2.01
    endloop
  endfacet
  facet normal 0 0 -1
    outer loop
      vertex -11.082986054924943 4.689697242820243 -2.01
      vertex -11.228378068085975 4.833671226281223 -2.01
      vertex -9.800271109189435 7.307225031974913 -2.01
    endloop
  endfacet
  facet normal 0 0 -1
    outer loop
      vertex -11.388457112356983 5.0076950223782415 -2.01
      vertex -9.800271109189435 7.307225031974913 -2.01
      vertex -11.228378068085975 4.833671226281223 -2.01
    endloop
  endfacet
  facet normal 0 0 -1
    outer loop
      vertex -11.750752928820258 5.466352739396885 -2.01
      vertex -10.967090748526687 7.46805289618605 -2.01
      vertex -10.609376810862738 7.443274180637568 -2.01
    endloop
  endfacet
  facet normal 0 0 -1
    outer loop
      vertex -11.562820071244577 5.216651038324863 -2.01
      vertex -10.609376810862738 7.443274180637568 -2.01
      vertex -10.299162351619108 7.405370409289919 -2.01
    endloop
  endfacet
  facet normal 0 0 -1
    outer loop
      vertex -11.562820071244577 5.216651038324863 -2.01
      vertex -10.299162351619108 7.405370409289919 -2.01
      vertex -10.031019664247927 7.358845655261466 -2.01
    endloop
  endfacet
  facet normal 0 0 -1
    outer loop
      vertex -9.56678787626529 -1.340941795260356 -2.01
      vertex -9.573084751205782 1.3418244082818425 -2.01
      vertex -8.764639445464397 0.36029203676153543 -2.01
    endloop
  endfacet
  facet normal 0 0 -1
    outer loop
      vertex -8.764639445464397 0.36029203676153543 -2.01
      vertex -9.573084751205782 1.3418244082818425 -2.01
      vertex -8.687120514582569 1.2176420294079815 -2.01
    endloop
  endfacet
  facet normal 0 0 -1
    outer loop
      vertex -9.573084751205782 1.3418244082818425 -2.01
      vertex -8.525939865290216 2.06326546382168 -2.01
      vertex -8.687120514582569 1.2176420294079815 -2.01
    endloop
  endfacet
  facet normal 0 0 -1
    outer loop
      vertex -9.573084751205782 1.3418244082818425 -2.01
      vertex -9.395465946071933 2.2736895481999495 -2.01
      vertex -8.525939865290216 2.06326546382168 -2.01
    endloop
  endfacet
  facet normal 0 0 -1
    outer loop
      vertex -9.395465946071933 2.2736895481999495 -2.01
      vertex -9.12736365713801 3.183657812202251 -2.01
      vertex -8.282649757990722 2.8890185203535528 -2.01
    endloop
  endfacet
  facet normal 0 0 -1
    outer loop
      vertex -9.12736365713801 3.183657812202251 -2.01
      vertex -8.950652904201275 3.6201227167478773 -2.01
      vertex -8.282649757990722 2.8890185203535528 -2.01
    endloop
  endfacet
  facet normal 0 0 -1
    outer loop
      vertex -9.395465946071933 2.2736895481999495 -2.01
      vertex -8.282649757990722 2.8890185203535528 -2.01
      vertex -8.525939865290216 2.06326546382168 -2.01
    endloop
  endfacet
  facet normal 0 0 -1
    outer loop
      vertex -8.282649757990722 2.8890185203535528 -2.01
      vertex -8.950652904201275 3.6201227167478773 -2.01
      vertex -7.959593199313643 3.6869487459944263 -2.01
    endloop
  endfacet
  facet normal 0 0 -1
    outer loop
      vertex -10.651070218131146 4.340594616522904 -2.01
      vertex -9.084600315786718 7.0538000735147435 -2.01
      vertex -10.580752679245595 4.29596659838338 -2.01
    endloop
  endfacet
  facet normal 0 0 -1
    outer loop
      vertex -10.580752679245595 4.29596659838338 -2.01
      vertex -8.95559085563742 6.983452183709321 -2.01
      vertex -10.52564242192924 4.264043091534178 -2.01
    endloop
  endfacet
  facet normal 0 0 -1
    outer loop
      vertex -10.52564242192924 4.264043091534178 -2.01
      vertex -8.95559085563742 6.983452183709321 -2.01
      vertex -10.485906205298969 4.243094296370471 -2.01
    endloop
  endfacet
  facet normal 0 0 -1
    outer loop
      vertex -10.485906205298969 4.243094296370471 -2.01
      vertex -8.917580558255546 6.9595139980788465 -2.01
      vertex -10.461795522128813 4.231562674233388 -2.01
    endloop
  endfacet
  facet normal 0 0 -1
    outer loop
      vertex -10.461795522128813 4.231562674233388 -2.01
      vertex -8.895538536642677 6.944399354442256 -2.01
      vertex -10.453661910159065 4.22801994553347 -2.01
    endloop
  endfacet
  facet normal 0 0 -1
    outer loop
      vertex -10.453661910159065 4.22801994553347 -2.01
      vertex -7.611463096407785 5.942226494553568 -2.01
      vertex -8.950652904201275 3.6201227167478773 -2.01
    endloop
  endfacet
  facet normal 0 0 -1
    outer loop
      vertex -10.952488292962704 4.571652646042648 -2.01
      vertex -9.435411483650705 7.1993067690150205 -2.01
      vertex -10.836978406058565 4.476041089401646 -2.01
    endloop
  endfacet
  facet normal 0 0 -1
    outer loop
      vertex -10.952488292962704 4.571652646042648 -2.01
      vertex -11.082986054924943 4.689697242820243 -2.01
      vertex -9.435411483650705 7.1993067690150205 -2.01
    endloop
  endfacet
  facet normal 0 0 -1
    outer loop
      vertex -10.836978406058565 4.476041089401646 -2.01
      vertex -9.178653597379911 7.098139562336474 -2.01
      vertex -10.736495980126906 4.399877406485285 -2.01
    endloop
  endfacet
  facet normal 0 0 -1
    outer loop
      vertex -10.651070218131146 4.340594616522904 -2.01
      vertex -10.736495980126906 4.399877406485285 -2.01
      vertex -9.084600315786718 7.0538000735147435 -2.01
    endloop
  endfacet
  facet normal 0 0 -1
    outer loop
      vertex -11.082986054924943 4.689697242820243 -2.01
      vertex -9.800271109189435 7.307225031974913 -2.01
      vertex -9.602889971776694 7.2532988498685445 -2.01
    endloop
  endfacet
  facet normal 0 0 -1
    outer loop
      vertex -11.388457112356983 5.0076950223782415 -2.01
      vertex -10.031019664247927 7.358845655261466 -2.01
      vertex -9.800271109189435 7.307225031974913 -2.01
    endloop
  endfacet
  facet normal 0 0 -1
    outer loop
      vertex -10.836978406058565 4.476041089401646 -2.01
      vertex -9.435411483650705 7.1993067690150205 -2.01
      vertex -9.294854495883719 7.147078055995113 -2.01
    endloop
  endfacet
  facet normal 0 0 -1
    outer loop
      vertex -11.082986054924943 4.689697242820243 -2.01
      vertex -9.602889971776694 7.2532988498685445 -2.01
      vertex -9.435411483650705 7.1993067690150205 -2.01
    endloop
  endfacet
  facet normal 0 0 -1
    outer loop
      vertex -10.836978406058565 4.476041089401646 -2.01
      vertex -9.294854495883719 7.147078055995113 -2.01
      vertex -9.178653597379911 7.098139562336474 -2.01
    endloop
  endfacet
  facet normal 0 0 -1
    outer loop
      vertex -10.736495980126906 4.399877406485285 -2.01
      vertex -9.178653597379911 7.098139562336474 -2.01
      vertex -9.084600315786718 7.0538000735147435 -2.01
    endloop
  endfacet
  facet normal 0 0 -1
    outer loop
      vertex -10.580752679245595 4.29596659838338 -2.01
      vertex -9.0107925429388 7.015217310682609 -2.01
      vertex -8.95559085563742 6.983452183709321 -2.01
    endloop
  endfacet
  facet normal 0 0 -1
    outer loop
      vertex -10.485906205298969 4.243094296370471 -2.01
      vertex -8.95559085563742 6.983452183709321 -2.01
      vertex -8.917580558255546 6.9595139980788465 -2.01
    endloop
  endfacet
  facet normal 0 0 -1
    outer loop
      vertex -10.453661910159065 4.22801994553347 -2.01
      vertex -8.895538536642677 6.944399354442256 -2.01
      vertex -8.88840363380045 6.939126802053124 -2.01
    endloop
  endfacet
  facet normal 0 0 -1
    outer loop
      vertex -10.461795522128813 4.231562674233388 -2.01
      vertex -8.917580558255546 6.9595139980788465 -2.01
      vertex -8.895538536642677 6.944399354442256 -2.01
    endloop
  endfacet
  facet normal 0 0 -1
    outer loop
      vertex -10.453661910159065 4.22801994553347 -2.01
      vertex -8.88840363380045 6.939126802053124 -2.01
      vertex -7.611463096407785 5.942226494553568 -2.01
    endloop
  endfacet
  facet normal 0 0 -1
    outer loop
      vertex -10.580752679245595 4.29596659838338 -2.01
      vertex -9.084600315786718 7.0538000735147435 -2.01
      vertex -9.0107925429388 7.015217310682609 -2.01
    endloop
  endfacet
  facet normal 0 0 -1
    outer loop
      vertex -8.950652904201275 3.6201227167478773 -2.01
      vertex -7.559881410067097 4.449371644327583 -2.01
      vertex -7.959593199313643 3.6869487459944263 -2.01
    endloop
  endfacet
  facet normal 0 0 -1
    outer loop
      vertex -8.950652904201275 3.6201227167478773 -2.01
      vertex -7.611463096407785 5.942226494553568 -2.01
      vertex -7.559881410067097 4.449371644327583 -2.01
    endloop
  endfacet
  facet normal 0 0 -1
    outer loop
      vertex -7.559881410067097 4.449371644327583 -2.01
      vertex -7.611463096407785 5.942226494553568 -2.01
      vertex -7.087363833681329 5.168944662562453 -2.01
    endloop
  endfacet
  facet normal 0 0 -1
    outer loop
      vertex -7.087363833681329 5.168944662562453 -2.01
      vertex -7.611463096407785 5.942226494553568 -2.01
      vertex -6.546591063774667 5.838737913996498 -2.01
    endloop
  endfacet
  facet normal 0 0 -1
    outer loop
      vertex -7.611463096407785 5.942226494553568 -2.01
      vertex -7.214251369843425 6.434207150238592 -2.01
      vertex -6.546591063774667 5.838737913996498 -2.01
    endloop
  endfacet
  facet normal -1 9.49695609857433e-10 0
    outer loop
      vertex -13.9899967205676 -0.529142430285461 -2.01
      vertex -13.989996719562551 0.5291424332497332 2.01
      vertex -13.989996719562551 0.5291424332497332 -2.01
    endloop
  endfacet
  facet normal -0.537328716461703 0.8433729011923603 0
    outer loop
      vertex -13.989996719562551 0.5291424332497332 -2.01
      vertex -13.591095393258387 0.7832899608201025 2.01
      vertex -13.591095393258387 0.7832899608201025 -2.01
    endloop
  endfacet
  facet normal -0.4876521515589866 0.8730380169728528 0
    outer loop
      vertex -13.591095393258387 0.7832899608201025 -2.01
      vertex -13.231805639036676 0.9839781533994242 2.01
      vertex -13.231805639036676 0.9839781533994242 -2.01
    endloop
  endfacet
  facet normal -0.4389588732592501 0.8985071550004317 0
    outer loop
      vertex -13.231805639036676 0.9839781533994242 -2.01
      vertex -12.909626925455262 1.1413761265983622 2.01
      vertex -12.909626925455262 1.1413761265983622 -2.01
    endloop
  endfacet
  facet normal -0.39127415041496844 0.9202741652448169 0
    outer loop
      vertex -12.909626925455262 1.1413761265983622 -2.01
      vertex -12.622021437483435 1.2636577218128955 2.01
      vertex -12.622021437483435 1.2636577218128955 -2.01
    endloop
  endfacet
  facet normal -0.3445896989804522 0.9387533964554062 0
    outer loop
      vertex -12.622021437483435 1.2636577218128955 -2.01
      vertex -12.36654068124781 1.3574374484364613 2.01
      vertex -12.36654068124781 1.3574374484364613 -2.01
    endloop
  endfacet
  facet normal -0.29887455491935033 0.9542924082385651 0
    outer loop
      vertex -12.36654068124781 1.3574374484364613 -2.01
      vertex -12.140896258732564 1.4281069578730479 2.01
      vertex -12.140896258732564 1.4281069578730479 -2.01
    endloop
  endfacet
  facet normal -0.25408248845600234 0.9671825520862157 0
    outer loop
      vertex -12.140896258732564 1.4281069578730479 -2.01
      vertex -11.942996091556337 1.4800960749570298 2.01
      vertex -11.942996091556337 1.4800960749570298 -2.01
    endloop
  endfacet
  facet normal -0.21015790122086175 0.977667457039684 0
    outer loop
      vertex -11.942996091556337 1.4800960749570298 -2.01
      vertex -11.770959422954704 1.517076814109198 2.01
      vertex -11.770959422954704 1.517076814109198 -2.01
    endloop
  endfacet
  facet normal -0.1670396451686885 0.9859501797463798 0
    outer loop
      vertex -11.770959422954704 1.517076814109198 -2.01
      vertex -11.623119144188552 1.5421239089969847 2.01
      vertex -11.623119144188552 1.5421239089969847 -2.01
    endloop
  endfacet
  facet normal -0.12466489420279682 0.9921989035235855 0
    outer loop
      vertex -11.623119144188552 1.5421239089969847 -2.01
      vertex -11.498016967001927 1.5578423799891665 2.01
      vertex -11.498016967001927 1.5578423799891665 -2.01
    endloop
  endfacet
  facet normal -0.08297223736477195 0.9965518590754241 0
    outer loop
      vertex -11.498016967001927 1.5578423799891665 -2.01
      vertex -11.394394695277668 1.56646990062192 2.01
      vertex -11.394394695277668 1.56646990062192 -2.01
    endloop
  endfacet
  facet normal -0.041907615298625966 0.9991214900000812 0
    outer loop
      vertex -11.394394695277668 1.56646990062192 -2.01
      vertex -11.311183906015986 1.5699601325706627 2.01
      vertex -11.311183906015986 1.5699601325706627 -2.01
    endloop
  endfacet
  facet normal -0.0014356327825420085 0.9999989694787259 0
    outer loop
      vertex -11.311183906015986 1.5699601325706627 -2.01
      vertex -11.247495277028309 1.5700515661485368 2.01
      vertex -11.247495277028309 1.5700515661485368 -2.01
    endloop
  endfacet
  facet normal 0.03842205871532568 0.9992616000848207 0
    outer loop
      vertex -11.247495277028309 1.5700515661485368 -2.01
      vertex -11.202608303610065 1.5683256417979137 2.01
      vertex -11.202608303610065 1.5683256417979137 -2.01
    endloop
  endfacet
  facet normal 0.07740105025384826 0.9970000388262786 0
    outer loop
      vertex -11.1759620301749 1.5662569863626932 -2.01
      vertex -11.202608303610065 1.5683256417979137 -2.01
      vertex -11.1759620301749 1.5662569863626932 2.01
    endloop
  endfacet
  facet normal 0.1125735760900224 0.993643391748923 0
    outer loop
      vertex -11.1759620301749 1.5662569863626932 -2.01
      vertex -11.167146746562093 1.5652582699129267 2.01
      vertex -11.167146746562093 1.5652582699129267 -2.01
    endloop
  endfacet
  facet normal -0.8870267725371622 -0.4617179927209958 0
    outer loop
      vertex -12.380263776401227 6.536747571682665 -2.01
      vertex -12.161878858342725 6.117198686670332 -2.01
      vertex -12.380263776401227 6.536747571682665 2.01
    endloop
  endfacet
  facet normal -0.7678001550513058 -0.640689411418037 0
    outer loop
      vertex -11.388457112356983 5.0076950223782415 -2.01
      vertex -11.562820071244577 5.216651038324863 2.01
      vertex -11.562820071244577 5.216651038324863 -2.01
    endloop
  endfacet
  facet normal -0.5358537665318784 -0.844310808229765 0
    outer loop
      vertex -10.651070218131146 4.340594616522904 -2.01
      vertex -10.580752679245595 4.29596659838338 -2.01
      vertex -10.651070218131146 4.340594616522904 2.01
    endloop
  endfacet
  facet normal -0.4663564139878454 -0.884596911102677 0
    outer loop
      vertex -10.52564242192924 4.264043091534178 -2.01
      vertex -10.485906205298969 4.243094296370471 -2.01
      vertex -10.52564242192924 4.264043091534178 2.01
    endloop
  endfacet
  facet normal -0.5012428561369734 -0.8653066503683242 0
    outer loop
      vertex -10.580752679245595 4.29596659838338 -2.01
      vertex -10.52564242192924 4.264043091534178 -2.01
      vertex -10.580752679245595 4.29596659838338 2.01
    endloop
  endfacet
  facet normal -0.70363317615996 -0.7105634056205306 0
    outer loop
      vertex -11.082986054924943 4.689697242820243 -2.01
      vertex -11.228378068085975 4.833671226281223 2.01
      vertex -11.228378068085975 4.833671226281223 -2.01
    endloop
  endfacet
  facet normal -0.6708358015318491 -0.7416059111031421 0
    outer loop
      vertex -10.952488292962704 4.571652646042648 -2.01
      vertex -11.082986054924943 4.689697242820243 2.01
      vertex -11.082986054924943 4.689697242820243 -2.01
    endloop
  endfacet
  facet normal -0.7359791569563933 -0.677004195353143 0
    outer loop
      vertex -11.388457112356983 5.0076950223782415 -2.01
      vertex -11.228378068085975 4.833671226281223 -2.01
      vertex -11.388457112356983 5.0076950223782415 2.01
    endloop
  endfacet
  facet normal -0.6376356624018922 -0.7703380829436516 0
    outer loop
      vertex -10.952488292962704 4.571652646042648 -2.01
      vertex -10.836978406058565 4.476041089401646 -2.01
      vertex -10.952488292962704 4.571652646042648 2.01
    endloop
  endfacet
  facet normal -0.6040624207043738 -0.7969370062261963 0
    outer loop
      vertex -10.836978406058565 4.476041089401646 -2.01
      vertex -10.736495980126906 4.399877406485285 -2.01
      vertex -10.836978406058565 4.476041089401646 2.01
    endloop
  endfacet
  facet normal -0.5701319965632261 -0.8215531063143938 0
    outer loop
      vertex -10.651070218131146 4.340594616522904 -2.01
      vertex -10.736495980126906 4.399877406485285 2.01
      vertex -10.736495980126906 4.399877406485285 -2.01
    endloop
  endfacet
  facet normal -0.8294030999999547 -0.5586506043230108 0
    outer loop
      vertex -11.951068904161865 5.763752741548819 -2.01
      vertex -11.750752928820258 5.466352739396885 -2.01
      vertex -11.951068904161865 5.763752741548819 2.01
    endloop
  endfacet
  facet normal -0.8588381610382901 -0.5122470235583297 0
    outer loop
      vertex -12.161878858342725 6.117198686670332 -2.01
      vertex -11.951068904161865 5.763752741548819 -2.01
      vertex -12.161878858342725 6.117198686670332 2.01
    endloop
  endfacet
  facet normal -0.7989904298866947 -0.6013437394281866 0
    outer loop
      vertex -11.562820071244577 5.216651038324863 -2.01
      vertex -11.750752928820258 5.466352739396885 2.01
      vertex -11.750752928820258 5.466352739396885 -2.01
    endloop
  endfacet
  facet normal 0.13880942158205994 0.990319112448131 0
    outer loop
      vertex -11.167146746562093 1.5652582699129267 -2.01
      vertex -9.573084751205782 1.3418244082818425 2.01
      vertex -9.573084751205782 1.3418244082818425 -2.01
    endloop
  endfacet
  facet normal -0.9823151753412387 0.18723486933344316 0
    outer loop
      vertex -9.573084751205782 1.3418244082818425 -2.01
      vertex -9.395465946071933 2.2736895481999495 2.01
      vertex -9.395465946071933 2.2736895481999495 -2.01
    endloop
  endfacet
  facet normal -0.9592328294853604 0.2826170179545272 0
    outer loop
      vertex -9.395465946071933 2.2736895481999495 -2.01
      vertex -9.12736365713801 3.183657812202251 2.01
      vertex -9.12736365713801 3.183657812202251 -2.01
    endloop
  endfacet
  facet normal -0.9269125488966983 0.37527739966300383 0
    outer loop
      vertex -9.12736365713801 3.183657812202251 -2.01
      vertex -8.950652904201275 3.6201227167478773 2.01
      vertex -8.950652904201275 3.6201227167478773 -2.01
    endloop
  endfacet
  facet normal -0.4314684644443724 -0.9021280198453074 0
    outer loop
      vertex -10.485906205298969 4.243094296370471 -2.01
      vertex -10.461795522128813 4.231562674233388 -2.01
      vertex -10.485906205298969 4.243094296370471 2.01
    endloop
  endfacet
  facet normal -0.3993304260435933 -0.916807073945136 0
    outer loop
      vertex -10.461795522128813 4.231562674233388 -2.01
      vertex -10.453661910159065 4.22801994553347 -2.01
      vertex -10.461795522128813 4.231562674233388 2.01
    endloop
  endfacet
  facet normal -0.3749470730592925 -0.9270462191305618 0
    outer loop
      vertex -10.453661910159065 4.22801994553347 -2.01
      vertex -8.950652904201275 3.6201227167478773 -2.01
      vertex -10.453661910159065 4.22801994553347 2.01
    endloop
  endfacet
  facet normal 0.4987561472428805 0.8667423524828116 0
    outer loop
      vertex -8.95559085563742 6.983452183709321 -2.01
      vertex -9.0107925429388 7.015217310682609 -2.01
      vertex -8.95559085563742 6.983452183709321 2.01
    endloop
  endfacet
  facet normal 0.5329053493073609 0.8461748570358255 0
    outer loop
      vertex -8.95559085563742 6.983452183709321 -2.01
      vertex -8.917580558255546 6.9595139980788465 2.01
      vertex -8.917580558255546 6.9595139980788465 -2.01
    endloop
  endfacet
  facet normal 0.5943129550701293 0.8042338661333596 0
    outer loop
      vertex -8.88840363380045 6.939126802053124 -2.01
      vertex -8.895538536642677 6.944399354442256 -2.01
      vertex -8.88840363380045 6.939126802053124 2.01
    endloop
  endfacet
  facet normal 0.5655312703074052 0.8247268531486608 0
    outer loop
      vertex -8.917580558255546 6.9595139980788465 -2.01
      vertex -8.895538536642677 6.944399354442256 2.01
      vertex -8.895538536642677 6.944399354442256 -2.01
    endloop
  endfacet
  facet normal 0.6153720422089429 0.788236797965938 0
    outer loop
      vertex -8.88840363380045 6.939126802053124 -2.01
      vertex -7.611463096407785 5.942226494553568 2.01
      vertex -7.611463096407785 5.942226494553568 -2.01
    endloop
  endfacet
  facet normal -0.7780627385881476 0.628186576441038 0
    outer loop
      vertex -7.611463096407785 5.942226494553568 -2.01
      vertex -7.214251369843425 6.434207150238592 2.01
      vertex -7.214251369843425 6.434207150238592 -2.01
    endloop
  endfacet
  facet normal 0 0 -1
    outer loop
      vertex -12.161878858342725 6.117198686670332 -2.01
      vertex -11.851121338356107 7.453249146967757 -2.01
      vertex -11.37858889750627 7.473896703960341 -2.01
    endloop
  endfacet
  facet normal 0 0 -1
    outer loop
      vertex -12.161878858342725 6.117198686670332 -2.01
      vertex -11.37858889750627 7.473896703960341 -2.01
      vertex -10.967090748526687 7.46805289618605 -2.01
    endloop
  endfacet
  facet normal 0 0 -1
    outer loop
      vertex -7.46805290088507 10.967090749022153 -2.01
      vertex -7.473896709843564 11.378588892795285 -2.01
      vertex -6.117198689298046 12.161878858326373 -2.01
    endloop
  endfacet
  facet normal 0 0 -1
    outer loop
      vertex -7.473896709843564 11.378588892795285 -2.01
      vertex -7.453249148884934 11.851121346115765 -2.01
      vertex -6.536747572594793 12.38026377160584 -2.01
    endloop
  endfacet
  facet normal -0.8660254009851158 0.5000000048485692 0
    outer loop
      vertex -12.380263776401227 6.536747571682665 -2.01
      vertex -11.851121338356107 7.453249146967757 2.01
      vertex -11.851121338356107 7.453249146967757 -2.01
    endloop
  endfacet
  facet normal -0.043653878980513636 0.9990467150488783 0
    outer loop
      vertex -11.851121338356107 7.453249146967757 -2.01
      vertex -11.37858889750627 7.473896703960341 2.01
      vertex -11.37858889750627 7.473896703960341 -2.01
    endloop
  endfacet
  facet normal 0.014199866020045016 0.9998991768198495 0
    outer loop
      vertex -11.37858889750627 7.473896703960341 -2.01
      vertex -10.967090748526687 7.46805289618605 2.01
      vertex -10.967090748526687 7.46805289618605 -2.01
    endloop
  endfacet
  facet normal 0.06910404763249461 0.9976094579547679 0
    outer loop
      vertex -10.967090748526687 7.46805289618605 -2.01
      vertex -10.609376810862738 7.443274180637568 2.01
      vertex -10.609376810862738 7.443274180637568 -2.01
    endloop
  endfacet
  facet normal 0.12128371241648153 0.992617882723496 0
    outer loop
      vertex -10.609376810862738 7.443274180637568 -2.01
      vertex -10.299162351619108 7.405370409289919 2.01
      vertex -10.299162351619108 7.405370409289919 -2.01
    endloop
  endfacet
  facet normal 0.17095327110421685 0.9852791376552983 0
    outer loop
      vertex -10.299162351619108 7.405370409289919 -2.01
      vertex -10.031019664247927 7.358845655261466 2.01
      vertex -10.031019664247927 7.358845655261466 -2.01
    endloop
  endfacet
  facet normal 0.21831325858273898 0.9758787430449473 0
    outer loop
      vertex -10.031019664247927 7.358845655261466 -2.01
      vertex -9.800271109189435 7.307225031974913 2.01
      vertex -9.800271109189435 7.307225031974913 -2.01
    endloop
  endfacet
  facet normal 0.26354935367349336 0.9646459133683634 0
    outer loop
      vertex -9.800271109189435 7.307225031974913 -2.01
      vertex -9.602889971776694 7.2532988498685445 2.01
      vertex -9.602889971776694 7.2532988498685445 -2.01
    endloop
  endfacet
  facet normal 0.306831690060187 0.9517637910610013 0
    outer loop
      vertex -9.435411483650705 7.1993067690150205 -2.01
      vertex -9.602889971776694 7.2532988498685445 -2.01
      vertex -9.435411483650705 7.1993067690150205 2.01
    endloop
  endfacet
  facet normal 0.34831447216078015 0.9373777405525252 0
    outer loop
      vertex -9.435411483650705 7.1993067690150205 -2.01
      vertex -9.294854495883719 7.147078055995113 2.01
      vertex -9.294854495883719 7.147078055995113 -2.01
    endloop
  endfacet
  facet normal 0.38813648955941105 0.921601901838585 0
    outer loop
      vertex -9.294854495883719 7.147078055995113 -2.01
      vertex -9.178653597379911 7.098139562336474 2.01
      vertex -9.178653597379911 7.098139562336474 -2.01
    endloop
  endfacet
  facet normal 0.4264198976991446 0.9045253290241523 0
    outer loop
      vertex -9.178653597379911 7.098139562336474 -2.01
      vertex -9.084600315786718 7.0538000735147435 2.01
      vertex -9.084600315786718 7.0538000735147435 -2.01
    endloop
  endfacet
  facet normal 0.46326766661584534 0.8862184093485702 0
    outer loop
      vertex -9.084600315786718 7.0538000735147435 -2.01
      vertex -9.0107925429388 7.015217310682609 2.01
      vertex -9.0107925429388 7.015217310682609 -2.01
    endloop
  endfacet
  facet normal -0.8667423718229927 -0.49875611363335987 0
    outer loop
      vertex -7.015217314918048 9.010792547338259 -2.01
      vertex -6.983452185575423 8.955590850967816 -2.01
      vertex -7.015217314918048 9.010792547338259 2.01
    endloop
  endfacet
  facet normal -0.8862183920360851 -0.46326769973415544 0
    outer loop
      vertex -7.015217314918048 9.010792547338259 -2.01
      vertex -7.053800079910829 9.084600317601176 2.01
      vertex -7.053800079910829 9.084600317601176 -2.01
    endloop
  endfacet
  facet normal -0.9045253606288997 -0.42641983065889294 0
    outer loop
      vertex -7.053800079910829 9.084600317601176 -2.01
      vertex -7.098139560047916 9.17865359884545 2.01
      vertex -7.098139560047916 9.17865359884545 -2.01
    endloop
  endfacet
  facet normal -0.9517638133674741 -0.30683162086754356 0
    outer loop
      vertex -7.253298849275298 9.602889978599906 -2.01
      vertex -7.1993067776159965 9.435411477300816 -2.01
      vertex -7.253298849275298 9.602889978599906 2.01
    endloop
  endfacet
  facet normal -0.9216018884975296 -0.3881365212367774 0
    outer loop
      vertex -7.098139560047916 9.17865359884545 -2.01
      vertex -7.147078056475009 9.294854492757015 2.01
      vertex -7.147078056475009 9.294854492757015 -2.01
    endloop
  endfacet
  facet normal -0.9373777202613743 -0.3483145267679608 0
    outer loop
      vertex -7.147078056475009 9.294854492757015 -2.01
      vertex -7.1993067776159965 9.435411477300816 2.01
      vertex -7.1993067776159965 9.435411477300816 -2.01
    endloop
  endfacet
  facet normal -0.964645908328241 -0.2635493721213974 0
    outer loop
      vertex -7.253298849275298 9.602889978599906 -2.01
      vertex -7.307225034412644 9.800271112259107 2.01
      vertex -7.307225034412644 9.800271112259107 -2.01
    endloop
  endfacet
  facet normal -0.9758787434334373 -0.21831325684615524 0
    outer loop
      vertex -7.307225034412644 9.800271112259107 -2.01
      vertex -7.358845655800616 10.031019660758142 2.01
      vertex -7.358845655800616 10.031019660758142 -2.01
    endloop
  endfacet
  facet normal -0.9852791436241901 -0.17095323670285492 0
    outer loop
      vertex -7.358845655800616 10.031019660758142 -2.01
      vertex -7.405370401405083 10.29916235516164 2.01
      vertex -7.405370401405083 10.29916235516164 -2.01
    endloop
  endfacet
  facet normal -0.9976094575488151 -0.06910405349296764 0
    outer loop
      vertex -7.443274182732051 10.609376804240272 -2.01
      vertex -7.46805290088507 10.967090749022153 2.01
      vertex -7.46805290088507 10.967090749022153 -2.01
    endloop
  endfacet
  facet normal -0.9998991767764428 -0.014199869076587874 0
    outer loop
      vertex -7.46805290088507 10.967090749022153 -2.01
      vertex -7.473896709843564 11.378588892795285 2.01
      vertex -7.473896709843564 11.378588892795285 -2.01
    endloop
  endfacet
  facet normal -0.9926178784008536 -0.121283747794122 0
    outer loop
      vertex -7.405370401405083 10.29916235516164 -2.01
      vertex -7.443274182732051 10.609376804240272 2.01
      vertex -7.443274182732051 10.609376804240272 -2.01
    endloop
  endfacet
  facet normal -0.9990467147334265 0.04365388619982758 0
    outer loop
      vertex -7.473896709843564 11.378588892795285 -2.01
      vertex -7.453249148884934 11.851121346115765 2.01
      vertex -7.453249148884934 11.851121346115765 -2.01
    endloop
  endfacet
  facet normal 0 0 -1
    outer loop
      vertex -7.214251369843425 6.434207150238592 -2.01
      vertex -5.94277104513032 6.4523009332231975 -2.01
      vertex -6.546591063774667 5.838737913996498 -2.01
    endloop
  endfacet
  facet normal 0 0 -1
    outer loop
      vertex -7.214251369843425 6.434207150238592 -2.01
      vertex -6.548850188323191 7.110344974104885 -2.01
      vertex -5.94277104513032 6.4523009332231975 -2.01
    endloop
  endfacet
  facet normal -0.7127430920570003 0.7014251811312638 0
    outer loop
      vertex -7.214251369843425 6.434207150238592 -2.01
      vertex -6.548850188323191 7.110344974104885 2.01
      vertex -6.548850188323191 7.110344974104885 -2.01
    endloop
  endfacet
  facet normal 0 0 -1
    outer loop
      vertex -5.94277104513032 6.4523009332231975 -2.01
      vertex -6.548850188323191 7.110344974104885 -2.01
      vertex -5.944544904446308 7.614432774893081 -2.01
    endloop
  endfacet
  facet normal 0 0 -1
    outer loop
      vertex -5.94277104513032 6.4523009332231975 -2.01
      vertex -5.944544904446308 7.614432774893081 -2.01
      vertex -5.281718887615584 7.003724759335659 -2.01
    endloop
  endfacet
  facet normal 0 0 -1
    outer loop
      vertex -5.944544904446308 7.614432774893081 -2.01
      vertex -4.5698008977209685 7.4876988977189045 -2.01
      vertex -5.281718887615584 7.003724759335659 -2.01
    endloop
  endfacet
  facet normal 0 0 -1
    outer loop
      vertex -7.015217314918048 9.010792547338259 -2.01
      vertex -7.053800079910829 9.084600317601176 -2.01
      vertex -4.340594621762927 10.65107021640864 -2.01
    endloop
  endfacet
  facet normal 0 0 -1
    outer loop
      vertex -7.307225034412644 9.800271112259107 -2.01
      vertex -7.358845655800616 10.031019660758142 -2.01
      vertex -5.0076950259863455 11.388457112684387 -2.01
    endloop
  endfacet
  facet normal 0 0 -1
    outer loop
      vertex -7.253298849275298 9.602889978599906 -2.01
      vertex -4.571652653939683 10.952488297759903 -2.01
      vertex -7.1993067776159965 9.435411477300816 -2.01
    endloop
  endfacet
  facet normal 0 0 -1
    outer loop
      vertex -7.098139560047916 9.17865359884545 -2.01
      vertex -7.147078056475009 9.294854492757015 -2.01
      vertex -4.476041088193439 10.836978404880703 -2.01
    endloop
  endfacet
  facet normal 0 0 -1
    outer loop
      vertex -7.053800079910829 9.084600317601176 -2.01
      vertex -7.098139560047916 9.17865359884545 -2.01
      vertex -4.340594621762927 10.65107021640864 -2.01
    endloop
  endfacet
  facet normal 0 0 -1
    outer loop
      vertex -7.147078056475009 9.294854492757015 -2.01
      vertex -7.1993067776159965 9.435411477300816 -2.01
      vertex -4.571652653939683 10.952488297759903 -2.01
    endloop
  endfacet
  facet normal 0 0 -1
    outer loop
      vertex -7.253298849275298 9.602889978599906 -2.01
      vertex -7.307225034412644 9.800271112259107 -2.01
      vertex -4.689697241687792 11.082986046733726 -2.01
    endloop
  endfacet
  facet normal 0 0 -1
    outer loop
      vertex -5.944544904446308 7.614432774893081 -2.01
      vertex -6.939126802017164 8.88840364042695 -2.01
      vertex -4.22801995188742 10.453661904747587 -2.01
    endloop
  endfacet
  facet normal 0 0 -1
    outer loop
      vertex -6.983452185575423 8.955590850967816 -2.01
      vertex -4.264043093318987 10.525642421785957 -2.01
      vertex -6.95951400520617 8.917580557325307 -2.01
    endloop
  endfacet
  facet normal 0 0 -1
    outer loop
      vertex -7.015217314918048 9.010792547338259 -2.01
      vertex -4.264043093318987 10.525642421785957 -2.01
      vertex -6.983452185575423 8.955590850967816 -2.01
    endloop
  endfacet
  facet normal 0 0 -1
    outer loop
      vertex -6.944399354029855 8.89553853213756 -2.01
      vertex -6.95951400520617 8.917580557325307 -2.01
      vertex -4.243094305531217 10.48590620005346 -2.01
    endloop
  endfacet
  facet normal 0 0 -1
    outer loop
      vertex -6.944399354029855 8.89553853213756 -2.01
      vertex -4.22801995188742 10.453661904747587 -2.01
      vertex -6.939126802017164 8.88840364042695 -2.01
    endloop
  endfacet
  facet normal 0 0 -1
    outer loop
      vertex -7.098139560047916 9.17865359884545 -2.01
      vertex -4.476041088193439 10.836978404880703 -2.01
      vertex -4.399877404665453 10.736495977369078 -2.01
    endloop
  endfacet
  facet normal 0 0 -1
    outer loop
      vertex -7.098139560047916 9.17865359884545 -2.01
      vertex -4.399877404665453 10.736495977369078 -2.01
      vertex -4.340594621762927 10.65107021640864 -2.01
    endloop
  endfacet
  facet normal 0 0 -1
    outer loop
      vertex -7.147078056475009 9.294854492757015 -2.01
      vertex -4.571652653939683 10.952488297759903 -2.01
      vertex -4.476041088193439 10.836978404880703 -2.01
    endloop
  endfacet
  facet normal 0 0 -1
    outer loop
      vertex -5.944544904446308 7.614432774893081 -2.01
      vertex -3.620607158807834 8.951850645656542 -2.01
      vertex -4.5698008977209685 7.4876988977189045 -2.01
    endloop
  endfacet
  facet normal 0 0 -1
    outer loop
      vertex -4.5698008977209685 7.4876988977189045 -2.01
      vertex -3.620607158807834 8.951850645656542 -2.01
      vertex -3.8138732208294464 7.8995623954795455 -2.01
    endloop
  endfacet
  facet normal 0 0 -1
    outer loop
      vertex -5.944544904446308 7.614432774893081 -2.01
      vertex -4.22801995188742 10.453661904747587 -2.01
      vertex -3.620607158807834 8.951850645656542 -2.01
    endloop
  endfacet
  facet normal 0 0 -1
    outer loop
      vertex -7.015217314918048 9.010792547338259 -2.01
      vertex -4.295966595333375 10.580752675509462 -2.01
      vertex -4.264043093318987 10.525642421785957 -2.01
    endloop
  endfacet
  facet normal 0 0 -1
    outer loop
      vertex -6.944399354029855 8.89553853213756 -2.01
      vertex -4.243094305531217 10.48590620005346 -2.01
      vertex -4.231562675732643 10.461795523005371 -2.01
    endloop
  endfacet
  facet normal 0 0 -1
    outer loop
      vertex -6.95951400520617 8.917580557325307 -2.01
      vertex -4.264043093318987 10.525642421785957 -2.01
      vertex -4.243094305531217 10.48590620005346 -2.01
    endloop
  endfacet
  facet normal 0 0 -1
    outer loop
      vertex -6.944399354029855 8.89553853213756 -2.01
      vertex -4.231562675732643 10.461795523005371 -2.01
      vertex -4.22801995188742 10.453661904747587 -2.01
    endloop
  endfacet
  facet normal 0 0 -1
    outer loop
      vertex -7.015217314918048 9.010792547338259 -2.01
      vertex -4.340594621762927 10.65107021640864 -2.01
      vertex -4.295966595333375 10.580752675509462 -2.01
    endloop
  endfacet
  facet normal 0 0 -1
    outer loop
      vertex -7.358845655800616 10.031019660758142 -2.01
      vertex -7.405370401405083 10.29916235516164 -2.01
      vertex -5.0076950259863455 11.388457112684387 -2.01
    endloop
  endfacet
  facet normal 0 0 -1
    outer loop
      vertex -7.405370401405083 10.29916235516164 -2.01
      vertex -7.443274182732051 10.609376804240272 -2.01
      vertex -5.466352744817694 11.7507529374611 -2.01
    endloop
  endfacet
  facet normal 0 0 -1
    outer loop
      vertex -7.443274182732051 10.609376804240272 -2.01
      vertex -7.46805290088507 10.967090749022153 -2.01
      vertex -5.763752742850626 11.95106890192611 -2.01
    endloop
  endfacet
  facet normal 0 0 -1
    outer loop
      vertex -7.473896709843564 11.378588892795285 -2.01
      vertex -6.536747572594793 12.38026377160584 -2.01
      vertex -6.117198689298046 12.161878858326373 -2.01
    endloop
  endfacet
  facet normal 0 0 -1
    outer loop
      vertex -7.46805290088507 10.967090749022153 -2.01
      vertex -6.117198689298046 12.161878858326373 -2.01
      vertex -5.763752742850626 11.95106890192611 -2.01
    endloop
  endfacet
  facet normal 0 0 -1
    outer loop
      vertex -7.443274182732051 10.609376804240272 -2.01
      vertex -5.763752742850626 11.95106890192611 -2.01
      vertex -5.466352744817694 11.7507529374611 -2.01
    endloop
  endfacet
  facet normal 0 0 -1
    outer loop
      vertex -7.307225034412644 9.800271112259107 -2.01
      vertex -5.0076950259863455 11.388457112684387 -2.01
      vertex -4.83367122675765 11.228378067062483 -2.01
    endloop
  endfacet
  facet normal 0 0 -1
    outer loop
      vertex -7.405370401405083 10.29916235516164 -2.01
      vertex -5.466352744817694 11.7507529374611 -2.01
      vertex -5.216651028193515 11.562820073432004 -2.01
    endloop
  endfacet
  facet normal 0 0 -1
    outer loop
      vertex -7.405370401405083 10.29916235516164 -2.01
      vertex -5.216651028193515 11.562820073432004 -2.01
      vertex -5.0076950259863455 11.388457112684387 -2.01
    endloop
  endfacet
  facet normal 0 0 -1
    outer loop
      vertex -7.307225034412644 9.800271112259107 -2.01
      vertex -4.83367122675765 11.228378067062483 -2.01
      vertex -4.689697241687792 11.082986046733726 -2.01
    endloop
  endfacet
  facet normal 0 0 -1
    outer loop
      vertex -7.253298849275298 9.602889978599906 -2.01
      vertex -4.689697241687792 11.082986046733726 -2.01
      vertex -4.571652653939683 10.952488297759903 -2.01
    endloop
  endfacet
  facet normal 0 0 -1
    outer loop
      vertex -3.8138732208294464 7.8995623954795455 -2.01
      vertex -3.620607158807834 8.951850645656542 -2.01
      vertex -3.0212158648778136 8.235348792456673 -2.01
    endloop
  endfacet
  facet normal 0 0 -1
    outer loop
      vertex -3.0212158648778136 8.235348792456673 -2.01
      vertex -3.3293374353135006 9.075238655048832 -2.01
      vertex -2.199462546171655 8.491824272299358 -2.01
    endloop
  endfacet
  facet normal 0 0 -1
    outer loop
      vertex -3.620607158807834 8.951850645656542 -2.01
      vertex -3.3293374353135006 9.075238655048832 -2.01
      vertex -3.0212158648778136 8.235348792456673 -2.01
    endloop
  endfacet
  facet normal 0 0 -1
    outer loop
      vertex -2.199462546171655 8.491824272299358 -2.01
      vertex -3.3293374353135006 9.075238655048832 -2.01
      vertex -2.4237768218992017 9.357871033903738 -2.01
    endloop
  endfacet
  facet normal 0 0 -1
    outer loop
      vertex -2.199462546171655 8.491824272299358 -2.01
      vertex -2.4237768218992017 9.357871033903738 -2.01
      vertex -1.3565272009052167 8.666518845958516 -2.01
    endloop
  endfacet
  facet normal 0 0 -1
    outer loop
      vertex -2.4237768218992017 9.357871033903738 -2.01
      vertex -1.4948739185549327 9.550382003356575 -2.01
      vertex -1.3565272009052167 8.666518845958516 -2.01
    endloop
  endfacet
  facet normal 0 0 -1
    outer loop
      vertex -1.3565272009052167 8.666518845958516 -2.01
      vertex -1.4948739185549327 9.550382003356575 -2.01
      vertex -1.340941795260356 9.56678787626529 -2.01
    endloop
  endfacet
  facet normal 0 0 -1
    outer loop
      vertex -1.3565272009052167 8.666518845958516 -2.01
      vertex -1.340941795260356 9.56678787626529 -2.01
      vertex -0.5005277607194869 8.757750109773557 -2.01
    endloop
  endfacet
  facet normal 0 0 -1
    outer loop
      vertex -1.340941795260356 9.56678787626529 -2.01
      vertex 0.36029203676153543 8.764639445464397 -2.01
      vertex -0.5005277607194869 8.757750109773557 -2.01
    endloop
  endfacet
  facet normal 0 0 -1
    outer loop
      vertex -1.340941795260356 9.56678787626529 -2.01
      vertex -1.5652582697321133 11.167146747550635 -2.01
      vertex 1.3418244082818425 9.573084751205782 -2.01
    endloop
  endfacet
  facet normal 0 0 -1
    outer loop
      vertex -1.5652582697321133 11.167146747550635 -2.01
      vertex -1.5662569899912537 11.175962028263243 -2.01
      vertex 1.5662569863626932 11.1759620301749 -2.01
    endloop
  endfacet
  facet normal 0 0 -1
    outer loop
      vertex -1.568325647973662 11.20260830157664 -2.01
      vertex 1.5683256417979137 11.202608303610065 -2.01
      vertex -1.5662569899912537 11.175962028263243 -2.01
    endloop
  endfacet
  facet normal 0 0 -1
    outer loop
      vertex -1.568325647973662 11.20260830157664 -2.01
      vertex -1.5700515709614224 11.2474952771096 -2.01
      vertex 1.5700515661485368 11.247495277028309 -2.01
    endloop
  endfacet
  facet normal 0 0 -1
    outer loop
      vertex -1.5700515709614224 11.2474952771096 -2.01
      vertex -1.569960131907337 11.311183913301427 -2.01
      vertex 1.5700515661485368 11.247495277028309 -2.01
    endloop
  endfacet
  facet normal 0 0 -1
    outer loop
      vertex -1.569960131907337 11.311183913301427 -2.01
      vertex -1.5664699005299703 11.394394696433732 -2.01
      vertex 1.56646990062192 11.394394695277668 -2.01
    endloop
  endfacet
  facet normal 0 0 -1
    outer loop
      vertex -1.5664699005299703 11.394394696433732 -2.01
      vertex -1.5578423812814544 11.498016966533202 -2.01
      vertex 1.5578423799891665 11.498016967001927 -2.01
    endloop
  endfacet
  facet normal 0 0 -1
    outer loop
      vertex -1.5578423812814544 11.498016966533202 -2.01
      vertex -1.54212391330155 11.623119145876654 -2.01
      vertex 1.5421239089969847 11.623119144188552 -2.01
    endloop
  endfacet
  facet normal 0 0 -1
    outer loop
      vertex -1.54212391330155 11.623119145876654 -2.01
      vertex -1.5170768156618863 11.770959423658644 -2.01
      vertex 1.5421239089969847 11.623119144188552 -2.01
    endloop
  endfacet
  facet normal 0 0 -1
    outer loop
      vertex -1.5170768156618863 11.770959423658644 -2.01
      vertex -1.4800960763250368 11.942996092095543 -2.01
      vertex 1.517076814109198 11.770959422954704 -2.01
    endloop
  endfacet
  facet normal 0 0 -1
    outer loop
      vertex -1.4800960763250368 11.942996092095543 -2.01
      vertex -1.4281069558268669 12.140896260693866 -2.01
      vertex 1.4800960749570298 11.942996091556337 -2.01
    endloop
  endfacet
  facet normal 0 0 -1
    outer loop
      vertex -1.4281069558268669 12.140896260693866 -2.01
      vertex -1.3574374515988403 12.36654067817886 -2.01
      vertex 1.3574374484364613 12.36654068124781 -2.01
    endloop
  endfacet
  facet normal 0 0 -1
    outer loop
      vertex -1.3574374515988403 12.36654067817886 -2.01
      vertex -1.2636577160829374 12.622021439729945 -2.01
      vertex 1.3574374484364613 12.36654068124781 -2.01
    endloop
  endfacet
  facet normal 0 0 -1
    outer loop
      vertex -1.2636577160829374 12.622021439729945 -2.01
      vertex -1.1413761245799858 12.909626922128934 -2.01
      vertex 1.1413761265983622 12.909626925455262 -2.01
    endloop
  endfacet
  facet normal 0 0 -1
    outer loop
      vertex -1.1413761245799858 12.909626922128934 -2.01
      vertex -0.983978155139712 13.231805642433887 -2.01
      vertex 0.9839781533994242 13.231805639036676 -2.01
    endloop
  endfacet
  facet normal 0 0 -1
    outer loop
      vertex -0.983978155139712 13.231805642433887 -2.01
      vertex -0.7832899655474392 13.591095396513897 -2.01
      vertex 0.7832899608201025 13.591095393258387 -2.01
    endloop
  endfacet
  facet normal 0 0 -1
    outer loop
      vertex -0.7832899655474392 13.591095396513897 -2.01
      vertex -0.529142430285461 13.9899967205676 -2.01
      vertex 0.7832899608201025 13.591095393258387 -2.01
    endloop
  endfacet
  facet normal -0.6405593409698362 0.7679086734086868 0
    outer loop
      vertex -6.548850188323191 7.110344974104885 -2.01
      vertex -5.944544904446308 7.614432774893081 2.01
      vertex -5.944544904446308 7.614432774893081 -2.01
    endloop
  endfacet
  facet normal -0.7882367991013726 -0.6153720407545523 0
    outer loop
      vertex -5.944544904446308 7.614432774893081 -2.01
      vertex -6.939126802017164 8.88840364042695 2.01
      vertex -6.939126802017164 8.88840364042695 -2.01
    endloop
  endfacet
  facet normal -0.8042334432308199 -0.5943135273482336 0
    outer loop
      vertex -6.944399354029855 8.89553853213756 -2.01
      vertex -6.939126802017164 8.88840364042695 -2.01
      vertex -6.944399354029855 8.89553853213756 2.01
    endloop
  endfacet
  facet normal -0.8461748862101216 -0.5329053029828921 0
    outer loop
      vertex -6.983452185575423 8.955590850967816 -2.01
      vertex -6.95951400520617 8.917580557325307 -2.01
      vertex -6.983452185575423 8.955590850967816 2.01
    endloop
  endfacet
  facet normal -0.8247267643506263 -0.5655313998035357 0
    outer loop
      vertex -6.944399354029855 8.89553853213756 -2.01
      vertex -6.95951400520617 8.917580557325307 2.01
      vertex -6.95951400520617 8.917580557325307 -2.01
    endloop
  endfacet
  facet normal 0.9270462197341155 0.3749470715670227 0
    outer loop
      vertex -3.620607158807834 8.951850645656542 -2.01
      vertex -4.22801995188742 10.453661904747587 -2.01
      vertex -3.620607158807834 8.951850645656542 2.01
    endloop
  endfacet
  facet normal 0.9021278656208307 0.43146878690167656 0
    outer loop
      vertex -4.243094305531217 10.48590620005346 -2.01
      vertex -4.231562675732643 10.461795523005371 2.01
      vertex -4.231562675732643 10.461795523005371 -2.01
    endloop
  endfacet
  facet normal 0.9168073873092327 0.39932970660247447 0
    outer loop
      vertex -4.22801995188742 10.453661904747587 -2.01
      vertex -4.231562675732643 10.461795523005371 -2.01
      vertex -4.22801995188742 10.453661904747587 2.01
    endloop
  endfacet
  facet normal -0.49999999553965513 0.86602540635962 0
    outer loop
      vertex -7.453249148884934 11.851121346115765 -2.01
      vertex -6.536747572594793 12.38026377160584 2.01
      vertex -6.536747572594793 12.38026377160584 -2.01
    endloop
  endfacet
  facet normal 0.46171798625650723 0.8870267759020782 0
    outer loop
      vertex -6.117198689298046 12.161878858326373 -2.01
      vertex -6.536747572594793 12.38026377160584 -2.01
      vertex -6.117198689298046 12.161878858326373 2.01
    endloop
  endfacet
  facet normal 0.5122470261187693 0.8588381595111367 0
    outer loop
      vertex -6.117198689298046 12.161878858326373 -2.01
      vertex -5.763752742850626 11.95106890192611 2.01
      vertex -5.763752742850626 11.95106890192611 -2.01
    endloop
  endfacet
  facet normal 0.6013437287007807 0.7989904379604564 0
    outer loop
      vertex -5.466352744817694 11.7507529374611 -2.01
      vertex -5.216651028193515 11.562820073432004 2.01
      vertex -5.216651028193515 11.562820073432004 -2.01
    endloop
  endfacet
  facet normal 0.5586505887791271 0.8294031104696526 0
    outer loop
      vertex -5.763752742850626 11.95106890192611 -2.01
      vertex -5.466352744817694 11.7507529374611 2.01
      vertex -5.466352744817694 11.7507529374611 -2.01
    endloop
  endfacet
  facet normal 0.67700419184859 0.7359791601801219 0
    outer loop
      vertex -4.83367122675765 11.228378067062483 -2.01
      vertex -5.0076950259863455 11.388457112684387 -2.01
      vertex -4.83367122675765 11.228378067062483 2.01
    endloop
  endfacet
  facet normal 0.7703380693180778 0.6376356788631705 0
    outer loop
      vertex -4.476041088193439 10.836978404880703 -2.01
      vertex -4.571652653939683 10.952488297759903 -2.01
      vertex -4.476041088193439 10.836978404880703 2.01
    endloop
  endfacet
  facet normal 0.7969370084634054 0.6040624177528329 0
    outer loop
      vertex -4.399877404665453 10.736495977369078 -2.01
      vertex -4.476041088193439 10.836978404880703 -2.01
      vertex -4.399877404665453 10.736495977369078 2.01
    endloop
  endfacet
  facet normal 0.710563419032724 0.7036331626156669 0
    outer loop
      vertex -4.83367122675765 11.228378067062483 -2.01
      vertex -4.689697241687792 11.082986046733726 2.01
      vertex -4.689697241687792 11.082986046733726 -2.01
    endloop
  endfacet
  facet normal 0.7416059034146052 0.6708358100314914 0
    outer loop
      vertex -4.689697241687792 11.082986046733726 -2.01
      vertex -4.571652653939683 10.952488297759903 2.01
      vertex -4.571652653939683 10.952488297759903 -2.01
    endloop
  endfacet
  facet normal 0.6406894402818126 0.767800130965981 0
    outer loop
      vertex -5.216651028193515 11.562820073432004 -2.01
      vertex -5.0076950259863455 11.388457112684387 2.01
      vertex -5.0076950259863455 11.388457112684387 -2.01
    endloop
  endfacet
  facet normal 0.8653066691207023 0.5012428237643265 0
    outer loop
      vertex -4.264043093318987 10.525642421785957 -2.01
      vertex -4.295966595333375 10.580752675509462 -2.01
      vertex -4.264043093318987 10.525642421785957 2.01
    endloop
  endfacet
  facet normal 0.8215531348798517 0.5701319554007546 0
    outer loop
      vertex -4.399877404665453 10.736495977369078 -2.01
      vertex -4.340594621762927 10.65107021640864 2.01
      vertex -4.340594621762927 10.65107021640864 -2.01
    endloop
  endfacet
  facet normal 0.8443107701378884 0.535853826550829 0
    outer loop
      vertex -4.295966595333375 10.580752675509462 -2.01
      vertex -4.340594621762927 10.65107021640864 -2.01
      vertex -4.295966595333375 10.580752675509462 2.01
    endloop
  endfacet
  facet normal 0.8845970035450337 0.46635623864074977 0
    outer loop
      vertex -4.243094305531217 10.48590620005346 -2.01
      vertex -4.264043093318987 10.525642421785957 -2.01
      vertex -4.243094305531217 10.48590620005346 2.01
    endloop
  endfacet
  facet normal -0.3900649716757528 0.9207873358553506 0
    outer loop
      vertex -3.620607158807834 8.951850645656542 -2.01
      vertex -3.3293374353135006 9.075238655048832 2.01
      vertex -3.3293374353135006 9.075238655048832 -2.01
    endloop
  endfacet
  facet normal -0.29793374790667154 0.9545865502186189 0
    outer loop
      vertex -3.3293374353135006 9.075238655048832 -2.01
      vertex -2.4237768218992017 9.357871033903738 2.01
      vertex -2.4237768218992017 9.357871033903738 -2.01
    endloop
  endfacet
  facet normal -0.20293327735345285 0.9791925678550603 0
    outer loop
      vertex -2.4237768218992017 9.357871033903738 -2.01
      vertex -1.4948739185549327 9.550382003356575 2.01
      vertex -1.4948739185549327 9.550382003356575 -2.01
    endloop
  endfacet
  facet normal -0.10597841275633414 0.9943684307285947 0
    outer loop
      vertex -1.4948739185549327 9.550382003356575 -2.01
      vertex -1.340941795260356 9.56678787626529 2.01
      vertex -1.340941795260356 9.56678787626529 -2.01
    endloop
  endfacet
  facet normal -0.9903191122196862 -0.13880942321187156 0
    outer loop
      vertex -1.340941795260356 9.56678787626529 -2.01
      vertex -1.5652582697321133 11.167146747550635 2.01
      vertex -1.5652582697321133 11.167146747550635 -2.01
    endloop
  endfacet
  facet normal -0.9936433395757389 -0.11257403660157506 0
    outer loop
      vertex -1.5652582697321133 11.167146747550635 -2.01
      vertex -1.5662569899912537 11.175962028263243 2.01
      vertex -1.5662569899912537 11.175962028263243 -2.01
    endloop
  endfacet
  facet normal -0.9970000314443346 -0.0774011453403361 0
    outer loop
      vertex -1.568325647973662 11.20260830157664 -2.01
      vertex -1.5662569899912537 11.175962028263243 -2.01
      vertex -1.568325647973662 11.20260830157664 2.01
    endloop
  endfacet
  facet normal -0.9992616013191702 -0.03842202661296886 0
    outer loop
      vertex -1.568325647973662 11.20260830157664 -2.01
      vertex -1.5700515709614224 11.2474952771096 2.01
      vertex -1.5700515709614224 11.2474952771096 -2.01
    endloop
  endfacet
  facet normal -0.999998969355514 0.0014357186040034999 0
    outer loop
      vertex -1.5700515709614224 11.2474952771096 -2.01
      vertex -1.569960131907337 11.311183913301427 2.01
      vertex -1.569960131907337 11.311183913301427 -2.01
    endloop
  endfacet
  facet normal -0.9991214901580859 0.041907611531628704 0
    outer loop
      vertex -1.569960131907337 11.311183913301427 -2.01
      vertex -1.5664699005299703 11.394394696433732 2.01
      vertex -1.5664699005299703 11.394394696433732 -2.01
    endloop
  endfacet
  facet normal -0.9965518600686032 0.08297222543602827 0
    outer loop
      vertex -1.5664699005299703 11.394394696433732 -2.01
      vertex -1.5578423812814544 11.498016966533202 2.01
      vertex -1.5578423812814544 11.498016966533202 -2.01
    endloop
  endfacet
  facet normal -0.9921989067445331 0.12466486856750564 0
    outer loop
      vertex -1.5578423812814544 11.498016966533202 -2.01
      vertex -1.54212391330155 11.623119145876654 2.01
      vertex -1.54212391330155 11.623119145876654 -2.01
    endloop
  endfacet
  facet normal -0.98595017654075 0.16703966408989168 0
    outer loop
      vertex -1.54212391330155 11.623119145876654 -2.01
      vertex -1.5170768156618863 11.770959423658644 2.01
      vertex -1.5170768156618863 11.770959423658644 -2.01
    endloop
  endfacet
  facet normal -0.9776674567826966 0.21015790241638327 0
    outer loop
      vertex -1.5170768156618863 11.770959423658644 -2.01
      vertex -1.4800960763250368 11.942996092095543 2.01
      vertex -1.4800960763250368 11.942996092095543 -2.01
    endloop
  endfacet
  facet normal -0.9671825484344366 0.2540825023567514 0
    outer loop
      vertex -1.4800960763250368 11.942996092095543 -2.01
      vertex -1.4281069558268669 12.140896260693866 2.01
      vertex -1.4281069558268669 12.140896260693866 -2.01
    endloop
  endfacet
  facet normal -0.9542924126209346 0.29887454092665033 0
    outer loop
      vertex -1.4281069558268669 12.140896260693866 -2.01
      vertex -1.3574374515988403 12.36654067817886 2.01
      vertex -1.3574374515988403 12.36654067817886 -2.01
    endloop
  endfacet
  facet normal -0.9387533882049004 0.3445897214570095 0
    outer loop
      vertex -1.3574374515988403 12.36654067817886 -2.01
      vertex -1.2636577160829374 12.622021439729945 2.01
      vertex -1.2636577160829374 12.622021439729945 -2.01
    endloop
  endfacet
  facet normal -0.9202741667912328 0.39127414677780886 0
    outer loop
      vertex -1.2636577160829374 12.622021439729945 -2.01
      vertex -1.1413761245799858 12.909626922128934 2.01
      vertex -1.1413761245799858 12.909626922128934 -2.01
    endloop
  endfacet
  facet normal -0.898507162747766 0.4389588574011914 0
    outer loop
      vertex -1.1413761245799858 12.909626922128934 -2.01
      vertex -0.983978155139712 13.231805642433887 2.01
      vertex -0.983978155139712 13.231805642433887 -2.01
    endloop
  endfacet
  facet normal -0.8730380199810819 0.4876521461733889 0
    outer loop
      vertex -0.983978155139712 13.231805642433887 -2.01
      vertex -0.7832899655474392 13.591095396513897 2.01
      vertex -0.7832899655474392 13.591095396513897 -2.01
    endloop
  endfacet
  facet normal -0.8433728924492346 0.5373287301846159 0
    outer loop
      vertex -0.7832899655474392 13.591095396513897 -2.01
      vertex -0.529142430285461 13.9899967205676 2.01
      vertex -0.529142430285461 13.9899967205676 -2.01
    endloop
  endfacet
  facet normal -0.537328716461703 0.8433729011923603 0
    outer loop
      vertex -13.989996719562551 0.5291424332497332 -2.01
      vertex -13.989996719562551 0.5291424332497332 2.01
      vertex -13.591095393258387 0.7832899608201025 2.01
    endloop
  endfacet
  facet normal -0.4876521515589866 0.8730380169728528 0
    outer loop
      vertex -13.591095393258387 0.7832899608201025 -2.01
      vertex -13.591095393258387 0.7832899608201025 2.01
      vertex -13.231805639036676 0.9839781533994242 2.01
    endloop
  endfacet
  facet normal -0.4389588732592501 0.8985071550004317 0
    outer loop
      vertex -13.231805639036676 0.9839781533994242 -2.01
      vertex -13.231805639036676 0.9839781533994242 2.01
      vertex -12.909626925455262 1.1413761265983622 2.01
    endloop
  endfacet
  facet normal -0.39127415041496844 0.9202741652448169 0
    outer loop
      vertex -12.909626925455262 1.1413761265983622 -2.01
      vertex -12.909626925455262 1.1413761265983622 2.01
      vertex -12.622021437483435 1.2636577218128955 2.01
    endloop
  endfacet
  facet normal -0.3445896989804522 0.9387533964554062 0
    outer loop
      vertex -12.622021437483435 1.2636577218128955 -2.01
      vertex -12.622021437483435 1.2636577218128955 2.01
      vertex -12.36654068124781 1.3574374484364613 2.01
    endloop
  endfacet
  facet normal -0.29887455491935033 0.9542924082385651 0
    outer loop
      vertex -12.36654068124781 1.3574374484364613 -2.01
      vertex -12.36654068124781 1.3574374484364613 2.01
      vertex -12.140896258732564 1.4281069578730479 2.01
    endloop
  endfacet
  facet normal -0.25408248845600234 0.9671825520862157 0
    outer loop
      vertex -12.140896258732564 1.4281069578730479 -2.01
      vertex -12.140896258732564 1.4281069578730479 2.01
      vertex -11.942996091556337 1.4800960749570298 2.01
    endloop
  endfacet
  facet normal -0.21015790122086175 0.977667457039684 0
    outer loop
      vertex -11.942996091556337 1.4800960749570298 -2.01
      vertex -11.942996091556337 1.4800960749570298 2.01
      vertex -11.770959422954704 1.517076814109198 2.01
    endloop
  endfacet
  facet normal -0.1670396451686885 0.9859501797463798 0
    outer loop
      vertex -11.770959422954704 1.517076814109198 -2.01
      vertex -11.770959422954704 1.517076814109198 2.01
      vertex -11.623119144188552 1.5421239089969847 2.01
    endloop
  endfacet
  facet normal -0.12466489420279682 0.9921989035235855 0
    outer loop
      vertex -11.623119144188552 1.5421239089969847 -2.01
      vertex -11.623119144188552 1.5421239089969847 2.01
      vertex -11.498016967001927 1.5578423799891665 2.01
    endloop
  endfacet
  facet normal -0.08297223736477195 0.9965518590754241 0
    outer loop
      vertex -11.498016967001927 1.5578423799891665 -2.01
      vertex -11.498016967001927 1.5578423799891665 2.01
      vertex -11.394394695277668 1.56646990062192 2.01
    endloop
  endfacet
  facet normal -0.041907615298625966 0.9991214900000812 0
    outer loop
      vertex -11.394394695277668 1.56646990062192 -2.01
      vertex -11.394394695277668 1.56646990062192 2.01
      vertex -11.311183906015986 1.5699601325706627 2.01
    endloop
  endfacet
  facet normal -0.0014356327825420085 0.9999989694787259 0
    outer loop
      vertex -11.311183906015986 1.5699601325706627 -2.01
      vertex -11.311183906015986 1.5699601325706627 2.01
      vertex -11.247495277028309 1.5700515661485368 2.01
    endloop
  endfacet
  facet normal 0.03842205871532568 0.9992616000848207 0
    outer loop
      vertex -11.247495277028309 1.5700515661485368 -2.01
      vertex -11.247495277028309 1.5700515661485368 2.01
      vertex -11.202608303610065 1.5683256417979137 2.01
    endloop
  endfacet
  facet normal 0.07740105025384826 0.9970000388262786 0
    outer loop
      vertex -11.202608303610065 1.5683256417979137 -2.01
      vertex -11.202608303610065 1.5683256417979137 2.01
      vertex -11.1759620301749 1.5662569863626932 2.01
    endloop
  endfacet
  facet normal 0.1125735760900224 0.993643391748923 0
    outer loop
      vertex -11.1759620301749 1.5662569863626932 -2.01
      vertex -11.1759620301749 1.5662569863626932 2.01
      vertex -11.167146746562093 1.5652582699129267 2.01
    endloop
  endfacet
  facet normal 0.13880942158205994 0.990319112448131 0
    outer loop
      vertex -11.167146746562093 1.5652582699129267 -2.01
      vertex -11.167146746562093 1.5652582699129267 2.01
      vertex -9.573084751205782 1.3418244082818425 2.01
    endloop
  endfacet
  facet normal -0.7678001550513058 -0.640689411418037 0
    outer loop
      vertex -11.388457112356983 5.0076950223782415 -2.01
      vertex -11.388457112356983 5.0076950223782415 2.01
      vertex -11.562820071244577 5.216651038324863 2.01
    endloop
  endfacet
  facet normal -0.5701319965632261 -0.8215531063143938 0
    outer loop
      vertex -10.651070218131146 4.340594616522904 -2.01
      vertex -10.651070218131146 4.340594616522904 2.01
      vertex -10.736495980126906 4.399877406485285 2.01
    endloop
  endfacet
  facet normal -0.5358537665318784 -0.844310808229765 0
    outer loop
      vertex -10.580752679245595 4.29596659838338 -2.01
      vertex -10.580752679245595 4.29596659838338 2.01
      vertex -10.651070218131146 4.340594616522904 2.01
    endloop
  endfacet
  facet normal -0.4663564139878454 -0.884596911102677 0
    outer loop
      vertex -10.485906205298969 4.243094296370471 -2.01
      vertex -10.485906205298969 4.243094296370471 2.01
      vertex -10.52564242192924 4.264043091534178 2.01
    endloop
  endfacet
  facet normal -0.5012428561369734 -0.8653066503683242 0
    outer loop
      vertex -10.52564242192924 4.264043091534178 -2.01
      vertex -10.52564242192924 4.264043091534178 2.01
      vertex -10.580752679245595 4.29596659838338 2.01
    endloop
  endfacet
  facet normal -0.70363317615996 -0.7105634056205306 0
    outer loop
      vertex -11.082986054924943 4.689697242820243 -2.01
      vertex -11.082986054924943 4.689697242820243 2.01
      vertex -11.228378068085975 4.833671226281223 2.01
    endloop
  endfacet
  facet normal -0.6708358015318491 -0.7416059111031421 0
    outer loop
      vertex -10.952488292962704 4.571652646042648 -2.01
      vertex -10.952488292962704 4.571652646042648 2.01
      vertex -11.082986054924943 4.689697242820243 2.01
    endloop
  endfacet
  facet normal -0.7359791569563933 -0.677004195353143 0
    outer loop
      vertex -11.228378068085975 4.833671226281223 -2.01
      vertex -11.228378068085975 4.833671226281223 2.01
      vertex -11.388457112356983 5.0076950223782415 2.01
    endloop
  endfacet
  facet normal -0.6376356624018922 -0.7703380829436516 0
    outer loop
      vertex -10.836978406058565 4.476041089401646 -2.01
      vertex -10.836978406058565 4.476041089401646 2.01
      vertex -10.952488292962704 4.571652646042648 2.01
    endloop
  endfacet
  facet normal -0.6040624207043738 -0.7969370062261963 0
    outer loop
      vertex -10.736495980126906 4.399877406485285 -2.01
      vertex -10.736495980126906 4.399877406485285 2.01
      vertex -10.836978406058565 4.476041089401646 2.01
    endloop
  endfacet
  facet normal -0.8294030999999547 -0.5586506043230108 0
    outer loop
      vertex -11.750752928820258 5.466352739396885 -2.01
      vertex -11.750752928820258 5.466352739396885 2.01
      vertex -11.951068904161865 5.763752741548819 2.01
    endloop
  endfacet
  facet normal -0.8588381610382901 -0.5122470235583297 0
    outer loop
      vertex -11.951068904161865 5.763752741548819 -2.01
      vertex -11.951068904161865 5.763752741548819 2.01
      vertex -12.161878858342725 6.117198686670332 2.01
    endloop
  endfacet
  facet normal -0.7989904298866947 -0.6013437394281866 0
    outer loop
      vertex -11.562820071244577 5.216651038324863 -2.01
      vertex -11.562820071244577 5.216651038324863 2.01
      vertex -11.750752928820258 5.466352739396885 2.01
    endloop
  endfacet
  facet normal -0.8870267725371622 -0.4617179927209958 0
    outer loop
      vertex -12.161878858342725 6.117198686670332 -2.01
      vertex -12.161878858342725 6.117198686670332 2.01
      vertex -12.380263776401227 6.536747571682665 2.01
    endloop
  endfacet
  facet normal -0.8660254009851158 0.5000000048485692 0
    outer loop
      vertex -12.380263776401227 6.536747571682665 -2.01
      vertex -12.380263776401227 6.536747571682665 2.01
      vertex -11.851121338356107 7.453249146967757 2.01
    endloop
  endfacet
  facet normal -0.9823151753412387 0.18723486933344316 0
    outer loop
      vertex -9.573084751205782 1.3418244082818425 -2.01
      vertex -9.573084751205782 1.3418244082818425 2.01
      vertex -9.395465946071933 2.2736895481999495 2.01
    endloop
  endfacet
  facet normal -0.9592328294853604 0.2826170179545272 0
    outer loop
      vertex -9.395465946071933 2.2736895481999495 -2.01
      vertex -9.395465946071933 2.2736895481999495 2.01
      vertex -9.12736365713801 3.183657812202251 2.01
    endloop
  endfacet
  facet normal -0.9269125488966983 0.37527739966300383 0
    outer loop
      vertex -9.12736365713801 3.183657812202251 -2.01
      vertex -9.12736365713801 3.183657812202251 2.01
      vertex -8.950652904201275 3.6201227167478773 2.01
    endloop
  endfacet
  facet normal -0.4314684644443724 -0.9021280198453074 0
    outer loop
      vertex -10.461795522128813 4.231562674233388 -2.01
      vertex -10.461795522128813 4.231562674233388 2.01
      vertex -10.485906205298969 4.243094296370471 2.01
    endloop
  endfacet
  facet normal -0.3993304260435933 -0.916807073945136 0
    outer loop
      vertex -10.453661910159065 4.22801994553347 -2.01
      vertex -10.453661910159065 4.22801994553347 2.01
      vertex -10.461795522128813 4.231562674233388 2.01
    endloop
  endfacet
  facet normal -0.3749470730592925 -0.9270462191305618 0
    outer loop
      vertex -8.950652904201275 3.6201227167478773 -2.01
      vertex -8.950652904201275 3.6201227167478773 2.01
      vertex -10.453661910159065 4.22801994553347 2.01
    endloop
  endfacet
  facet normal 0.5329053493073609 0.8461748570358255 0
    outer loop
      vertex -8.95559085563742 6.983452183709321 -2.01
      vertex -8.95559085563742 6.983452183709321 2.01
      vertex -8.917580558255546 6.9595139980788465 2.01
    endloop
  endfacet
  facet normal 0.5655312703074052 0.8247268531486608 0
    outer loop
      vertex -8.917580558255546 6.9595139980788465 -2.01
      vertex -8.917580558255546 6.9595139980788465 2.01
      vertex -8.895538536642677 6.944399354442256 2.01
    endloop
  endfacet
  facet normal 0.5943129550701293 0.8042338661333596 0
    outer loop
      vertex -8.895538536642677 6.944399354442256 -2.01
      vertex -8.895538536642677 6.944399354442256 2.01
      vertex -8.88840363380045 6.939126802053124 2.01
    endloop
  endfacet
  facet normal 0.6153720422089429 0.788236797965938 0
    outer loop
      vertex -8.88840363380045 6.939126802053124 -2.01
      vertex -8.88840363380045 6.939126802053124 2.01
      vertex -7.611463096407785 5.942226494553568 2.01
    endloop
  endfacet
  facet normal -0.7780627385881476 0.628186576441038 0
    outer loop
      vertex -7.611463096407785 5.942226494553568 -2.01
      vertex -7.611463096407785 5.942226494553568 2.01
      vertex -7.214251369843425 6.434207150238592 2.01
    endloop
  endfacet
  facet normal 0 0 1
    outer loop
      vertex -13.9899967205676 -0.529142430285461 2.01
      vertex -13.591095393258387 0.7832899608201025 2.01
      vertex -13.989996719562551 0.5291424332497332 2.01
    endloop
  endfacet
  facet normal 0 0 1
    outer loop
      vertex -13.231805642433887 -0.983978155139712 2.01
      vertex -13.231805639036676 0.9839781533994242 2.01
      vertex -13.591095393258387 0.7832899608201025 2.01
    endloop
  endfacet
  facet normal 0 0 1
    outer loop
      vertex -12.909626922128934 -1.1413761245799858 2.01
      vertex -12.909626925455262 1.1413761265983622 2.01
      vertex -13.231805639036676 0.9839781533994242 2.01
    endloop
  endfacet
  facet normal 0 0 1
    outer loop
      vertex -12.622021439729945 -1.2636577160829374 2.01
      vertex -12.622021437483435 1.2636577218128955 2.01
      vertex -12.909626925455262 1.1413761265983622 2.01
    endloop
  endfacet
  facet normal 0 0 1
    outer loop
      vertex -12.622021439729945 -1.2636577160829374 2.01
      vertex -12.36654068124781 1.3574374484364613 2.01
      vertex -12.622021437483435 1.2636577218128955 2.01
    endloop
  endfacet
  facet normal 0 0 1
    outer loop
      vertex -12.140896260693866 -1.4281069558268669 2.01
      vertex -12.140896258732564 1.4281069578730479 2.01
      vertex -12.36654068124781 1.3574374484364613 2.01
    endloop
  endfacet
  facet normal 0 0 1
    outer loop
      vertex -12.140896260693866 -1.4281069558268669 2.01
      vertex -11.942996091556337 1.4800960749570298 2.01
      vertex -12.140896258732564 1.4281069578730479 2.01
    endloop
  endfacet
  facet normal 0 0 1
    outer loop
      vertex -11.942996092095543 -1.4800960763250368 2.01
      vertex -11.770959422954704 1.517076814109198 2.01
      vertex -11.942996091556337 1.4800960749570298 2.01
    endloop
  endfacet
  facet normal 0 0 1
    outer loop
      vertex -11.770959423658644 -1.5170768156618863 2.01
      vertex -11.623119144188552 1.5421239089969847 2.01
      vertex -11.770959422954704 1.517076814109198 2.01
    endloop
  endfacet
  facet normal 0 0 1
    outer loop
      vertex -11.498016966533202 -1.5578423812814544 2.01
      vertex -11.498016967001927 1.5578423799891665 2.01
      vertex -11.623119144188552 1.5421239089969847 2.01
    endloop
  endfacet
  facet normal 0 0 1
    outer loop
      vertex -11.394394696433732 -1.5664699005299703 2.01
      vertex -11.394394695277668 1.56646990062192 2.01
      vertex -11.498016967001927 1.5578423799891665 2.01
    endloop
  endfacet
  facet normal 0 0 1
    outer loop
      vertex -11.311183913301427 -1.569960131907337 2.01
      vertex -11.311183906015986 1.5699601325706627 2.01
      vertex -11.394394695277668 1.56646990062192 2.01
    endloop
  endfacet
  facet normal 0 0 1
    outer loop
      vertex -11.311183913301427 -1.569960131907337 2.01
      vertex -11.247495277028309 1.5700515661485368 2.01
      vertex -11.311183906015986 1.5699601325706627 2.01
    endloop
  endfacet
  facet normal 0 0 1
    outer loop
      vertex -11.20260830157664 -1.568325647973662 2.01
      vertex -11.202608303610065 1.5683256417979137 2.01
      vertex -11.247495277028309 1.5700515661485368 2.01
    endloop
  endfacet
  facet normal 0 0 1
    outer loop
      vertex -11.175962028263243 -1.5662569899912537 2.01
      vertex -11.1759620301749 1.5662569863626932 2.01
      vertex -11.202608303610065 1.5683256417979137 2.01
    endloop
  endfacet
  facet normal 0 0 1
    outer loop
      vertex -11.167146747550635 -1.5652582697321133 2.01
      vertex -11.167146746562093 1.5652582699129267 2.01
      vertex -11.1759620301749 1.5662569863626932 2.01
    endloop
  endfacet
  facet normal 0 0 1
    outer loop
      vertex -11.167146747550635 -1.5652582697321133 2.01
      vertex -9.573084751205782 1.3418244082818425 2.01
      vertex -11.167146746562093 1.5652582699129267 2.01
    endloop
  endfacet
  facet normal 0 0 1
    outer loop
      vertex -12.380263776401227 6.536747571682665 2.01
      vertex -12.161878858342725 6.117198686670332 2.01
      vertex -11.851121338356107 7.453249146967757 2.01
    endloop
  endfacet
  facet normal 0 0 1
    outer loop
      vertex -12.161878858342725 6.117198686670332 2.01
      vertex -11.951068904161865 5.763752741548819 2.01
      vertex -10.967090748526687 7.46805289618605 2.01
    endloop
  endfacet
  facet normal 0 0 1
    outer loop
      vertex -11.951068904161865 5.763752741548819 2.01
      vertex -11.750752928820258 5.466352739396885 2.01
      vertex -10.967090748526687 7.46805289618605 2.01
    endloop
  endfacet
  facet normal 0 0 1
    outer loop
      vertex -11.562820071244577 5.216651038324863 2.01
      vertex -10.609376810862738 7.443274180637568 2.01
      vertex -11.750752928820258 5.466352739396885 2.01
    endloop
  endfacet
  facet normal 0 0 1
    outer loop
      vertex -11.388457112356983 5.0076950223782415 2.01
      vertex -10.031019664247927 7.358845655261466 2.01
      vertex -11.562820071244577 5.216651038324863 2.01
    endloop
  endfacet
  facet normal 0 0 1
    outer loop
      vertex -11.082986054924943 4.689697242820243 2.01
      vertex -9.800271109189435 7.307225031974913 2.01
      vertex -11.228378068085975 4.833671226281223 2.01
    endloop
  endfacet
  facet normal 0 0 1
    outer loop
      vertex -11.388457112356983 5.0076950223782415 2.01
      vertex -11.228378068085975 4.833671226281223 2.01
      vertex -9.800271109189435 7.307225031974913 2.01
    endloop
  endfacet
  facet normal 0 0 1
    outer loop
      vertex -11.750752928820258 5.466352739396885 2.01
      vertex -10.609376810862738 7.443274180637568 2.01
      vertex -10.967090748526687 7.46805289618605 2.01
    endloop
  endfacet
  facet normal 0 0 1
    outer loop
      vertex -11.562820071244577 5.216651038324863 2.01
      vertex -10.299162351619108 7.405370409289919 2.01
      vertex -10.609376810862738 7.443274180637568 2.01
    endloop
  endfacet
  facet normal 0 0 1
    outer loop
      vertex -11.562820071244577 5.216651038324863 2.01
      vertex -10.031019664247927 7.358845655261466 2.01
      vertex -10.299162351619108 7.405370409289919 2.01
    endloop
  endfacet
  facet normal 0 0 1
    outer loop
      vertex -9.56678787626529 -1.340941795260356 2.01
      vertex -8.764639445464397 0.36029203676153543 2.01
      vertex -9.573084751205782 1.3418244082818425 2.01
    endloop
  endfacet
  facet normal 0 0 1
    outer loop
      vertex -8.764639445464397 0.36029203676153543 2.01
      vertex -8.687120514582569 1.2176420294079815 2.01
      vertex -9.573084751205782 1.3418244082818425 2.01
    endloop
  endfacet
  facet normal 0 0 1
    outer loop
      vertex -9.573084751205782 1.3418244082818425 2.01
      vertex -8.687120514582569 1.2176420294079815 2.01
      vertex -8.525939865290216 2.06326546382168 2.01
    endloop
  endfacet
  facet normal 0 0 1
    outer loop
      vertex -9.573084751205782 1.3418244082818425 2.01
      vertex -8.525939865290216 2.06326546382168 2.01
      vertex -9.395465946071933 2.2736895481999495 2.01
    endloop
  endfacet
  facet normal 0 0 1
    outer loop
      vertex -9.395465946071933 2.2736895481999495 2.01
      vertex -8.282649757990722 2.8890185203535528 2.01
      vertex -9.12736365713801 3.183657812202251 2.01
    endloop
  endfacet
  facet normal 0 0 1
    outer loop
      vertex -9.12736365713801 3.183657812202251 2.01
      vertex -8.282649757990722 2.8890185203535528 2.01
      vertex -8.950652904201275 3.6201227167478773 2.01
    endloop
  endfacet
  facet normal 0 0 1
    outer loop
      vertex -9.395465946071933 2.2736895481999495 2.01
      vertex -8.525939865290216 2.06326546382168 2.01
      vertex -8.282649757990722 2.8890185203535528 2.01
    endloop
  endfacet
  facet normal 0 0 1
    outer loop
      vertex -8.282649757990722 2.8890185203535528 2.01
      vertex -7.959593199313643 3.6869487459944263 2.01
      vertex -8.950652904201275 3.6201227167478773 2.01
    endloop
  endfacet
  facet normal 0 0 1
    outer loop
      vertex -10.651070218131146 4.340594616522904 2.01
      vertex -10.580752679245595 4.29596659838338 2.01
      vertex -9.084600315786718 7.0538000735147435 2.01
    endloop
  endfacet
  facet normal 0 0 1
    outer loop
      vertex -10.580752679245595 4.29596659838338 2.01
      vertex -10.52564242192924 4.264043091534178 2.01
      vertex -8.95559085563742 6.983452183709321 2.01
    endloop
  endfacet
  facet normal 0 0 1
    outer loop
      vertex -10.52564242192924 4.264043091534178 2.01
      vertex -10.485906205298969 4.243094296370471 2.01
      vertex -8.95559085563742 6.983452183709321 2.01
    endloop
  endfacet
  facet normal 0 0 1
    outer loop
      vertex -10.485906205298969 4.243094296370471 2.01
      vertex -10.461795522128813 4.231562674233388 2.01
      vertex -8.917580558255546 6.9595139980788465 2.01
    endloop
  endfacet
  facet normal 0 0 1
    outer loop
      vertex -10.461795522128813 4.231562674233388 2.01
      vertex -10.453661910159065 4.22801994553347 2.01
      vertex -8.895538536642677 6.944399354442256 2.01
    endloop
  endfacet
  facet normal 0 0 1
    outer loop
      vertex -10.453661910159065 4.22801994553347 2.01
      vertex -8.950652904201275 3.6201227167478773 2.01
      vertex -7.611463096407785 5.942226494553568 2.01
    endloop
  endfacet
  facet normal 0 0 1
    outer loop
      vertex -10.952488292962704 4.571652646042648 2.01
      vertex -10.836978406058565 4.476041089401646 2.01
      vertex -9.435411483650705 7.1993067690150205 2.01
    endloop
  endfacet
  facet normal 0 0 1
    outer loop
      vertex -10.952488292962704 4.571652646042648 2.01
      vertex -9.435411483650705 7.1993067690150205 2.01
      vertex -11.082986054924943 4.689697242820243 2.01
    endloop
  endfacet
  facet normal 0 0 1
    outer loop
      vertex -10.836978406058565 4.476041089401646 2.01
      vertex -10.736495980126906 4.399877406485285 2.01
      vertex -9.178653597379911 7.098139562336474 2.01
    endloop
  endfacet
  facet normal 0 0 1
    outer loop
      vertex -10.651070218131146 4.340594616522904 2.01
      vertex -9.084600315786718 7.0538000735147435 2.01
      vertex -10.736495980126906 4.399877406485285 2.01
    endloop
  endfacet
  facet normal 0 0 1
    outer loop
      vertex -11.082986054924943 4.689697242820243 2.01
      vertex -9.602889971776694 7.2532988498685445 2.01
      vertex -9.800271109189435 7.307225031974913 2.01
    endloop
  endfacet
  facet normal 0 0 1
    outer loop
      vertex -11.388457112356983 5.0076950223782415 2.01
      vertex -9.800271109189435 7.307225031974913 2.01
      vertex -10.031019664247927 7.358845655261466 2.01
    endloop
  endfacet
  facet normal 0 0 1
    outer loop
      vertex -10.836978406058565 4.476041089401646 2.01
      vertex -9.294854495883719 7.147078055995113 2.01
      vertex -9.435411483650705 7.1993067690150205 2.01
    endloop
  endfacet
  facet normal 0 0 1
    outer loop
      vertex -11.082986054924943 4.689697242820243 2.01
      vertex -9.435411483650705 7.1993067690150205 2.01
      vertex -9.602889971776694 7.2532988498685445 2.01
    endloop
  endfacet
  facet normal 0 0 1
    outer loop
      vertex -10.836978406058565 4.476041089401646 2.01
      vertex -9.178653597379911 7.098139562336474 2.01
      vertex -9.294854495883719 7.147078055995113 2.01
    endloop
  endfacet
  facet normal 0 0 1
    outer loop
      vertex -10.736495980126906 4.399877406485285 2.01
      vertex -9.084600315786718 7.0538000735147435 2.01
      vertex -9.178653597379911 7.098139562336474 2.01
    endloop
  endfacet
  facet normal 0 0 1
    outer loop
      vertex -10.580752679245595 4.29596659838338 2.01
      vertex -8.95559085563742 6.983452183709321 2.01
      vertex -9.0107925429388 7.015217310682609 2.01
    endloop
  endfacet
  facet normal 0 0 1
    outer loop
      vertex -10.485906205298969 4.243094296370471 2.01
      vertex -8.917580558255546 6.9595139980788465 2.01
      vertex -8.95559085563742 6.983452183709321 2.01
    endloop
  endfacet
  facet normal 0 0 1
    outer loop
      vertex -10.453661910159065 4.22801994553347 2.01
      vertex -8.88840363380045 6.939126802053124 2.01
      vertex -8.895538536642677 6.944399354442256 2.01
    endloop
  endfacet
  facet normal 0 0 1
    outer loop
      vertex -10.461795522128813 4.231562674233388 2.01
      vertex -8.895538536642677 6.944399354442256 2.01
      vertex -8.917580558255546 6.9595139980788465 2.01
    endloop
  endfacet
  facet normal 0 0 1
    outer loop
      vertex -10.453661910159065 4.22801994553347 2.01
      vertex -7.611463096407785 5.942226494553568 2.01
      vertex -8.88840363380045 6.939126802053124 2.01
    endloop
  endfacet
  facet normal 0 0 1
    outer loop
      vertex -10.580752679245595 4.29596659838338 2.01
      vertex -9.0107925429388 7.015217310682609 2.01
      vertex -9.084600315786718 7.0538000735147435 2.01
    endloop
  endfacet
  facet normal 0 0 1
    outer loop
      vertex -8.950652904201275 3.6201227167478773 2.01
      vertex -7.959593199313643 3.6869487459944263 2.01
      vertex -7.559881410067097 4.449371644327583 2.01
    endloop
  endfacet
  facet normal 0 0 1
    outer loop
      vertex -8.950652904201275 3.6201227167478773 2.01
      vertex -7.559881410067097 4.449371644327583 2.01
      vertex -7.611463096407785 5.942226494553568 2.01
    endloop
  endfacet
  facet normal 0 0 1
    outer loop
      vertex -7.559881410067097 4.449371644327583 2.01
      vertex -7.087363833681329 5.168944662562453 2.01
      vertex -7.611463096407785 5.942226494553568 2.01
    endloop
  endfacet
  facet normal 0 0 1
    outer loop
      vertex -7.087363833681329 5.168944662562453 2.01
      vertex -6.546591063774667 5.838737913996498 2.01
      vertex -7.611463096407785 5.942226494553568 2.01
    endloop
  endfacet
  facet normal 0 0 1
    outer loop
      vertex -7.611463096407785 5.942226494553568 2.01
      vertex -6.546591063774667 5.838737913996498 2.01
      vertex -7.214251369843425 6.434207150238592 2.01
    endloop
  endfacet
  facet normal -0.043653878980513636 0.9990467150488783 0
    outer loop
      vertex -11.851121338356107 7.453249146967757 -2.01
      vertex -11.851121338356107 7.453249146967757 2.01
      vertex -11.37858889750627 7.473896703960341 2.01
    endloop
  endfacet
  facet normal 0.014199866020045016 0.9998991768198495 0
    outer loop
      vertex -11.37858889750627 7.473896703960341 -2.01
      vertex -11.37858889750627 7.473896703960341 2.01
      vertex -10.967090748526687 7.46805289618605 2.01
    endloop
  endfacet
  facet normal 0.12128371241648153 0.992617882723496 0
    outer loop
      vertex -10.609376810862738 7.443274180637568 -2.01
      vertex -10.609376810862738 7.443274180637568 2.01
      vertex -10.299162351619108 7.405370409289919 2.01
    endloop
  endfacet
  facet normal 0.06910404763249461 0.9976094579547679 0
    outer loop
      vertex -10.967090748526687 7.46805289618605 -2.01
      vertex -10.967090748526687 7.46805289618605 2.01
      vertex -10.609376810862738 7.443274180637568 2.01
    endloop
  endfacet
  facet normal 0.17095327110421685 0.9852791376552983 0
    outer loop
      vertex -10.299162351619108 7.405370409289919 -2.01
      vertex -10.299162351619108 7.405370409289919 2.01
      vertex -10.031019664247927 7.358845655261466 2.01
    endloop
  endfacet
  facet normal 0.21831325858273898 0.9758787430449473 0
    outer loop
      vertex -10.031019664247927 7.358845655261466 -2.01
      vertex -10.031019664247927 7.358845655261466 2.01
      vertex -9.800271109189435 7.307225031974913 2.01
    endloop
  endfacet
  facet normal 0.26354935367349336 0.9646459133683634 0
    outer loop
      vertex -9.800271109189435 7.307225031974913 -2.01
      vertex -9.800271109189435 7.307225031974913 2.01
      vertex -9.602889971776694 7.2532988498685445 2.01
    endloop
  endfacet
  facet normal 0.306831690060187 0.9517637910610013 0
    outer loop
      vertex -9.602889971776694 7.2532988498685445 -2.01
      vertex -9.602889971776694 7.2532988498685445 2.01
      vertex -9.435411483650705 7.1993067690150205 2.01
    endloop
  endfacet
  facet normal 0.34831447216078015 0.9373777405525252 0
    outer loop
      vertex -9.435411483650705 7.1993067690150205 -2.01
      vertex -9.435411483650705 7.1993067690150205 2.01
      vertex -9.294854495883719 7.147078055995113 2.01
    endloop
  endfacet
  facet normal 0.38813648955941105 0.921601901838585 0
    outer loop
      vertex -9.294854495883719 7.147078055995113 -2.01
      vertex -9.294854495883719 7.147078055995113 2.01
      vertex -9.178653597379911 7.098139562336474 2.01
    endloop
  endfacet
  facet normal 0.4264198976991446 0.9045253290241523 0
    outer loop
      vertex -9.178653597379911 7.098139562336474 -2.01
      vertex -9.178653597379911 7.098139562336474 2.01
      vertex -9.084600315786718 7.0538000735147435 2.01
    endloop
  endfacet
  facet normal 0.46326766661584534 0.8862184093485702 0
    outer loop
      vertex -9.084600315786718 7.0538000735147435 -2.01
      vertex -9.084600315786718 7.0538000735147435 2.01
      vertex -9.0107925429388 7.015217310682609 2.01
    endloop
  endfacet
  facet normal 0.4987561472428805 0.8667423524828116 0
    outer loop
      vertex -9.0107925429388 7.015217310682609 -2.01
      vertex -9.0107925429388 7.015217310682609 2.01
      vertex -8.95559085563742 6.983452183709321 2.01
    endloop
  endfacet
  facet normal -0.8862183920360851 -0.46326769973415544 0
    outer loop
      vertex -7.015217314918048 9.010792547338259 -2.01
      vertex -7.015217314918048 9.010792547338259 2.01
      vertex -7.053800079910829 9.084600317601176 2.01
    endloop
  endfacet
  facet normal -0.9045253606288997 -0.42641983065889294 0
    outer loop
      vertex -7.053800079910829 9.084600317601176 -2.01
      vertex -7.053800079910829 9.084600317601176 2.01
      vertex -7.098139560047916 9.17865359884545 2.01
    endloop
  endfacet
  facet normal -0.9517638133674741 -0.30683162086754356 0
    outer loop
      vertex -7.1993067776159965 9.435411477300816 -2.01
      vertex -7.1993067776159965 9.435411477300816 2.01
      vertex -7.253298849275298 9.602889978599906 2.01
    endloop
  endfacet
  facet normal -0.9216018884975296 -0.3881365212367774 0
    outer loop
      vertex -7.098139560047916 9.17865359884545 -2.01
      vertex -7.098139560047916 9.17865359884545 2.01
      vertex -7.147078056475009 9.294854492757015 2.01
    endloop
  endfacet
  facet normal -0.9373777202613743 -0.3483145267679608 0
    outer loop
      vertex -7.147078056475009 9.294854492757015 -2.01
      vertex -7.147078056475009 9.294854492757015 2.01
      vertex -7.1993067776159965 9.435411477300816 2.01
    endloop
  endfacet
  facet normal -0.964645908328241 -0.2635493721213974 0
    outer loop
      vertex -7.253298849275298 9.602889978599906 -2.01
      vertex -7.253298849275298 9.602889978599906 2.01
      vertex -7.307225034412644 9.800271112259107 2.01
    endloop
  endfacet
  facet normal -0.9758787434334373 -0.21831325684615524 0
    outer loop
      vertex -7.307225034412644 9.800271112259107 -2.01
      vertex -7.307225034412644 9.800271112259107 2.01
      vertex -7.358845655800616 10.031019660758142 2.01
    endloop
  endfacet
  facet normal -0.9852791436241901 -0.17095323670285492 0
    outer loop
      vertex -7.358845655800616 10.031019660758142 -2.01
      vertex -7.358845655800616 10.031019660758142 2.01
      vertex -7.405370401405083 10.29916235516164 2.01
    endloop
  endfacet
  facet normal -0.9926178784008536 -0.121283747794122 0
    outer loop
      vertex -7.405370401405083 10.29916235516164 -2.01
      vertex -7.405370401405083 10.29916235516164 2.01
      vertex -7.443274182732051 10.609376804240272 2.01
    endloop
  endfacet
  facet normal -0.9976094575488151 -0.06910405349296764 0
    outer loop
      vertex -7.443274182732051 10.609376804240272 -2.01
      vertex -7.443274182732051 10.609376804240272 2.01
      vertex -7.46805290088507 10.967090749022153 2.01
    endloop
  endfacet
  facet normal -0.9998991767764428 -0.014199869076587874 0
    outer loop
      vertex -7.46805290088507 10.967090749022153 -2.01
      vertex -7.46805290088507 10.967090749022153 2.01
      vertex -7.473896709843564 11.378588892795285 2.01
    endloop
  endfacet
  facet normal -0.9990467147334265 0.04365388619982758 0
    outer loop
      vertex -7.473896709843564 11.378588892795285 -2.01
      vertex -7.473896709843564 11.378588892795285 2.01
      vertex -7.453249148884934 11.851121346115765 2.01
    endloop
  endfacet
  facet normal -0.49999999553965513 0.86602540635962 0
    outer loop
      vertex -7.453249148884934 11.851121346115765 -2.01
      vertex -7.453249148884934 11.851121346115765 2.01
      vertex -6.536747572594793 12.38026377160584 2.01
    endloop
  endfacet
  facet normal 0 0 1
    outer loop
      vertex -12.161878858342725 6.117198686670332 2.01
      vertex -11.37858889750627 7.473896703960341 2.01
      vertex -11.851121338356107 7.453249146967757 2.01
    endloop
  endfacet
  facet normal 0 0 1
    outer loop
      vertex -12.161878858342725 6.117198686670332 2.01
      vertex -10.967090748526687 7.46805289618605 2.01
      vertex -11.37858889750627 7.473896703960341 2.01
    endloop
  endfacet
  facet normal 0 0 1
    outer loop
      vertex -7.46805290088507 10.967090749022153 2.01
      vertex -6.117198689298046 12.161878858326373 2.01
      vertex -7.473896709843564 11.378588892795285 2.01
    endloop
  endfacet
  facet normal 0 0 1
    outer loop
      vertex -7.473896709843564 11.378588892795285 2.01
      vertex -6.536747572594793 12.38026377160584 2.01
      vertex -7.453249148884934 11.851121346115765 2.01
    endloop
  endfacet
  facet normal -0.7127430920570003 0.7014251811312638 0
    outer loop
      vertex -7.214251369843425 6.434207150238592 -2.01
      vertex -7.214251369843425 6.434207150238592 2.01
      vertex -6.548850188323191 7.110344974104885 2.01
    endloop
  endfacet
  facet normal 0 0 1
    outer loop
      vertex -7.214251369843425 6.434207150238592 2.01
      vertex -6.546591063774667 5.838737913996498 2.01
      vertex -5.94277104513032 6.4523009332231975 2.01
    endloop
  endfacet
  facet normal 0 0 1
    outer loop
      vertex -7.214251369843425 6.434207150238592 2.01
      vertex -5.94277104513032 6.4523009332231975 2.01
      vertex -6.548850188323191 7.110344974104885 2.01
    endloop
  endfacet
  facet normal -0.6405593409698362 0.7679086734086868 0
    outer loop
      vertex -6.548850188323191 7.110344974104885 -2.01
      vertex -6.548850188323191 7.110344974104885 2.01
      vertex -5.944544904446308 7.614432774893081 2.01
    endloop
  endfacet
  facet normal -0.7882367991013726 -0.6153720407545523 0
    outer loop
      vertex -5.944544904446308 7.614432774893081 -2.01
      vertex -5.944544904446308 7.614432774893081 2.01
      vertex -6.939126802017164 8.88840364042695 2.01
    endloop
  endfacet
  facet normal -0.8247267643506263 -0.5655313998035357 0
    outer loop
      vertex -6.944399354029855 8.89553853213756 -2.01
      vertex -6.944399354029855 8.89553853213756 2.01
      vertex -6.95951400520617 8.917580557325307 2.01
    endloop
  endfacet
  facet normal -0.8042334432308199 -0.5943135273482336 0
    outer loop
      vertex -6.939126802017164 8.88840364042695 -2.01
      vertex -6.939126802017164 8.88840364042695 2.01
      vertex -6.944399354029855 8.89553853213756 2.01
    endloop
  endfacet
  facet normal -0.8461748862101216 -0.5329053029828921 0
    outer loop
      vertex -6.95951400520617 8.917580557325307 -2.01
      vertex -6.95951400520617 8.917580557325307 2.01
      vertex -6.983452185575423 8.955590850967816 2.01
    endloop
  endfacet
  facet normal -0.8667423718229927 -0.49875611363335987 0
    outer loop
      vertex -6.983452185575423 8.955590850967816 -2.01
      vertex -6.983452185575423 8.955590850967816 2.01
      vertex -7.015217314918048 9.010792547338259 2.01
    endloop
  endfacet
  facet normal -0.3900649716757528 0.9207873358553506 0
    outer loop
      vertex -3.620607158807834 8.951850645656542 -2.01
      vertex -3.620607158807834 8.951850645656542 2.01
      vertex -3.3293374353135006 9.075238655048832 2.01
    endloop
  endfacet
  facet normal 0.9270462197341155 0.3749470715670227 0
    outer loop
      vertex -4.22801995188742 10.453661904747587 -2.01
      vertex -4.22801995188742 10.453661904747587 2.01
      vertex -3.620607158807834 8.951850645656542 2.01
    endloop
  endfacet
  facet normal 0.9021278656208307 0.43146878690167656 0
    outer loop
      vertex -4.243094305531217 10.48590620005346 -2.01
      vertex -4.243094305531217 10.48590620005346 2.01
      vertex -4.231562675732643 10.461795523005371 2.01
    endloop
  endfacet
  facet normal 0.9168073873092327 0.39932970660247447 0
    outer loop
      vertex -4.231562675732643 10.461795523005371 -2.01
      vertex -4.231562675732643 10.461795523005371 2.01
      vertex -4.22801995188742 10.453661904747587 2.01
    endloop
  endfacet
  facet normal 0.5122470261187693 0.8588381595111367 0
    outer loop
      vertex -6.117198689298046 12.161878858326373 -2.01
      vertex -6.117198689298046 12.161878858326373 2.01
      vertex -5.763752742850626 11.95106890192611 2.01
    endloop
  endfacet
  facet normal 0.6013437287007807 0.7989904379604564 0
    outer loop
      vertex -5.466352744817694 11.7507529374611 -2.01
      vertex -5.466352744817694 11.7507529374611 2.01
      vertex -5.216651028193515 11.562820073432004 2.01
    endloop
  endfacet
  facet normal 0.5586505887791271 0.8294031104696526 0
    outer loop
      vertex -5.763752742850626 11.95106890192611 -2.01
      vertex -5.763752742850626 11.95106890192611 2.01
      vertex -5.466352744817694 11.7507529374611 2.01
    endloop
  endfacet
  facet normal 0.46171798625650723 0.8870267759020782 0
    outer loop
      vertex -6.536747572594793 12.38026377160584 -2.01
      vertex -6.536747572594793 12.38026377160584 2.01
      vertex -6.117198689298046 12.161878858326373 2.01
    endloop
  endfacet
  facet normal 0.67700419184859 0.7359791601801219 0
    outer loop
      vertex -5.0076950259863455 11.388457112684387 -2.01
      vertex -5.0076950259863455 11.388457112684387 2.01
      vertex -4.83367122675765 11.228378067062483 2.01
    endloop
  endfacet
  facet normal 0.8215531348798517 0.5701319554007546 0
    outer loop
      vertex -4.399877404665453 10.736495977369078 -2.01
      vertex -4.399877404665453 10.736495977369078 2.01
      vertex -4.340594621762927 10.65107021640864 2.01
    endloop
  endfacet
  facet normal 0.7703380693180778 0.6376356788631705 0
    outer loop
      vertex -4.571652653939683 10.952488297759903 -2.01
      vertex -4.571652653939683 10.952488297759903 2.01
      vertex -4.476041088193439 10.836978404880703 2.01
    endloop
  endfacet
  facet normal 0.7969370084634054 0.6040624177528329 0
    outer loop
      vertex -4.476041088193439 10.836978404880703 -2.01
      vertex -4.476041088193439 10.836978404880703 2.01
      vertex -4.399877404665453 10.736495977369078 2.01
    endloop
  endfacet
  facet normal 0.7416059034146052 0.6708358100314914 0
    outer loop
      vertex -4.689697241687792 11.082986046733726 -2.01
      vertex -4.689697241687792 11.082986046733726 2.01
      vertex -4.571652653939683 10.952488297759903 2.01
    endloop
  endfacet
  facet normal 0.710563419032724 0.7036331626156669 0
    outer loop
      vertex -4.83367122675765 11.228378067062483 -2.01
      vertex -4.83367122675765 11.228378067062483 2.01
      vertex -4.689697241687792 11.082986046733726 2.01
    endloop
  endfacet
  facet normal 0.6406894402818126 0.767800130965981 0
    outer loop
      vertex -5.216651028193515 11.562820073432004 -2.01
      vertex -5.216651028193515 11.562820073432004 2.01
      vertex -5.0076950259863455 11.388457112684387 2.01
    endloop
  endfacet
  facet normal 0.8653066691207023 0.5012428237643265 0
    outer loop
      vertex -4.295966595333375 10.580752675509462 -2.01
      vertex -4.295966595333375 10.580752675509462 2.01
      vertex -4.264043093318987 10.525642421785957 2.01
    endloop
  endfacet
  facet normal 0.8443107701378884 0.535853826550829 0
    outer loop
      vertex -4.340594621762927 10.65107021640864 -2.01
      vertex -4.340594621762927 10.65107021640864 2.01
      vertex -4.295966595333375 10.580752675509462 2.01
    endloop
  endfacet
  facet normal 0.8845970035450337 0.46635623864074977 0
    outer loop
      vertex -4.264043093318987 10.525642421785957 -2.01
      vertex -4.264043093318987 10.525642421785957 2.01
      vertex -4.243094305531217 10.48590620005346 2.01
    endloop
  endfacet
  facet normal -0.29793374790667154 0.9545865502186189 0
    outer loop
      vertex -3.3293374353135006 9.075238655048832 -2.01
      vertex -3.3293374353135006 9.075238655048832 2.01
      vertex -2.4237768218992017 9.357871033903738 2.01
    endloop
  endfacet
  facet normal -0.20293327735345285 0.9791925678550603 0
    outer loop
      vertex -2.4237768218992017 9.357871033903738 -2.01
      vertex -2.4237768218992017 9.357871033903738 2.01
      vertex -1.4948739185549327 9.550382003356575 2.01
    endloop
  endfacet
  facet normal -0.10597841275633414 0.9943684307285947 0
    outer loop
      vertex -1.4948739185549327 9.550382003356575 -2.01
      vertex -1.4948739185549327 9.550382003356575 2.01
      vertex -1.340941795260356 9.56678787626529 2.01
    endloop
  endfacet
  facet normal -0.9903191122196862 -0.13880942321187156 0
    outer loop
      vertex -1.340941795260356 9.56678787626529 -2.01
      vertex -1.340941795260356 9.56678787626529 2.01
      vertex -1.5652582697321133 11.167146747550635 2.01
    endloop
  endfacet
  facet normal -0.9936433395757389 -0.11257403660157506 0
    outer loop
      vertex -1.5652582697321133 11.167146747550635 -2.01
      vertex -1.5652582697321133 11.167146747550635 2.01
      vertex -1.5662569899912537 11.175962028263243 2.01
    endloop
  endfacet
  facet normal -0.9970000314443346 -0.0774011453403361 0
    outer loop
      vertex -1.5662569899912537 11.175962028263243 -2.01
      vertex -1.5662569899912537 11.175962028263243 2.01
      vertex -1.568325647973662 11.20260830157664 2.01
    endloop
  endfacet
  facet normal -0.9992616013191702 -0.03842202661296886 0
    outer loop
      vertex -1.568325647973662 11.20260830157664 -2.01
      vertex -1.568325647973662 11.20260830157664 2.01
      vertex -1.5700515709614224 11.2474952771096 2.01
    endloop
  endfacet
  facet normal -0.999998969355514 0.0014357186040034999 0
    outer loop
      vertex -1.5700515709614224 11.2474952771096 -2.01
      vertex -1.5700515709614224 11.2474952771096 2.01
      vertex -1.569960131907337 11.311183913301427 2.01
    endloop
  endfacet
  facet normal -0.9991214901580859 0.041907611531628704 0
    outer loop
      vertex -1.569960131907337 11.311183913301427 -2.01
      vertex -1.569960131907337 11.311183913301427 2.01
      vertex -1.5664699005299703 11.394394696433732 2.01
    endloop
  endfacet
  facet normal -0.9965518600686032 0.08297222543602827 0
    outer loop
      vertex -1.5664699005299703 11.394394696433732 -2.01
      vertex -1.5664699005299703 11.394394696433732 2.01
      vertex -1.5578423812814544 11.498016966533202 2.01
    endloop
  endfacet
  facet normal -0.9921989067445331 0.12466486856750564 0
    outer loop
      vertex -1.5578423812814544 11.498016966533202 -2.01
      vertex -1.5578423812814544 11.498016966533202 2.01
      vertex -1.54212391330155 11.623119145876654 2.01
    endloop
  endfacet
  facet normal -0.98595017654075 0.16703966408989168 0
    outer loop
      vertex -1.54212391330155 11.623119145876654 -2.01
      vertex -1.54212391330155 11.623119145876654 2.01
      vertex -1.5170768156618863 11.770959423658644 2.01
    endloop
  endfacet
  facet normal -0.9776674567826966 0.21015790241638327 0
    outer loop
      vertex -1.5170768156618863 11.770959423658644 -2.01
      vertex -1.5170768156618863 11.770959423658644 2.01
      vertex -1.4800960763250368 11.942996092095543 2.01
    endloop
  endfacet
  facet normal -0.9671825484344366 0.2540825023567514 0
    outer loop
      vertex -1.4800960763250368 11.942996092095543 -2.01
      vertex -1.4800960763250368 11.942996092095543 2.01
      vertex -1.4281069558268669 12.140896260693866 2.01
    endloop
  endfacet
  facet normal -0.9542924126209346 0.29887454092665033 0
    outer loop
      vertex -1.4281069558268669 12.140896260693866 -2.01
      vertex -1.4281069558268669 12.140896260693866 2.01
      vertex -1.3574374515988403 12.36654067817886 2.01
    endloop
  endfacet
  facet normal -0.9387533882049004 0.3445897214570095 0
    outer loop
      vertex -1.3574374515988403 12.36654067817886 -2.01
      vertex -1.3574374515988403 12.36654067817886 2.01
      vertex -1.2636577160829374 12.622021439729945 2.01
    endloop
  endfacet
  facet normal -0.9202741667912328 0.39127414677780886 0
    outer loop
      vertex -1.2636577160829374 12.622021439729945 -2.01
      vertex -1.2636577160829374 12.622021439729945 2.01
      vertex -1.1413761245799858 12.909626922128934 2.01
    endloop
  endfacet
  facet normal -0.898507162747766 0.4389588574011914 0
    outer loop
      vertex -1.1413761245799858 12.909626922128934 -2.01
      vertex -1.1413761245799858 12.909626922128934 2.01
      vertex -0.983978155139712 13.231805642433887 2.01
    endloop
  endfacet
  facet normal -0.8730380199810819 0.4876521461733889 0
    outer loop
      vertex -0.983978155139712 13.231805642433887 -2.01
      vertex -0.983978155139712 13.231805642433887 2.01
      vertex -0.7832899655474392 13.591095396513897 2.01
    endloop
  endfacet
  facet normal -0.8433728924492346 0.5373287301846159 0
    outer loop
      vertex -0.7832899655474392 13.591095396513897 -2.01
      vertex -0.7832899655474392 13.591095396513897 2.01
      vertex -0.529142430285461 13.9899967205676 2.01
    endloop
  endfacet
  facet normal 9.49695609857433e-10 1 0
    outer loop
      vertex -0.529142430285461 13.9899967205676 -2.01
      vertex -0.529142430285461 13.9899967205676 2.01
      vertex 0.5291424332497332 13.989996719562551 2.01
    endloop
  endfacet
  facet normal 0 0 1
    outer loop
      vertex -5.94277104513032 6.4523009332231975 2.01
      vertex -5.944544904446308 7.614432774893081 2.01
      vertex -6.548850188323191 7.110344974104885 2.01
    endloop
  endfacet
  facet normal 0 0 1
    outer loop
      vertex -5.94277104513032 6.4523009332231975 2.01
      vertex -5.281718887615584 7.003724759335659 2.01
      vertex -5.944544904446308 7.614432774893081 2.01
    endloop
  endfacet
  facet normal 0 0 1
    outer loop
      vertex -5.944544904446308 7.614432774893081 2.01
      vertex -5.281718887615584 7.003724759335659 2.01
      vertex -4.5698008977209685 7.4876988977189045 2.01
    endloop
  endfacet
  facet normal 0 0 1
    outer loop
      vertex -7.015217314918048 9.010792547338259 2.01
      vertex -4.340594621762927 10.65107021640864 2.01
      vertex -7.053800079910829 9.084600317601176 2.01
    endloop
  endfacet
  facet normal 0 0 1
    outer loop
      vertex -7.307225034412644 9.800271112259107 2.01
      vertex -5.0076950259863455 11.388457112684387 2.01
      vertex -7.358845655800616 10.031019660758142 2.01
    endloop
  endfacet
  facet normal 0 0 1
    outer loop
      vertex -7.253298849275298 9.602889978599906 2.01
      vertex -7.1993067776159965 9.435411477300816 2.01
      vertex -4.571652653939683 10.952488297759903 2.01
    endloop
  endfacet
  facet normal 0 0 1
    outer loop
      vertex -7.098139560047916 9.17865359884545 2.01
      vertex -4.476041088193439 10.836978404880703 2.01
      vertex -7.147078056475009 9.294854492757015 2.01
    endloop
  endfacet
  facet normal 0 0 1
    outer loop
      vertex -7.053800079910829 9.084600317601176 2.01
      vertex -4.340594621762927 10.65107021640864 2.01
      vertex -7.098139560047916 9.17865359884545 2.01
    endloop
  endfacet
  facet normal 0 0 1
    outer loop
      vertex -7.147078056475009 9.294854492757015 2.01
      vertex -4.571652653939683 10.952488297759903 2.01
      vertex -7.1993067776159965 9.435411477300816 2.01
    endloop
  endfacet
  facet normal 0 0 1
    outer loop
      vertex -7.253298849275298 9.602889978599906 2.01
      vertex -4.689697241687792 11.082986046733726 2.01
      vertex -7.307225034412644 9.800271112259107 2.01
    endloop
  endfacet
  facet normal 0 0 1
    outer loop
      vertex -5.944544904446308 7.614432774893081 2.01
      vertex -4.22801995188742 10.453661904747587 2.01
      vertex -6.939126802017164 8.88840364042695 2.01
    endloop
  endfacet
  facet normal 0 0 1
    outer loop
      vertex -6.983452185575423 8.955590850967816 2.01
      vertex -6.95951400520617 8.917580557325307 2.01
      vertex -4.264043093318987 10.525642421785957 2.01
    endloop
  endfacet
  facet normal 0 0 1
    outer loop
      vertex -7.015217314918048 9.010792547338259 2.01
      vertex -6.983452185575423 8.955590850967816 2.01
      vertex -4.264043093318987 10.525642421785957 2.01
    endloop
  endfacet
  facet normal 0 0 1
    outer loop
      vertex -6.944399354029855 8.89553853213756 2.01
      vertex -4.243094305531217 10.48590620005346 2.01
      vertex -6.95951400520617 8.917580557325307 2.01
    endloop
  endfacet
  facet normal 0 0 1
    outer loop
      vertex -6.944399354029855 8.89553853213756 2.01
      vertex -6.939126802017164 8.88840364042695 2.01
      vertex -4.22801995188742 10.453661904747587 2.01
    endloop
  endfacet
  facet normal 0 0 1
    outer loop
      vertex -7.098139560047916 9.17865359884545 2.01
      vertex -4.399877404665453 10.736495977369078 2.01
      vertex -4.476041088193439 10.836978404880703 2.01
    endloop
  endfacet
  facet normal 0 0 1
    outer loop
      vertex -7.098139560047916 9.17865359884545 2.01
      vertex -4.340594621762927 10.65107021640864 2.01
      vertex -4.399877404665453 10.736495977369078 2.01
    endloop
  endfacet
  facet normal 0 0 1
    outer loop
      vertex -7.147078056475009 9.294854492757015 2.01
      vertex -4.476041088193439 10.836978404880703 2.01
      vertex -4.571652653939683 10.952488297759903 2.01
    endloop
  endfacet
  facet normal 0 0 1
    outer loop
      vertex -5.944544904446308 7.614432774893081 2.01
      vertex -4.5698008977209685 7.4876988977189045 2.01
      vertex -3.620607158807834 8.951850645656542 2.01
    endloop
  endfacet
  facet normal 0 0 1
    outer loop
      vertex -4.5698008977209685 7.4876988977189045 2.01
      vertex -3.8138732208294464 7.8995623954795455 2.01
      vertex -3.620607158807834 8.951850645656542 2.01
    endloop
  endfacet
  facet normal 0 0 1
    outer loop
      vertex -5.944544904446308 7.614432774893081 2.01
      vertex -3.620607158807834 8.951850645656542 2.01
      vertex -4.22801995188742 10.453661904747587 2.01
    endloop
  endfacet
  facet normal 0 0 1
    outer loop
      vertex -7.015217314918048 9.010792547338259 2.01
      vertex -4.264043093318987 10.525642421785957 2.01
      vertex -4.295966595333375 10.580752675509462 2.01
    endloop
  endfacet
  facet normal 0 0 1
    outer loop
      vertex -6.944399354029855 8.89553853213756 2.01
      vertex -4.231562675732643 10.461795523005371 2.01
      vertex -4.243094305531217 10.48590620005346 2.01
    endloop
  endfacet
  facet normal 0 0 1
    outer loop
      vertex -6.95951400520617 8.917580557325307 2.01
      vertex -4.243094305531217 10.48590620005346 2.01
      vertex -4.264043093318987 10.525642421785957 2.01
    endloop
  endfacet
  facet normal 0 0 1
    outer loop
      vertex -6.944399354029855 8.89553853213756 2.01
      vertex -4.22801995188742 10.453661904747587 2.01
      vertex -4.231562675732643 10.461795523005371 2.01
    endloop
  endfacet
  facet normal 0 0 1
    outer loop
      vertex -7.015217314918048 9.010792547338259 2.01
      vertex -4.295966595333375 10.580752675509462 2.01
      vertex -4.340594621762927 10.65107021640864 2.01
    endloop
  endfacet
  facet normal 0 0 1
    outer loop
      vertex -7.358845655800616 10.031019660758142 2.01
      vertex -5.0076950259863455 11.388457112684387 2.01
      vertex -7.405370401405083 10.29916235516164 2.01
    endloop
  endfacet
  facet normal 0 0 1
    outer loop
      vertex -7.405370401405083 10.29916235516164 2.01
      vertex -5.466352744817694 11.7507529374611 2.01
      vertex -7.443274182732051 10.609376804240272 2.01
    endloop
  endfacet
  facet normal 0 0 1
    outer loop
      vertex -7.443274182732051 10.609376804240272 2.01
      vertex -5.763752742850626 11.95106890192611 2.01
      vertex -7.46805290088507 10.967090749022153 2.01
    endloop
  endfacet
  facet normal 0 0 1
    outer loop
      vertex -7.473896709843564 11.378588892795285 2.01
      vertex -6.117198689298046 12.161878858326373 2.01
      vertex -6.536747572594793 12.38026377160584 2.01
    endloop
  endfacet
  facet normal 0 0 1
    outer loop
      vertex -7.46805290088507 10.967090749022153 2.01
      vertex -5.763752742850626 11.95106890192611 2.01
      vertex -6.117198689298046 12.161878858326373 2.01
    endloop
  endfacet
  facet normal 0 0 1
    outer loop
      vertex -7.443274182732051 10.609376804240272 2.01
      vertex -5.466352744817694 11.7507529374611 2.01
      vertex -5.763752742850626 11.95106890192611 2.01
    endloop
  endfacet
  facet normal 0 0 1
    outer loop
      vertex -7.307225034412644 9.800271112259107 2.01
      vertex -4.83367122675765 11.228378067062483 2.01
      vertex -5.0076950259863455 11.388457112684387 2.01
    endloop
  endfacet
  facet normal 0 0 1
    outer loop
      vertex -7.405370401405083 10.29916235516164 2.01
      vertex -5.216651028193515 11.562820073432004 2.01
      vertex -5.466352744817694 11.7507529374611 2.01
    endloop
  endfacet
  facet normal 0 0 1
    outer loop
      vertex -7.405370401405083 10.29916235516164 2.01
      vertex -5.0076950259863455 11.388457112684387 2.01
      vertex -5.216651028193515 11.562820073432004 2.01
    endloop
  endfacet
  facet normal 0 0 1
    outer loop
      vertex -7.307225034412644 9.800271112259107 2.01
      vertex -4.689697241687792 11.082986046733726 2.01
      vertex -4.83367122675765 11.228378067062483 2.01
    endloop
  endfacet
  facet normal 0 0 1
    outer loop
      vertex -7.253298849275298 9.602889978599906 2.01
      vertex -4.571652653939683 10.952488297759903 2.01
      vertex -4.689697241687792 11.082986046733726 2.01
    endloop
  endfacet
  facet normal 0 0 1
    outer loop
      vertex -3.8138732208294464 7.8995623954795455 2.01
      vertex -3.0212158648778136 8.235348792456673 2.01
      vertex -3.620607158807834 8.951850645656542 2.01
    endloop
  endfacet
  facet normal 0 0 1
    outer loop
      vertex -3.0212158648778136 8.235348792456673 2.01
      vertex -2.199462546171655 8.491824272299358 2.01
      vertex -3.3293374353135006 9.075238655048832 2.01
    endloop
  endfacet
  facet normal 0 0 1
    outer loop
      vertex -3.620607158807834 8.951850645656542 2.01
      vertex -3.0212158648778136 8.235348792456673 2.01
      vertex -3.3293374353135006 9.075238655048832 2.01
    endloop
  endfacet
  facet normal 0 0 1
    outer loop
      vertex -2.199462546171655 8.491824272299358 2.01
      vertex -2.4237768218992017 9.357871033903738 2.01
      vertex -3.3293374353135006 9.075238655048832 2.01
    endloop
  endfacet
  facet normal 0 0 1
    outer loop
      vertex -2.199462546171655 8.491824272299358 2.01
      vertex -1.3565272009052167 8.666518845958516 2.01
      vertex -2.4237768218992017 9.357871033903738 2.01
    endloop
  endfacet
  facet normal 0 0 1
    outer loop
      vertex -2.4237768218992017 9.357871033903738 2.01
      vertex -1.3565272009052167 8.666518845958516 2.01
      vertex -1.4948739185549327 9.550382003356575 2.01
    endloop
  endfacet
  facet normal 0 0 1
    outer loop
      vertex -1.3565272009052167 8.666518845958516 2.01
      vertex -1.340941795260356 9.56678787626529 2.01
      vertex -1.4948739185549327 9.550382003356575 2.01
    endloop
  endfacet
  facet normal 0 0 1
    outer loop
      vertex -1.3565272009052167 8.666518845958516 2.01
      vertex -0.5005277607194869 8.757750109773557 2.01
      vertex -1.340941795260356 9.56678787626529 2.01
    endloop
  endfacet
  facet normal 0 0 1
    outer loop
      vertex -1.340941795260356 9.56678787626529 2.01
      vertex -0.5005277607194869 8.757750109773557 2.01
      vertex 0.36029203676153543 8.764639445464397 2.01
    endloop
  endfacet
  facet normal 0 0 1
    outer loop
      vertex -1.340941795260356 9.56678787626529 2.01
      vertex 1.3418244082818425 9.573084751205782 2.01
      vertex -1.5652582697321133 11.167146747550635 2.01
    endloop
  endfacet
  facet normal 0 0 1
    outer loop
      vertex -1.5652582697321133 11.167146747550635 2.01
      vertex 1.5662569863626932 11.1759620301749 2.01
      vertex -1.5662569899912537 11.175962028263243 2.01
    endloop
  endfacet
  facet normal 0 0 1
    outer loop
      vertex -1.568325647973662 11.20260830157664 2.01
      vertex -1.5662569899912537 11.175962028263243 2.01
      vertex 1.5683256417979137 11.202608303610065 2.01
    endloop
  endfacet
  facet normal 0 0 1
    outer loop
      vertex -1.568325647973662 11.20260830157664 2.01
      vertex 1.5700515661485368 11.247495277028309 2.01
      vertex -1.5700515709614224 11.2474952771096 2.01
    endloop
  endfacet
  facet normal 0 0 1
    outer loop
      vertex -1.5700515709614224 11.2474952771096 2.01
      vertex 1.5700515661485368 11.247495277028309 2.01
      vertex -1.569960131907337 11.311183913301427 2.01
    endloop
  endfacet
  facet normal 0 0 1
    outer loop
      vertex -1.569960131907337 11.311183913301427 2.01
      vertex 1.56646990062192 11.394394695277668 2.01
      vertex -1.5664699005299703 11.394394696433732 2.01
    endloop
  endfacet
  facet normal 0 0 1
    outer loop
      vertex -1.5664699005299703 11.394394696433732 2.01
      vertex 1.5578423799891665 11.498016967001927 2.01
      vertex -1.5578423812814544 11.498016966533202 2.01
    endloop
  endfacet
  facet normal 0 0 1
    outer loop
      vertex -1.5578423812814544 11.498016966533202 2.01
      vertex 1.5421239089969847 11.623119144188552 2.01
      vertex -1.54212391330155 11.623119145876654 2.01
    endloop
  endfacet
  facet normal 0 0 1
    outer loop
      vertex -1.54212391330155 11.623119145876654 2.01
      vertex 1.5421239089969847 11.623119144188552 2.01
      vertex -1.5170768156618863 11.770959423658644 2.01
    endloop
  endfacet
  facet normal 0 0 1
    outer loop
      vertex -1.5170768156618863 11.770959423658644 2.01
      vertex 1.517076814109198 11.770959422954704 2.01
      vertex -1.4800960763250368 11.942996092095543 2.01
    endloop
  endfacet
  facet normal 0 0 1
    outer loop
      vertex -1.4800960763250368 11.942996092095543 2.01
      vertex 1.4800960749570298 11.942996091556337 2.01
      vertex -1.4281069558268669 12.140896260693866 2.01
    endloop
  endfacet
  facet normal 0 0 1
    outer loop
      vertex -1.4281069558268669 12.140896260693866 2.01
      vertex 1.3574374484364613 12.36654068124781 2.01
      vertex -1.3574374515988403 12.36654067817886 2.01
    endloop
  endfacet
  facet normal 0 0 1
    outer loop
      vertex -1.3574374515988403 12.36654067817886 2.01
      vertex 1.3574374484364613 12.36654068124781 2.01
      vertex -1.2636577160829374 12.622021439729945 2.01
    endloop
  endfacet
  facet normal 0 0 1
    outer loop
      vertex -1.2636577160829374 12.622021439729945 2.01
      vertex 1.1413761265983622 12.909626925455262 2.01
      vertex -1.1413761245799858 12.909626922128934 2.01
    endloop
  endfacet
  facet normal 0 0 1
    outer loop
      vertex -1.1413761245799858 12.909626922128934 2.01
      vertex 0.9839781533994242 13.231805639036676 2.01
      vertex -0.983978155139712 13.231805642433887 2.01
    endloop
  endfacet
  facet normal 0 0 1
    outer loop
      vertex -0.983978155139712 13.231805642433887 2.01
      vertex 0.7832899608201025 13.591095393258387 2.01
      vertex -0.7832899655474392 13.591095396513897 2.01
    endloop
  endfacet
  facet normal 0 0 1
    outer loop
      vertex -0.7832899655474392 13.591095396513897 2.01
      vertex 0.7832899608201025 13.591095393258387 2.01
      vertex -0.529142430285461 13.9899967205676 2.01
    endloop
  endfacet
  facet normal 0 0 -1
    outer loop
      vertex -0.7832899608201025 -13.591095393258387 -2.01
      vertex 0.7832899655474392 -13.591095396513897 -2.01
      vertex 0.529142430285461 -13.9899967205676 -2.01
    endloop
  endfacet
  facet normal 0 0 -1
    outer loop
      vertex -0.7832899608201025 -13.591095393258387 -2.01
      vertex 0.983978155139712 -13.231805642433887 -2.01
      vertex 0.7832899655474392 -13.591095396513897 -2.01
    endloop
  endfacet
  facet normal 0 0 -1
    outer loop
      vertex -0.9839781533994242 -13.231805639036676 -2.01
      vertex 1.1413761245799858 -12.909626922128934 -2.01
      vertex 0.983978155139712 -13.231805642433887 -2.01
    endloop
  endfacet
  facet normal 0 0 -1
    outer loop
      vertex -1.1413761265983622 -12.909626925455262 -2.01
      vertex 1.2636577160829374 -12.622021439729945 -2.01
      vertex 1.1413761245799858 -12.909626922128934 -2.01
    endloop
  endfacet
  facet normal 0 0 -1
    outer loop
      vertex -1.3574374484364613 -12.36654068124781 -2.01
      vertex 1.3574374515988403 -12.36654067817886 -2.01
      vertex 1.2636577160829374 -12.622021439729945 -2.01
    endloop
  endfacet
  facet normal 0 0 -1
    outer loop
      vertex -1.3574374484364613 -12.36654068124781 -2.01
      vertex 1.4281069558268669 -12.140896260693866 -2.01
      vertex 1.3574374515988403 -12.36654067817886 -2.01
    endloop
  endfacet
  facet normal 0 0 -1
    outer loop
      vertex -1.4800960749570298 -11.942996091556337 -2.01
      vertex 1.4800960763250368 -11.942996092095543 -2.01
      vertex 1.4281069558268669 -12.140896260693866 -2.01
    endloop
  endfacet
  facet normal 0 0 -1
    outer loop
      vertex -1.517076814109198 -11.770959422954704 -2.01
      vertex 1.5170768156618863 -11.770959423658644 -2.01
      vertex 1.4800960763250368 -11.942996092095543 -2.01
    endloop
  endfacet
  facet normal 0 0 -1
    outer loop
      vertex -1.5421239089969847 -11.623119144188552 -2.01
      vertex 1.54212391330155 -11.623119145876654 -2.01
      vertex 1.5170768156618863 -11.770959423658644 -2.01
    endloop
  endfacet
  facet normal 0 0 -1
    outer loop
      vertex -1.5421239089969847 -11.623119144188552 -2.01
      vertex 1.5578423812814544 -11.498016966533202 -2.01
      vertex 1.54212391330155 -11.623119145876654 -2.01
    endloop
  endfacet
  facet normal 0 0 -1
    outer loop
      vertex -1.5578423799891665 -11.498016967001927 -2.01
      vertex 1.5664699005299703 -11.394394696433732 -2.01
      vertex 1.5578423812814544 -11.498016966533202 -2.01
    endloop
  endfacet
  facet normal 0 0 -1
    outer loop
      vertex -1.56646990062192 -11.394394695277668 -2.01
      vertex 1.569960131907337 -11.311183913301427 -2.01
      vertex 1.5664699005299703 -11.394394696433732 -2.01
    endloop
  endfacet
  facet normal 0 0 -1
    outer loop
      vertex -1.5700515661485368 -11.247495277028309 -2.01
      vertex 1.5700515709614224 -11.2474952771096 -2.01
      vertex 1.569960131907337 -11.311183913301427 -2.01
    endloop
  endfacet
  facet normal 0 0 -1
    outer loop
      vertex -1.5700515661485368 -11.247495277028309 -2.01
      vertex 1.568325647973662 -11.20260830157664 -2.01
      vertex 1.5700515709614224 -11.2474952771096 -2.01
    endloop
  endfacet
  facet normal 0 0 -1
    outer loop
      vertex -1.5683256417979137 -11.202608303610065 -2.01
      vertex 1.5662569899912537 -11.175962028263243 -2.01
      vertex 1.568325647973662 -11.20260830157664 -2.01
    endloop
  endfacet
  facet normal 0 0 -1
    outer loop
      vertex -1.5662569863626932 -11.1759620301749 -2.01
      vertex 1.5652582697321133 -11.167146747550635 -2.01
      vertex 1.5662569899912537 -11.175962028263243 -2.01
    endloop
  endfacet
  facet normal 0 0 -1
    outer loop
      vertex -1.3418244082818425 -9.573084751205782 -2.01
      vertex 1.340941795260356 -9.56678787626529 -2.01
      vertex 1.5652582697321133 -11.167146747550635 -2.01
    endloop
  endfacet
  facet normal 0 0 -1
    outer loop
      vertex -0.36029203676153543 -8.764639445464397 -2.01
      vertex 0.5005277607194869 -8.757750109773557 -2.01
      vertex 1.340941795260356 -9.56678787626529 -2.01
    endloop
  endfacet
  facet normal 0 0 -1
    outer loop
      vertex 0.5005277607194869 -8.757750109773557 -2.01
      vertex 1.3565272009052167 -8.666518845958516 -2.01
      vertex 1.340941795260356 -9.56678787626529 -2.01
    endloop
  endfacet
  facet normal 0 0 -1
    outer loop
      vertex 1.340941795260356 -9.56678787626529 -2.01
      vertex 1.3565272009052167 -8.666518845958516 -2.01
      vertex 1.4948739185549327 -9.550382003356575 -2.01
    endloop
  endfacet
  facet normal 0 0 -1
    outer loop
      vertex 1.4948739185549327 -9.550382003356575 -2.01
      vertex 1.3565272009052167 -8.666518845958516 -2.01
      vertex 2.4237768218992017 -9.357871033903738 -2.01
    endloop
  endfacet
  facet normal 0 0 -1
    outer loop
      vertex 1.3565272009052167 -8.666518845958516 -2.01
      vertex 2.199462546171655 -8.491824272299358 -2.01
      vertex 2.4237768218992017 -9.357871033903738 -2.01
    endloop
  endfacet
  facet normal 0 0 -1
    outer loop
      vertex 2.4237768218992017 -9.357871033903738 -2.01
      vertex 2.199462546171655 -8.491824272299358 -2.01
      vertex 3.3293374353135006 -9.075238655048832 -2.01
    endloop
  endfacet
  facet normal 0 0 -1
    outer loop
      vertex 3.3293374353135006 -9.075238655048832 -2.01
      vertex 3.0212158648778136 -8.235348792456673 -2.01
      vertex 3.620607158807834 -8.951850645656542 -2.01
    endloop
  endfacet
  facet normal 0 0 -1
    outer loop
      vertex 3.3293374353135006 -9.075238655048832 -2.01
      vertex 2.199462546171655 -8.491824272299358 -2.01
      vertex 3.0212158648778136 -8.235348792456673 -2.01
    endloop
  endfacet
  facet normal 0 0 -1
    outer loop
      vertex 3.0212158648778136 -8.235348792456673 -2.01
      vertex 3.8138732208294464 -7.8995623954795455 -2.01
      vertex 3.620607158807834 -8.951850645656542 -2.01
    endloop
  endfacet
  facet normal 0 0 -1
    outer loop
      vertex 4.571652653939683 -10.952488297759903 -2.01
      vertex 7.253298849275298 -9.602889978599906 -2.01
      vertex 4.689697241687792 -11.082986046733726 -2.01
    endloop
  endfacet
  facet normal 0 0 -1
    outer loop
      vertex 4.689697241687792 -11.082986046733726 -2.01
      vertex 7.307225034412644 -9.800271112259107 -2.01
      vertex 4.83367122675765 -11.228378067062483 -2.01
    endloop
  endfacet
  facet normal 0 0 -1
    outer loop
      vertex 5.0076950259863455 -11.388457112684387 -2.01
      vertex 7.405370401405083 -10.29916235516164 -2.01
      vertex 5.216651028193515 -11.562820073432004 -2.01
    endloop
  endfacet
  facet normal 0 0 -1
    outer loop
      vertex 5.216651028193515 -11.562820073432004 -2.01
      vertex 7.405370401405083 -10.29916235516164 -2.01
      vertex 5.466352744817694 -11.7507529374611 -2.01
    endloop
  endfacet
  facet normal 0 0 -1
    outer loop
      vertex 5.0076950259863455 -11.388457112684387 -2.01
      vertex 4.83367122675765 -11.228378067062483 -2.01
      vertex 7.307225034412644 -9.800271112259107 -2.01
    endloop
  endfacet
  facet normal 0 0 -1
    outer loop
      vertex 5.466352744817694 -11.7507529374611 -2.01
      vertex 7.443274182732051 -10.609376804240272 -2.01
      vertex 5.763752742850626 -11.95106890192611 -2.01
    endloop
  endfacet
  facet normal 0 0 -1
    outer loop
      vertex 5.763752742850626 -11.95106890192611 -2.01
      vertex 7.46805290088507 -10.967090749022153 -2.01
      vertex 6.117198689298046 -12.161878858326373 -2.01
    endloop
  endfacet
  facet normal 0 0 -1
    outer loop
      vertex 6.536747572594793 -12.38026377160584 -2.01
      vertex 6.117198689298046 -12.161878858326373 -2.01
      vertex 7.473896709843564 -11.378588892795285 -2.01
    endloop
  endfacet
  facet normal 0 0 -1
    outer loop
      vertex 5.763752742850626 -11.95106890192611 -2.01
      vertex 7.443274182732051 -10.609376804240272 -2.01
      vertex 7.46805290088507 -10.967090749022153 -2.01
    endloop
  endfacet
  facet normal 0 0 -1
    outer loop
      vertex 5.466352744817694 -11.7507529374611 -2.01
      vertex 7.405370401405083 -10.29916235516164 -2.01
      vertex 7.443274182732051 -10.609376804240272 -2.01
    endloop
  endfacet
  facet normal 0 0 -1
    outer loop
      vertex 5.0076950259863455 -11.388457112684387 -2.01
      vertex 7.358845655800616 -10.031019660758142 -2.01
      vertex 7.405370401405083 -10.29916235516164 -2.01
    endloop
  endfacet
  facet normal 0 0 -1
    outer loop
      vertex 4.340594621762927 -10.65107021640864 -2.01
      vertex 4.295966595333375 -10.580752675509462 -2.01
      vertex 7.015217314918048 -9.010792547338259 -2.01
    endloop
  endfacet
  facet normal 0 0 -1
    outer loop
      vertex 4.22801995188742 -10.453661904747587 -2.01
      vertex 6.944399354029855 -8.89553853213756 -2.01
      vertex 4.231562675732643 -10.461795523005371 -2.01
    endloop
  endfacet
  facet normal 0 0 -1
    outer loop
      vertex 4.264043093318987 -10.525642421785957 -2.01
      vertex 4.243094305531217 -10.48590620005346 -2.01
      vertex 6.95951400520617 -8.917580557325307 -2.01
    endloop
  endfacet
  facet normal 0 0 -1
    outer loop
      vertex 4.231562675732643 -10.461795523005371 -2.01
      vertex 6.944399354029855 -8.89553853213756 -2.01
      vertex 4.243094305531217 -10.48590620005346 -2.01
    endloop
  endfacet
  facet normal 0 0 -1
    outer loop
      vertex 4.295966595333375 -10.580752675509462 -2.01
      vertex 4.264043093318987 -10.525642421785957 -2.01
      vertex 7.015217314918048 -9.010792547338259 -2.01
    endloop
  endfacet
  facet normal 0 0 -1
    outer loop
      vertex 4.22801995188742 -10.453661904747587 -2.01
      vertex 3.620607158807834 -8.951850645656542 -2.01
      vertex 5.944544904446308 -7.614432774893081 -2.01
    endloop
  endfacet
  facet normal 0 0 -1
    outer loop
      vertex 3.620607158807834 -8.951850645656542 -2.01
      vertex 3.8138732208294464 -7.8995623954795455 -2.01
      vertex 4.5698008977209685 -7.4876988977189045 -2.01
    endloop
  endfacet
  facet normal 0 0 -1
    outer loop
      vertex 3.620607158807834 -8.951850645656542 -2.01
      vertex 4.5698008977209685 -7.4876988977189045 -2.01
      vertex 5.944544904446308 -7.614432774893081 -2.01
    endloop
  endfacet
  facet normal 0 0 -1
    outer loop
      vertex 4.571652653939683 -10.952488297759903 -2.01
      vertex 4.476041088193439 -10.836978404880703 -2.01
      vertex 7.147078056475009 -9.294854492757015 -2.01
    endloop
  endfacet
  facet normal 0 0 -1
    outer loop
      vertex 4.340594621762927 -10.65107021640864 -2.01
      vertex 7.098139560047916 -9.17865359884545 -2.01
      vertex 4.399877404665453 -10.736495977369078 -2.01
    endloop
  endfacet
  facet normal 0 0 -1
    outer loop
      vertex 4.476041088193439 -10.836978404880703 -2.01
      vertex 4.399877404665453 -10.736495977369078 -2.01
      vertex 7.098139560047916 -9.17865359884545 -2.01
    endloop
  endfacet
  facet normal 0 0 -1
    outer loop
      vertex 4.22801995188742 -10.453661904747587 -2.01
      vertex 6.939126802017164 -8.88840364042695 -2.01
      vertex 6.944399354029855 -8.89553853213756 -2.01
    endloop
  endfacet
  facet normal 0 0 -1
    outer loop
      vertex 4.243094305531217 -10.48590620005346 -2.01
      vertex 6.944399354029855 -8.89553853213756 -2.01
      vertex 6.95951400520617 -8.917580557325307 -2.01
    endloop
  endfacet
  facet normal 0 0 -1
    outer loop
      vertex 4.264043093318987 -10.525642421785957 -2.01
      vertex 6.983452185575423 -8.955590850967816 -2.01
      vertex 7.015217314918048 -9.010792547338259 -2.01
    endloop
  endfacet
  facet normal 0 0 -1
    outer loop
      vertex 4.264043093318987 -10.525642421785957 -2.01
      vertex 6.95951400520617 -8.917580557325307 -2.01
      vertex 6.983452185575423 -8.955590850967816 -2.01
    endloop
  endfacet
  facet normal 0 0 -1
    outer loop
      vertex 4.22801995188742 -10.453661904747587 -2.01
      vertex 5.944544904446308 -7.614432774893081 -2.01
      vertex 6.939126802017164 -8.88840364042695 -2.01
    endloop
  endfacet
  facet normal 0 0 -1
    outer loop
      vertex 4.689697241687792 -11.082986046733726 -2.01
      vertex 7.253298849275298 -9.602889978599906 -2.01
      vertex 7.307225034412644 -9.800271112259107 -2.01
    endloop
  endfacet
  facet normal 0 0 -1
    outer loop
      vertex 4.571652653939683 -10.952488297759903 -2.01
      vertex 7.147078056475009 -9.294854492757015 -2.01
      vertex 7.1993067776159965 -9.435411477300816 -2.01
    endloop
  endfacet
  facet normal 0 0 -1
    outer loop
      vertex 4.340594621762927 -10.65107021640864 -2.01
      vertex 7.053800079910829 -9.084600317601176 -2.01
      vertex 7.098139560047916 -9.17865359884545 -2.01
    endloop
  endfacet
  facet normal 0 0 -1
    outer loop
      vertex 4.476041088193439 -10.836978404880703 -2.01
      vertex 7.098139560047916 -9.17865359884545 -2.01
      vertex 7.147078056475009 -9.294854492757015 -2.01
    endloop
  endfacet
  facet normal 0 0 -1
    outer loop
      vertex 4.571652653939683 -10.952488297759903 -2.01
      vertex 7.1993067776159965 -9.435411477300816 -2.01
      vertex 7.253298849275298 -9.602889978599906 -2.01
    endloop
  endfacet
  facet normal 0 0 -1
    outer loop
      vertex 5.0076950259863455 -11.388457112684387 -2.01
      vertex 7.307225034412644 -9.800271112259107 -2.01
      vertex 7.358845655800616 -10.031019660758142 -2.01
    endloop
  endfacet
  facet normal 0 0 -1
    outer loop
      vertex 4.340594621762927 -10.65107021640864 -2.01
      vertex 7.015217314918048 -9.010792547338259 -2.01
      vertex 7.053800079910829 -9.084600317601176 -2.01
    endloop
  endfacet
  facet normal 0 0 -1
    outer loop
      vertex 4.5698008977209685 -7.4876988977189045 -2.01
      vertex 5.281718887615584 -7.003724759335659 -2.01
      vertex 5.944544904446308 -7.614432774893081 -2.01
    endloop
  endfacet
  facet normal 0 0 -1
    outer loop
      vertex 5.281718887615584 -7.003724759335659 -2.01
      vertex 5.94277104513032 -6.4523009332231975 -2.01
      vertex 5.944544904446308 -7.614432774893081 -2.01
    endloop
  endfacet
  facet normal 0 0 -1
    outer loop
      vertex 5.944544904446308 -7.614432774893081 -2.01
      vertex 5.94277104513032 -6.4523009332231975 -2.01
      vertex 6.548850188323191 -7.110344974104885 -2.01
    endloop
  endfacet
  facet normal 0.8433728924492346 -0.5373287301846159 0
    outer loop
      vertex 0.529142430285461 -13.9899967205676 -2.01
      vertex 0.7832899655474392 -13.591095396513897 -2.01
      vertex 0.529142430285461 -13.9899967205676 2.01
    endloop
  endfacet
  facet normal 0.8730380199810819 -0.4876521461733889 0
    outer loop
      vertex 0.7832899655474392 -13.591095396513897 -2.01
      vertex 0.983978155139712 -13.231805642433887 -2.01
      vertex 0.7832899655474392 -13.591095396513897 2.01
    endloop
  endfacet
  facet normal 0.898507162747766 -0.4389588574011914 0
    outer loop
      vertex 0.983978155139712 -13.231805642433887 -2.01
      vertex 1.1413761245799858 -12.909626922128934 -2.01
      vertex 0.983978155139712 -13.231805642433887 2.01
    endloop
  endfacet
  facet normal 0.9202741667912328 -0.39127414677780886 0
    outer loop
      vertex 1.1413761245799858 -12.909626922128934 -2.01
      vertex 1.2636577160829374 -12.622021439729945 -2.01
      vertex 1.1413761245799858 -12.909626922128934 2.01
    endloop
  endfacet
  facet normal 0.9387533882049004 -0.3445897214570095 0
    outer loop
      vertex 1.2636577160829374 -12.622021439729945 -2.01
      vertex 1.3574374515988403 -12.36654067817886 -2.01
      vertex 1.2636577160829374 -12.622021439729945 2.01
    endloop
  endfacet
  facet normal 0.9542924126209346 -0.29887454092665033 0
    outer loop
      vertex 1.3574374515988403 -12.36654067817886 -2.01
      vertex 1.4281069558268669 -12.140896260693866 -2.01
      vertex 1.3574374515988403 -12.36654067817886 2.01
    endloop
  endfacet
  facet normal 0.9671825484344366 -0.2540825023567514 0
    outer loop
      vertex 1.4281069558268669 -12.140896260693866 -2.01
      vertex 1.4800960763250368 -11.942996092095543 -2.01
      vertex 1.4281069558268669 -12.140896260693866 2.01
    endloop
  endfacet
  facet normal 0.9776674567826966 -0.21015790241638327 0
    outer loop
      vertex 1.4800960763250368 -11.942996092095543 -2.01
      vertex 1.5170768156618863 -11.770959423658644 -2.01
      vertex 1.4800960763250368 -11.942996092095543 2.01
    endloop
  endfacet
  facet normal 0.98595017654075 -0.16703966408989168 0
    outer loop
      vertex 1.5170768156618863 -11.770959423658644 -2.01
      vertex 1.54212391330155 -11.623119145876654 -2.01
      vertex 1.5170768156618863 -11.770959423658644 2.01
    endloop
  endfacet
  facet normal 0.9921989067445331 -0.12466486856750564 0
    outer loop
      vertex 1.54212391330155 -11.623119145876654 -2.01
      vertex 1.5578423812814544 -11.498016966533202 -2.01
      vertex 1.54212391330155 -11.623119145876654 2.01
    endloop
  endfacet
  facet normal 0.9965518600686032 -0.08297222543602827 0
    outer loop
      vertex 1.5578423812814544 -11.498016966533202 -2.01
      vertex 1.5664699005299703 -11.394394696433732 -2.01
      vertex 1.5578423812814544 -11.498016966533202 2.01
    endloop
  endfacet
  facet normal 0.9991214901580859 -0.041907611531628704 0
    outer loop
      vertex 1.5664699005299703 -11.394394696433732 -2.01
      vertex 1.569960131907337 -11.311183913301427 -2.01
      vertex 1.5664699005299703 -11.394394696433732 2.01
    endloop
  endfacet
  facet normal 0.999998969355514 -0.0014357186040034999 0
    outer loop
      vertex 1.569960131907337 -11.311183913301427 -2.01
      vertex 1.5700515709614224 -11.2474952771096 -2.01
      vertex 1.569960131907337 -11.311183913301427 2.01
    endloop
  endfacet
  facet normal 0.9992616013191702 0.03842202661296886 0
    outer loop
      vertex 1.5700515709614224 -11.2474952771096 -2.01
      vertex 1.568325647973662 -11.20260830157664 -2.01
      vertex 1.5700515709614224 -11.2474952771096 2.01
    endloop
  endfacet
  facet normal 0.9970000314443346 0.0774011453403361 0
    outer loop
      vertex 1.568325647973662 -11.20260830157664 -2.01
      vertex 1.5662569899912537 -11.175962028263243 -2.01
      vertex 1.568325647973662 -11.20260830157664 2.01
    endloop
  endfacet
  facet normal 0.9936433395757389 0.11257403660157506 0
    outer loop
      vertex 1.5662569899912537 -11.175962028263243 -2.01
      vertex 1.5652582697321133 -11.167146747550635 -2.01
      vertex 1.5662569899912537 -11.175962028263243 2.01
    endloop
  endfacet
  facet normal 0.9903191122196862 0.13880942321187156 0
    outer loop
      vertex 1.5652582697321133 -11.167146747550635 -2.01
      vertex 1.340941795260356 -9.56678787626529 -2.01
      vertex 1.5652582697321133 -11.167146747550635 2.01
    endloop
  endfacet
  facet normal 0.10597841275633414 -0.9943684307285947 0
    outer loop
      vertex 1.340941795260356 -9.56678787626529 -2.01
      vertex 1.4948739185549327 -9.550382003356575 -2.01
      vertex 1.340941795260356 -9.56678787626529 2.01
    endloop
  endfacet
  facet normal 0.20293327735345285 -0.9791925678550603 0
    outer loop
      vertex 1.4948739185549327 -9.550382003356575 -2.01
      vertex 2.4237768218992017 -9.357871033903738 -2.01
      vertex 1.4948739185549327 -9.550382003356575 2.01
    endloop
  endfacet
  facet normal 0.29793374790667154 -0.9545865502186189 0
    outer loop
      vertex 2.4237768218992017 -9.357871033903738 -2.01
      vertex 3.3293374353135006 -9.075238655048832 -2.01
      vertex 2.4237768218992017 -9.357871033903738 2.01
    endloop
  endfacet
  facet normal 0.3900649716757528 -0.9207873358553506 0
    outer loop
      vertex 3.3293374353135006 -9.075238655048832 -2.01
      vertex 3.620607158807834 -8.951850645656542 -2.01
      vertex 3.3293374353135006 -9.075238655048832 2.01
    endloop
  endfacet
  facet normal -0.8845970035450337 -0.46635623864074977 0
    outer loop
      vertex 4.264043093318987 -10.525642421785957 -2.01
      vertex 4.243094305531217 -10.48590620005346 2.01
      vertex 4.243094305531217 -10.48590620005346 -2.01
    endloop
  endfacet
  facet normal -0.8443107701378884 -0.535853826550829 0
    outer loop
      vertex 4.340594621762927 -10.65107021640864 -2.01
      vertex 4.295966595333375 -10.580752675509462 2.01
      vertex 4.295966595333375 -10.580752675509462 -2.01
    endloop
  endfacet
  facet normal -0.8215531348798517 -0.5701319554007546 0
    outer loop
      vertex 4.340594621762927 -10.65107021640864 -2.01
      vertex 4.399877404665453 -10.736495977369078 -2.01
      vertex 4.340594621762927 -10.65107021640864 2.01
    endloop
  endfacet
  facet normal -0.8653066691207023 -0.5012428237643265 0
    outer loop
      vertex 4.295966595333375 -10.580752675509462 -2.01
      vertex 4.264043093318987 -10.525642421785957 2.01
      vertex 4.264043093318987 -10.525642421785957 -2.01
    endloop
  endfacet
  facet normal -0.6406894402818126 -0.767800130965981 0
    outer loop
      vertex 5.0076950259863455 -11.388457112684387 -2.01
      vertex 5.216651028193515 -11.562820073432004 -2.01
      vertex 5.0076950259863455 -11.388457112684387 2.01
    endloop
  endfacet
  facet normal -0.7416059034146052 -0.6708358100314914 0
    outer loop
      vertex 4.571652653939683 -10.952488297759903 -2.01
      vertex 4.689697241687792 -11.082986046733726 -2.01
      vertex 4.571652653939683 -10.952488297759903 2.01
    endloop
  endfacet
  facet normal -0.710563419032724 -0.7036331626156669 0
    outer loop
      vertex 4.689697241687792 -11.082986046733726 -2.01
      vertex 4.83367122675765 -11.228378067062483 -2.01
      vertex 4.689697241687792 -11.082986046733726 2.01
    endloop
  endfacet
  facet normal -0.7969370084634054 -0.6040624177528329 0
    outer loop
      vertex 4.476041088193439 -10.836978404880703 -2.01
      vertex 4.399877404665453 -10.736495977369078 2.01
      vertex 4.399877404665453 -10.736495977369078 -2.01
    endloop
  endfacet
  facet normal -0.7703380693180778 -0.6376356788631705 0
    outer loop
      vertex 4.571652653939683 -10.952488297759903 -2.01
      vertex 4.476041088193439 -10.836978404880703 2.01
      vertex 4.476041088193439 -10.836978404880703 -2.01
    endloop
  endfacet
  facet normal -0.67700419184859 -0.7359791601801219 0
    outer loop
      vertex 5.0076950259863455 -11.388457112684387 -2.01
      vertex 4.83367122675765 -11.228378067062483 2.01
      vertex 4.83367122675765 -11.228378067062483 -2.01
    endloop
  endfacet
  facet normal -0.5586505887791271 -0.8294031104696526 0
    outer loop
      vertex 5.466352744817694 -11.7507529374611 -2.01
      vertex 5.763752742850626 -11.95106890192611 -2.01
      vertex 5.466352744817694 -11.7507529374611 2.01
    endloop
  endfacet
  facet normal -0.6013437287007807 -0.7989904379604564 0
    outer loop
      vertex 5.216651028193515 -11.562820073432004 -2.01
      vertex 5.466352744817694 -11.7507529374611 -2.01
      vertex 5.216651028193515 -11.562820073432004 2.01
    endloop
  endfacet
  facet normal -0.5122470261187693 -0.8588381595111367 0
    outer loop
      vertex 5.763752742850626 -11.95106890192611 -2.01
      vertex 6.117198689298046 -12.161878858326373 -2.01
      vertex 5.763752742850626 -11.95106890192611 2.01
    endloop
  endfacet
  facet normal -0.46171798625650723 -0.8870267759020782 0
    outer loop
      vertex 6.536747572594793 -12.38026377160584 -2.01
      vertex 6.117198689298046 -12.161878858326373 2.01
      vertex 6.117198689298046 -12.161878858326373 -2.01
    endloop
  endfacet
  facet normal 0.49999999553965513 -0.86602540635962 0
    outer loop
      vertex 6.536747572594793 -12.38026377160584 -2.01
      vertex 7.453249148884934 -11.851121346115765 -2.01
      vertex 6.536747572594793 -12.38026377160584 2.01
    endloop
  endfacet
  facet normal -0.9168073873092327 -0.39932970660247447 0
    outer loop
      vertex 4.22801995188742 -10.453661904747587 -2.01
      vertex 4.231562675732643 -10.461795523005371 -2.01
      vertex 4.22801995188742 -10.453661904747587 2.01
    endloop
  endfacet
  facet normal -0.9021278656208307 -0.43146878690167656 0
    outer loop
      vertex 4.231562675732643 -10.461795523005371 -2.01
      vertex 4.243094305531217 -10.48590620005346 -2.01
      vertex 4.231562675732643 -10.461795523005371 2.01
    endloop
  endfacet
  facet normal -0.9270462197341155 -0.3749470715670227 0
    outer loop
      vertex 4.22801995188742 -10.453661904747587 -2.01
      vertex 3.620607158807834 -8.951850645656542 2.01
      vertex 3.620607158807834 -8.951850645656542 -2.01
    endloop
  endfacet
  facet normal 0.8247267643506263 0.5655313998035357 0
    outer loop
      vertex 6.95951400520617 -8.917580557325307 -2.01
      vertex 6.944399354029855 -8.89553853213756 -2.01
      vertex 6.95951400520617 -8.917580557325307 2.01
    endloop
  endfacet
  facet normal 0.8461748862101216 0.5329053029828921 0
    outer loop
      vertex 6.95951400520617 -8.917580557325307 -2.01
      vertex 6.983452185575423 -8.955590850967816 2.01
      vertex 6.983452185575423 -8.955590850967816 -2.01
    endloop
  endfacet
  facet normal 0.8042334432308199 0.5943135273482336 0
    outer loop
      vertex 6.939126802017164 -8.88840364042695 -2.01
      vertex 6.944399354029855 -8.89553853213756 2.01
      vertex 6.944399354029855 -8.89553853213756 -2.01
    endloop
  endfacet
  facet normal 0.7882367991013726 0.6153720407545523 0
    outer loop
      vertex 6.939126802017164 -8.88840364042695 -2.01
      vertex 5.944544904446308 -7.614432774893081 -2.01
      vertex 6.939126802017164 -8.88840364042695 2.01
    endloop
  endfacet
  facet normal 0.6405593409698362 -0.7679086734086868 0
    outer loop
      vertex 5.944544904446308 -7.614432774893081 -2.01
      vertex 6.548850188323191 -7.110344974104885 -2.01
      vertex 5.944544904446308 -7.614432774893081 2.01
    endloop
  endfacet
  facet normal 0 0 -1
    outer loop
      vertex 6.548850188323191 -7.110344974104885 -2.01
      vertex 5.94277104513032 -6.4523009332231975 -2.01
      vertex 7.214251369843425 -6.434207150238592 -2.01
    endloop
  endfacet
  facet normal 0 0 -1
    outer loop
      vertex 5.94277104513032 -6.4523009332231975 -2.01
      vertex 6.546591063774667 -5.838737913996498 -2.01
      vertex 7.214251369843425 -6.434207150238592 -2.01
    endloop
  endfacet
  facet normal 0.7127430920570003 -0.7014251811312638 0
    outer loop
      vertex 6.548850188323191 -7.110344974104885 -2.01
      vertex 7.214251369843425 -6.434207150238592 -2.01
      vertex 6.548850188323191 -7.110344974104885 2.01
    endloop
  endfacet
  facet normal 0 0 -1
    outer loop
      vertex 6.536747572594793 -12.38026377160584 -2.01
      vertex 7.473896709843564 -11.378588892795285 -2.01
      vertex 7.453249148884934 -11.851121346115765 -2.01
    endloop
  endfacet
  facet normal 0 0 -1
    outer loop
      vertex 6.117198689298046 -12.161878858326373 -2.01
      vertex 7.46805290088507 -10.967090749022153 -2.01
      vertex 7.473896709843564 -11.378588892795285 -2.01
    endloop
  endfacet
  facet normal 0 0 -1
    outer loop
      vertex 10.967090748526687 -7.46805289618605 -2.01
      vertex 12.161878858342725 -6.117198686670332 -2.01
      vertex 11.37858889750627 -7.473896703960341 -2.01
    endloop
  endfacet
  facet normal 0 0 -1
    outer loop
      vertex 11.37858889750627 -7.473896703960341 -2.01
      vertex 12.161878858342725 -6.117198686670332 -2.01
      vertex 11.851121338356107 -7.453249146967757 -2.01
    endloop
  endfacet
  facet normal 0.9990467147334265 -0.04365388619982758 0
    outer loop
      vertex 7.453249148884934 -11.851121346115765 -2.01
      vertex 7.473896709843564 -11.378588892795285 -2.01
      vertex 7.453249148884934 -11.851121346115765 2.01
    endloop
  endfacet
  facet normal 0.9926178784008536 0.121283747794122 0
    outer loop
      vertex 7.443274182732051 -10.609376804240272 -2.01
      vertex 7.405370401405083 -10.29916235516164 -2.01
      vertex 7.443274182732051 -10.609376804240272 2.01
    endloop
  endfacet
  facet normal 0.9998991767764428 0.014199869076587874 0
    outer loop
      vertex 7.473896709843564 -11.378588892795285 -2.01
      vertex 7.46805290088507 -10.967090749022153 -2.01
      vertex 7.473896709843564 -11.378588892795285 2.01
    endloop
  endfacet
  facet normal 0.9976094575488151 0.06910405349296764 0
    outer loop
      vertex 7.46805290088507 -10.967090749022153 -2.01
      vertex 7.443274182732051 -10.609376804240272 -2.01
      vertex 7.46805290088507 -10.967090749022153 2.01
    endloop
  endfacet
  facet normal 0.9852791436241901 0.17095323670285492 0
    outer loop
      vertex 7.405370401405083 -10.29916235516164 -2.01
      vertex 7.358845655800616 -10.031019660758142 -2.01
      vertex 7.405370401405083 -10.29916235516164 2.01
    endloop
  endfacet
  facet normal 0.9758787434334373 0.21831325684615524 0
    outer loop
      vertex 7.358845655800616 -10.031019660758142 -2.01
      vertex 7.307225034412644 -9.800271112259107 -2.01
      vertex 7.358845655800616 -10.031019660758142 2.01
    endloop
  endfacet
  facet normal 0.964645908328241 0.2635493721213974 0
    outer loop
      vertex 7.307225034412644 -9.800271112259107 -2.01
      vertex 7.253298849275298 -9.602889978599906 -2.01
      vertex 7.307225034412644 -9.800271112259107 2.01
    endloop
  endfacet
  facet normal 0.9373777202613743 0.3483145267679608 0
    outer loop
      vertex 7.1993067776159965 -9.435411477300816 -2.01
      vertex 7.147078056475009 -9.294854492757015 -2.01
      vertex 7.1993067776159965 -9.435411477300816 2.01
    endloop
  endfacet
  facet normal 0.9216018884975296 0.3881365212367774 0
    outer loop
      vertex 7.147078056475009 -9.294854492757015 -2.01
      vertex 7.098139560047916 -9.17865359884545 -2.01
      vertex 7.147078056475009 -9.294854492757015 2.01
    endloop
  endfacet
  facet normal 0.9517638133674741 0.30683162086754356 0
    outer loop
      vertex 7.1993067776159965 -9.435411477300816 -2.01
      vertex 7.253298849275298 -9.602889978599906 2.01
      vertex 7.253298849275298 -9.602889978599906 -2.01
    endloop
  endfacet
  facet normal 0.9045253606288997 0.42641983065889294 0
    outer loop
      vertex 7.098139560047916 -9.17865359884545 -2.01
      vertex 7.053800079910829 -9.084600317601176 -2.01
      vertex 7.098139560047916 -9.17865359884545 2.01
    endloop
  endfacet
  facet normal 0.8862183920360851 0.46326769973415544 0
    outer loop
      vertex 7.053800079910829 -9.084600317601176 -2.01
      vertex 7.015217314918048 -9.010792547338259 -2.01
      vertex 7.053800079910829 -9.084600317601176 2.01
    endloop
  endfacet
  facet normal 0.8667423718229927 0.49875611363335987 0
    outer loop
      vertex 6.983452185575423 -8.955590850967816 -2.01
      vertex 7.015217314918048 -9.010792547338259 2.01
      vertex 7.015217314918048 -9.010792547338259 -2.01
    endloop
  endfacet
  facet normal -0.46326766661584534 -0.8862184093485702 0
    outer loop
      vertex 9.0107925429388 -7.015217310682609 -2.01
      vertex 9.084600315786718 -7.0538000735147435 -2.01
      vertex 9.0107925429388 -7.015217310682609 2.01
    endloop
  endfacet
  facet normal -0.4264198976991446 -0.9045253290241523 0
    outer loop
      vertex 9.084600315786718 -7.0538000735147435 -2.01
      vertex 9.178653597379911 -7.098139562336474 -2.01
      vertex 9.084600315786718 -7.0538000735147435 2.01
    endloop
  endfacet
  facet normal -0.38813648955941105 -0.921601901838585 0
    outer loop
      vertex 9.178653597379911 -7.098139562336474 -2.01
      vertex 9.294854495883719 -7.147078055995113 -2.01
      vertex 9.178653597379911 -7.098139562336474 2.01
    endloop
  endfacet
  facet normal -0.34831447216078015 -0.9373777405525252 0
    outer loop
      vertex 9.294854495883719 -7.147078055995113 -2.01
      vertex 9.435411483650705 -7.1993067690150205 -2.01
      vertex 9.294854495883719 -7.147078055995113 2.01
    endloop
  endfacet
  facet normal -0.306831690060187 -0.9517637910610013 0
    outer loop
      vertex 9.602889971776694 -7.2532988498685445 -2.01
      vertex 9.435411483650705 -7.1993067690150205 2.01
      vertex 9.435411483650705 -7.1993067690150205 -2.01
    endloop
  endfacet
  facet normal -0.26354935367349336 -0.9646459133683634 0
    outer loop
      vertex 9.602889971776694 -7.2532988498685445 -2.01
      vertex 9.800271109189435 -7.307225031974913 -2.01
      vertex 9.602889971776694 -7.2532988498685445 2.01
    endloop
  endfacet
  facet normal -0.21831325858273898 -0.9758787430449473 0
    outer loop
      vertex 9.800271109189435 -7.307225031974913 -2.01
      vertex 10.031019664247927 -7.358845655261466 -2.01
      vertex 9.800271109189435 -7.307225031974913 2.01
    endloop
  endfacet
  facet normal -0.17095327110421685 -0.9852791376552983 0
    outer loop
      vertex 10.031019664247927 -7.358845655261466 -2.01
      vertex 10.299162351619108 -7.405370409289919 -2.01
      vertex 10.031019664247927 -7.358845655261466 2.01
    endloop
  endfacet
  facet normal -0.12128371241648153 -0.992617882723496 0
    outer loop
      vertex 10.299162351619108 -7.405370409289919 -2.01
      vertex 10.609376810862738 -7.443274180637568 -2.01
      vertex 10.299162351619108 -7.405370409289919 2.01
    endloop
  endfacet
  facet normal -0.06910404763249461 -0.9976094579547679 0
    outer loop
      vertex 10.609376810862738 -7.443274180637568 -2.01
      vertex 10.967090748526687 -7.46805289618605 -2.01
      vertex 10.609376810862738 -7.443274180637568 2.01
    endloop
  endfacet
  facet normal -0.014199866020045016 -0.9998991768198495 0
    outer loop
      vertex 10.967090748526687 -7.46805289618605 -2.01
      vertex 11.37858889750627 -7.473896703960341 -2.01
      vertex 10.967090748526687 -7.46805289618605 2.01
    endloop
  endfacet
  facet normal 0.043653878980513636 -0.9990467150488783 0
    outer loop
      vertex 11.37858889750627 -7.473896703960341 -2.01
      vertex 11.851121338356107 -7.453249146967757 -2.01
      vertex 11.37858889750627 -7.473896703960341 2.01
    endloop
  endfacet
  facet normal 0.8660254009851158 -0.5000000048485692 0
    outer loop
      vertex 11.851121338356107 -7.453249146967757 -2.01
      vertex 12.380263776401227 -6.536747571682665 -2.01
      vertex 11.851121338356107 -7.453249146967757 2.01
    endloop
  endfacet
  facet normal 0 0 -1
    outer loop
      vertex 6.546591063774667 -5.838737913996498 -2.01
      vertex 7.611463096407785 -5.942226494553568 -2.01
      vertex 7.214251369843425 -6.434207150238592 -2.01
    endloop
  endfacet
  facet normal 0 0 -1
    outer loop
      vertex 6.546591063774667 -5.838737913996498 -2.01
      vertex 7.087363833681329 -5.168944662562453 -2.01
      vertex 7.611463096407785 -5.942226494553568 -2.01
    endloop
  endfacet
  facet normal 0 0 -1
    outer loop
      vertex 7.611463096407785 -5.942226494553568 -2.01
      vertex 7.087363833681329 -5.168944662562453 -2.01
      vertex 7.559881410067097 -4.449371644327583 -2.01
    endloop
  endfacet
  facet normal 0 0 -1
    outer loop
      vertex 7.611463096407785 -5.942226494553568 -2.01
      vertex 7.559881410067097 -4.449371644327583 -2.01
      vertex 10.453661910159065 -4.22801994553347 -2.01
    endloop
  endfacet
  facet normal 0 0 -1
    outer loop
      vertex 7.559881410067097 -4.449371644327583 -2.01
      vertex 7.959593199313643 -3.6869487459944263 -2.01
      vertex 8.950652904201275 -3.6201227167478773 -2.01
    endloop
  endfacet
  facet normal 0 0 -1
    outer loop
      vertex 9.0107925429388 -7.015217310682609 -2.01
      vertex 10.580752679245595 -4.29596659838338 -2.01
      vertex 9.084600315786718 -7.0538000735147435 -2.01
    endloop
  endfacet
  facet normal 0 0 -1
    outer loop
      vertex 7.611463096407785 -5.942226494553568 -2.01
      vertex 10.453661910159065 -4.22801994553347 -2.01
      vertex 8.88840363380045 -6.939126802053124 -2.01
    endloop
  endfacet
  facet normal 0 0 -1
    outer loop
      vertex 8.895538536642677 -6.944399354442256 -2.01
      vertex 10.461795522128813 -4.231562674233388 -2.01
      vertex 8.917580558255546 -6.9595139980788465 -2.01
    endloop
  endfacet
  facet normal 0 0 -1
    outer loop
      vertex 8.895538536642677 -6.944399354442256 -2.01
      vertex 8.88840363380045 -6.939126802053124 -2.01
      vertex 10.453661910159065 -4.22801994553347 -2.01
    endloop
  endfacet
  facet normal 0 0 -1
    outer loop
      vertex 8.917580558255546 -6.9595139980788465 -2.01
      vertex 10.485906205298969 -4.243094296370471 -2.01
      vertex 8.95559085563742 -6.983452183709321 -2.01
    endloop
  endfacet
  facet normal 0 0 -1
    outer loop
      vertex 9.0107925429388 -7.015217310682609 -2.01
      vertex 8.95559085563742 -6.983452183709321 -2.01
      vertex 10.580752679245595 -4.29596659838338 -2.01
    endloop
  endfacet
  facet normal 0 0 -1
    outer loop
      vertex 9.084600315786718 -7.0538000735147435 -2.01
      vertex 10.736495980126906 -4.399877406485285 -2.01
      vertex 9.178653597379911 -7.098139562336474 -2.01
    endloop
  endfacet
  facet normal 0 0 -1
    outer loop
      vertex 9.178653597379911 -7.098139562336474 -2.01
      vertex 10.836978406058565 -4.476041089401646 -2.01
      vertex 9.294854495883719 -7.147078055995113 -2.01
    endloop
  endfacet
  facet normal 0 0 -1
    outer loop
      vertex 9.602889971776694 -7.2532988498685445 -2.01
      vertex 9.435411483650705 -7.1993067690150205 -2.01
      vertex 11.082986054924943 -4.689697242820243 -2.01
    endloop
  endfacet
  facet normal 0 0 -1
    outer loop
      vertex 9.294854495883719 -7.147078055995113 -2.01
      vertex 10.836978406058565 -4.476041089401646 -2.01
      vertex 9.435411483650705 -7.1993067690150205 -2.01
    endloop
  endfacet
  facet normal 0 0 -1
    outer loop
      vertex 9.800271109189435 -7.307225031974913 -2.01
      vertex 11.388457112356983 -5.0076950223782415 -2.01
      vertex 10.031019664247927 -7.358845655261466 -2.01
    endloop
  endfacet
  facet normal 0 0 -1
    outer loop
      vertex 9.602889971776694 -7.2532988498685445 -2.01
      vertex 11.082986054924943 -4.689697242820243 -2.01
      vertex 9.800271109189435 -7.307225031974913 -2.01
    endloop
  endfacet
  facet normal 0 0 -1
    outer loop
      vertex 9.084600315786718 -7.0538000735147435 -2.01
      vertex 10.651070218131146 -4.340594616522904 -2.01
      vertex 10.736495980126906 -4.399877406485285 -2.01
    endloop
  endfacet
  facet normal 0 0 -1
    outer loop
      vertex 9.178653597379911 -7.098139562336474 -2.01
      vertex 10.736495980126906 -4.399877406485285 -2.01
      vertex 10.836978406058565 -4.476041089401646 -2.01
    endloop
  endfacet
  facet normal 0 0 -1
    outer loop
      vertex 9.435411483650705 -7.1993067690150205 -2.01
      vertex 10.952488292962704 -4.571652646042648 -2.01
      vertex 11.082986054924943 -4.689697242820243 -2.01
    endloop
  endfacet
  facet normal 0 0 -1
    outer loop
      vertex 9.435411483650705 -7.1993067690150205 -2.01
      vertex 10.836978406058565 -4.476041089401646 -2.01
      vertex 10.952488292962704 -4.571652646042648 -2.01
    endloop
  endfacet
  facet normal 0 0 -1
    outer loop
      vertex 7.559881410067097 -4.449371644327583 -2.01
      vertex 8.950652904201275 -3.6201227167478773 -2.01
      vertex 10.453661910159065 -4.22801994553347 -2.01
    endloop
  endfacet
  facet normal 0 0 -1
    outer loop
      vertex 8.895538536642677 -6.944399354442256 -2.01
      vertex 10.453661910159065 -4.22801994553347 -2.01
      vertex 10.461795522128813 -4.231562674233388 -2.01
    endloop
  endfacet
  facet normal 0 0 -1
    outer loop
      vertex 8.917580558255546 -6.9595139980788465 -2.01
      vertex 10.461795522128813 -4.231562674233388 -2.01
      vertex 10.485906205298969 -4.243094296370471 -2.01
    endloop
  endfacet
  facet normal 0 0 -1
    outer loop
      vertex 8.95559085563742 -6.983452183709321 -2.01
      vertex 10.485906205298969 -4.243094296370471 -2.01
      vertex 10.52564242192924 -4.264043091534178 -2.01
    endloop
  endfacet
  facet normal 0 0 -1
    outer loop
      vertex 8.95559085563742 -6.983452183709321 -2.01
      vertex 10.52564242192924 -4.264043091534178 -2.01
      vertex 10.580752679245595 -4.29596659838338 -2.01
    endloop
  endfacet
  facet normal 0 0 -1
    outer loop
      vertex 9.084600315786718 -7.0538000735147435 -2.01
      vertex 10.580752679245595 -4.29596659838338 -2.01
      vertex 10.651070218131146 -4.340594616522904 -2.01
    endloop
  endfacet
  facet normal 0 0 -1
    outer loop
      vertex 7.959593199313643 -3.6869487459944263 -2.01
      vertex 8.282649757990722 -2.8890185203535528 -2.01
      vertex 8.950652904201275 -3.6201227167478773 -2.01
    endloop
  endfacet
  facet normal 0 0 -1
    outer loop
      vertex 8.282649757990722 -2.8890185203535528 -2.01
      vertex 8.525939865290216 -2.06326546382168 -2.01
      vertex 9.395465946071933 -2.2736895481999495 -2.01
    endloop
  endfacet
  facet normal 0 0 -1
    outer loop
      vertex 8.950652904201275 -3.6201227167478773 -2.01
      vertex 8.282649757990722 -2.8890185203535528 -2.01
      vertex 9.12736365713801 -3.183657812202251 -2.01
    endloop
  endfacet
  facet normal 0 0 -1
    outer loop
      vertex 8.282649757990722 -2.8890185203535528 -2.01
      vertex 9.395465946071933 -2.2736895481999495 -2.01
      vertex 9.12736365713801 -3.183657812202251 -2.01
    endloop
  endfacet
  facet normal 0 0 -1
    outer loop
      vertex 8.525939865290216 -2.06326546382168 -2.01
      vertex 9.573084751205782 -1.3418244082818425 -2.01
      vertex 9.395465946071933 -2.2736895481999495 -2.01
    endloop
  endfacet
  facet normal 0 0 -1
    outer loop
      vertex 8.525939865290216 -2.06326546382168 -2.01
      vertex 8.687120514582569 -1.2176420294079815 -2.01
      vertex 9.573084751205782 -1.3418244082818425 -2.01
    endloop
  endfacet
  facet normal 0 0 -1
    outer loop
      vertex 8.687120514582569 -1.2176420294079815 -2.01
      vertex 8.764639445464397 -0.36029203676153543 -2.01
      vertex 9.573084751205782 -1.3418244082818425 -2.01
    endloop
  endfacet
  facet normal 0 0 -1
    outer loop
      vertex 9.573084751205782 -1.3418244082818425 -2.01
      vertex 8.764639445464397 -0.36029203676153543 -2.01
      vertex 9.56678787626529 1.340941795260356 -2.01
    endloop
  endfacet
  facet normal 0 0 -1
    outer loop
      vertex 10.031019664247927 -7.358845655261466 -2.01
      vertex 11.562820071244577 -5.216651038324863 -2.01
      vertex 10.299162351619108 -7.405370409289919 -2.01
    endloop
  endfacet
  facet normal 0 0 -1
    outer loop
      vertex 10.299162351619108 -7.405370409289919 -2.01
      vertex 11.562820071244577 -5.216651038324863 -2.01
      vertex 10.609376810862738 -7.443274180637568 -2.01
    endloop
  endfacet
  facet normal 0 0 -1
    outer loop
      vertex 10.609376810862738 -7.443274180637568 -2.01
      vertex 11.750752928820258 -5.466352739396885 -2.01
      vertex 10.967090748526687 -7.46805289618605 -2.01
    endloop
  endfacet
  facet normal 0 0 -1
    outer loop
      vertex 9.800271109189435 -7.307225031974913 -2.01
      vertex 11.228378068085975 -4.833671226281223 -2.01
      vertex 11.388457112356983 -5.0076950223782415 -2.01
    endloop
  endfacet
  facet normal 0 0 -1
    outer loop
      vertex 9.800271109189435 -7.307225031974913 -2.01
      vertex 11.082986054924943 -4.689697242820243 -2.01
      vertex 11.228378068085975 -4.833671226281223 -2.01
    endloop
  endfacet
  facet normal 0 0 -1
    outer loop
      vertex 10.031019664247927 -7.358845655261466 -2.01
      vertex 11.388457112356983 -5.0076950223782415 -2.01
      vertex 11.562820071244577 -5.216651038324863 -2.01
    endloop
  endfacet
  facet normal 0 0 -1
    outer loop
      vertex 10.609376810862738 -7.443274180637568 -2.01
      vertex 11.562820071244577 -5.216651038324863 -2.01
      vertex 11.750752928820258 -5.466352739396885 -2.01
    endloop
  endfacet
  facet normal 0 0 -1
    outer loop
      vertex 10.967090748526687 -7.46805289618605 -2.01
      vertex 11.750752928820258 -5.466352739396885 -2.01
      vertex 11.951068904161865 -5.763752741548819 -2.01
    endloop
  endfacet
  facet normal 0 0 -1
    outer loop
      vertex 10.967090748526687 -7.46805289618605 -2.01
      vertex 11.951068904161865 -5.763752741548819 -2.01
      vertex 12.161878858342725 -6.117198686670332 -2.01
    endloop
  endfacet
  facet normal 0 0 -1
    outer loop
      vertex 11.851121338356107 -7.453249146967757 -2.01
      vertex 12.161878858342725 -6.117198686670332 -2.01
      vertex 12.380263776401227 -6.536747571682665 -2.01
    endloop
  endfacet
  facet normal 0 0 -1
    outer loop
      vertex 9.573084751205782 -1.3418244082818425 -2.01
      vertex 11.167146747550635 1.5652582697321133 -2.01
      vertex 11.167146746562093 -1.5652582699129267 -2.01
    endloop
  endfacet
  facet normal 0 0 -1
    outer loop
      vertex 11.167146746562093 -1.5652582699129267 -2.01
      vertex 11.167146747550635 1.5652582697321133 -2.01
      vertex 11.1759620301749 -1.5662569863626932 -2.01
    endloop
  endfacet
  facet normal 0 0 -1
    outer loop
      vertex 11.1759620301749 -1.5662569863626932 -2.01
      vertex 11.175962028263243 1.5662569899912537 -2.01
      vertex 11.202608303610065 -1.5683256417979137 -2.01
    endloop
  endfacet
  facet normal 0 0 -1
    outer loop
      vertex 11.202608303610065 -1.5683256417979137 -2.01
      vertex 11.20260830157664 1.568325647973662 -2.01
      vertex 11.247495277028309 -1.5700515661485368 -2.01
    endloop
  endfacet
  facet normal 0 0 -1
    outer loop
      vertex 11.247495277028309 -1.5700515661485368 -2.01
      vertex 11.311183913301427 1.569960131907337 -2.01
      vertex 11.311183906015986 -1.5699601325706627 -2.01
    endloop
  endfacet
  facet normal 0 0 -1
    outer loop
      vertex 11.311183906015986 -1.5699601325706627 -2.01
      vertex 11.311183913301427 1.569960131907337 -2.01
      vertex 11.394394695277668 -1.56646990062192 -2.01
    endloop
  endfacet
  facet normal 0 0 -1
    outer loop
      vertex 11.394394695277668 -1.56646990062192 -2.01
      vertex 11.394394696433732 1.5664699005299703 -2.01
      vertex 11.498016967001927 -1.5578423799891665 -2.01
    endloop
  endfacet
  facet normal 0 0 -1
    outer loop
      vertex 11.498016967001927 -1.5578423799891665 -2.01
      vertex 11.498016966533202 1.5578423812814544 -2.01
      vertex 11.623119144188552 -1.5421239089969847 -2.01
    endloop
  endfacet
  facet normal 0 0 -1
    outer loop
      vertex 11.623119144188552 -1.5421239089969847 -2.01
      vertex 11.770959423658644 1.5170768156618863 -2.01
      vertex 11.770959422954704 -1.517076814109198 -2.01
    endloop
  endfacet
  facet normal 0 0 -1
    outer loop
      vertex 11.770959422954704 -1.517076814109198 -2.01
      vertex 11.942996092095543 1.4800960763250368 -2.01
      vertex 11.942996091556337 -1.4800960749570298 -2.01
    endloop
  endfacet
  facet normal 0 0 -1
    outer loop
      vertex 11.942996091556337 -1.4800960749570298 -2.01
      vertex 12.140896260693866 1.4281069558268669 -2.01
      vertex 12.140896258732564 -1.4281069578730479 -2.01
    endloop
  endfacet
  facet normal 0 0 -1
    outer loop
      vertex 12.140896258732564 -1.4281069578730479 -2.01
      vertex 12.140896260693866 1.4281069558268669 -2.01
      vertex 12.36654068124781 -1.3574374484364613 -2.01
    endloop
  endfacet
  facet normal 0 0 -1
    outer loop
      vertex 12.36654068124781 -1.3574374484364613 -2.01
      vertex 12.622021439729945 1.2636577160829374 -2.01
      vertex 12.622021437483435 -1.2636577218128955 -2.01
    endloop
  endfacet
  facet normal 0 0 -1
    outer loop
      vertex 12.622021437483435 -1.2636577218128955 -2.01
      vertex 12.622021439729945 1.2636577160829374 -2.01
      vertex 12.909626925455262 -1.1413761265983622 -2.01
    endloop
  endfacet
  facet normal 0 0 -1
    outer loop
      vertex 12.909626925455262 -1.1413761265983622 -2.01
      vertex 12.909626922128934 1.1413761245799858 -2.01
      vertex 13.231805639036676 -0.9839781533994242 -2.01
    endloop
  endfacet
  facet normal 0 0 -1
    outer loop
      vertex 13.231805639036676 -0.9839781533994242 -2.01
      vertex 13.231805642433887 0.983978155139712 -2.01
      vertex 13.591095393258387 -0.7832899608201025 -2.01
    endloop
  endfacet
  facet normal 0 0 -1
    outer loop
      vertex 13.591095393258387 -0.7832899608201025 -2.01
      vertex 13.9899967205676 0.529142430285461 -2.01
      vertex 13.989996719562551 -0.5291424332497332 -2.01
    endloop
  endfacet
  facet normal 0.7780627385881476 -0.628186576441038 0
    outer loop
      vertex 7.214251369843425 -6.434207150238592 -2.01
      vertex 7.611463096407785 -5.942226494553568 -2.01
      vertex 7.214251369843425 -6.434207150238592 2.01
    endloop
  endfacet
  facet normal -0.6153720422089429 -0.788236797965938 0
    outer loop
      vertex 7.611463096407785 -5.942226494553568 -2.01
      vertex 8.88840363380045 -6.939126802053124 -2.01
      vertex 7.611463096407785 -5.942226494553568 2.01
    endloop
  endfacet
  facet normal -0.5943129550701293 -0.8042338661333596 0
    outer loop
      vertex 8.895538536642677 -6.944399354442256 -2.01
      vertex 8.88840363380045 -6.939126802053124 2.01
      vertex 8.88840363380045 -6.939126802053124 -2.01
    endloop
  endfacet
  facet normal -0.5655312703074052 -0.8247268531486608 0
    outer loop
      vertex 8.895538536642677 -6.944399354442256 -2.01
      vertex 8.917580558255546 -6.9595139980788465 -2.01
      vertex 8.895538536642677 -6.944399354442256 2.01
    endloop
  endfacet
  facet normal -0.5329053493073609 -0.8461748570358255 0
    outer loop
      vertex 8.917580558255546 -6.9595139980788465 -2.01
      vertex 8.95559085563742 -6.983452183709321 -2.01
      vertex 8.917580558255546 -6.9595139980788465 2.01
    endloop
  endfacet
  facet normal -0.4987561472428805 -0.8667423524828116 0
    outer loop
      vertex 9.0107925429388 -7.015217310682609 -2.01
      vertex 8.95559085563742 -6.983452183709321 2.01
      vertex 8.95559085563742 -6.983452183709321 -2.01
    endloop
  endfacet
  facet normal 0.3749470730592925 0.9270462191305618 0
    outer loop
      vertex 8.950652904201275 -3.6201227167478773 -2.01
      vertex 10.453661910159065 -4.22801994553347 2.01
      vertex 10.453661910159065 -4.22801994553347 -2.01
    endloop
  endfacet
  facet normal 0.3993304260435933 0.916807073945136 0
    outer loop
      vertex 10.461795522128813 -4.231562674233388 -2.01
      vertex 10.453661910159065 -4.22801994553347 -2.01
      vertex 10.461795522128813 -4.231562674233388 2.01
    endloop
  endfacet
  facet normal 0.4314684644443724 0.9021280198453074 0
    outer loop
      vertex 10.461795522128813 -4.231562674233388 -2.01
      vertex 10.485906205298969 -4.243094296370471 2.01
      vertex 10.485906205298969 -4.243094296370471 -2.01
    endloop
  endfacet
  facet normal 0.9269125488966983 -0.37527739966300383 0
    outer loop
      vertex 8.950652904201275 -3.6201227167478773 -2.01
      vertex 9.12736365713801 -3.183657812202251 -2.01
      vertex 8.950652904201275 -3.6201227167478773 2.01
    endloop
  endfacet
  facet normal 0.9592328294853604 -0.2826170179545272 0
    outer loop
      vertex 9.12736365713801 -3.183657812202251 -2.01
      vertex 9.395465946071933 -2.2736895481999495 -2.01
      vertex 9.12736365713801 -3.183657812202251 2.01
    endloop
  endfacet
  facet normal 0.9823151753412387 -0.18723486933344316 0
    outer loop
      vertex 9.395465946071933 -2.2736895481999495 -2.01
      vertex 9.573084751205782 -1.3418244082818425 -2.01
      vertex 9.395465946071933 -2.2736895481999495 2.01
    endloop
  endfacet
  facet normal -0.13880942158205994 -0.990319112448131 0
    outer loop
      vertex 9.573084751205782 -1.3418244082818425 -2.01
      vertex 11.167146746562093 -1.5652582699129267 -2.01
      vertex 9.573084751205782 -1.3418244082818425 2.01
    endloop
  endfacet
  facet normal 0.7989904298866947 0.6013437394281866 0
    outer loop
      vertex 11.750752928820258 -5.466352739396885 -2.01
      vertex 11.562820071244577 -5.216651038324863 -2.01
      vertex 11.750752928820258 -5.466352739396885 2.01
    endloop
  endfacet
  facet normal 0.8588381610382901 0.5122470235583297 0
    outer loop
      vertex 11.951068904161865 -5.763752741548819 -2.01
      vertex 12.161878858342725 -6.117198686670332 2.01
      vertex 12.161878858342725 -6.117198686670332 -2.01
    endloop
  endfacet
  facet normal 0.8294030999999547 0.5586506043230108 0
    outer loop
      vertex 11.750752928820258 -5.466352739396885 -2.01
      vertex 11.951068904161865 -5.763752741548819 2.01
      vertex 11.951068904161865 -5.763752741548819 -2.01
    endloop
  endfacet
  facet normal 0.5701319965632261 0.8215531063143938 0
    outer loop
      vertex 10.736495980126906 -4.399877406485285 -2.01
      vertex 10.651070218131146 -4.340594616522904 -2.01
      vertex 10.736495980126906 -4.399877406485285 2.01
    endloop
  endfacet
  facet normal 0.6040624207043738 0.7969370062261963 0
    outer loop
      vertex 10.736495980126906 -4.399877406485285 -2.01
      vertex 10.836978406058565 -4.476041089401646 2.01
      vertex 10.836978406058565 -4.476041089401646 -2.01
    endloop
  endfacet
  facet normal 0.6376356624018922 0.7703380829436516 0
    outer loop
      vertex 10.836978406058565 -4.476041089401646 -2.01
      vertex 10.952488292962704 -4.571652646042648 2.01
      vertex 10.952488292962704 -4.571652646042648 -2.01
    endloop
  endfacet
  facet normal 0.7359791569563933 0.677004195353143 0
    outer loop
      vertex 11.228378068085975 -4.833671226281223 -2.01
      vertex 11.388457112356983 -5.0076950223782415 2.01
      vertex 11.388457112356983 -5.0076950223782415 -2.01
    endloop
  endfacet
  facet normal 0.6708358015318491 0.7416059111031421 0
    outer loop
      vertex 11.082986054924943 -4.689697242820243 -2.01
      vertex 10.952488292962704 -4.571652646042648 -2.01
      vertex 11.082986054924943 -4.689697242820243 2.01
    endloop
  endfacet
  facet normal 0.70363317615996 0.7105634056205306 0
    outer loop
      vertex 11.228378068085975 -4.833671226281223 -2.01
      vertex 11.082986054924943 -4.689697242820243 -2.01
      vertex 11.228378068085975 -4.833671226281223 2.01
    endloop
  endfacet
  facet normal 0.5012428561369734 0.8653066503683242 0
    outer loop
      vertex 10.52564242192924 -4.264043091534178 -2.01
      vertex 10.580752679245595 -4.29596659838338 2.01
      vertex 10.580752679245595 -4.29596659838338 -2.01
    endloop
  endfacet
  facet normal 0.4663564139878454 0.884596911102677 0
    outer loop
      vertex 10.485906205298969 -4.243094296370471 -2.01
      vertex 10.52564242192924 -4.264043091534178 2.01
      vertex 10.52564242192924 -4.264043091534178 -2.01
    endloop
  endfacet
  facet normal 0.5358537665318784 0.844310808229765 0
    outer loop
      vertex 10.580752679245595 -4.29596659838338 -2.01
      vertex 10.651070218131146 -4.340594616522904 2.01
      vertex 10.651070218131146 -4.340594616522904 -2.01
    endloop
  endfacet
  facet normal 0.7678001550513058 0.640689411418037 0
    outer loop
      vertex 11.562820071244577 -5.216651038324863 -2.01
      vertex 11.388457112356983 -5.0076950223782415 -2.01
      vertex 11.562820071244577 -5.216651038324863 2.01
    endloop
  endfacet
  facet normal 0.8870267725371622 0.4617179927209958 0
    outer loop
      vertex 12.161878858342725 -6.117198686670332 -2.01
      vertex 12.380263776401227 -6.536747571682665 2.01
      vertex 12.380263776401227 -6.536747571682665 -2.01
    endloop
  endfacet
  facet normal -0.1125735760900224 -0.993643391748923 0
    outer loop
      vertex 11.167146746562093 -1.5652582699129267 -2.01
      vertex 11.1759620301749 -1.5662569863626932 -2.01
      vertex 11.167146746562093 -1.5652582699129267 2.01
    endloop
  endfacet
  facet normal -0.07740105025384826 -0.9970000388262786 0
    outer loop
      vertex 11.1759620301749 -1.5662569863626932 -2.01
      vertex 11.202608303610065 -1.5683256417979137 -2.01
      vertex 11.1759620301749 -1.5662569863626932 2.01
    endloop
  endfacet
  facet normal -0.03842205871532568 -0.9992616000848207 0
    outer loop
      vertex 11.202608303610065 -1.5683256417979137 -2.01
      vertex 11.247495277028309 -1.5700515661485368 -2.01
      vertex 11.202608303610065 -1.5683256417979137 2.01
    endloop
  endfacet
  facet normal 0.0014356327825420085 -0.9999989694787259 0
    outer loop
      vertex 11.247495277028309 -1.5700515661485368 -2.01
      vertex 11.311183906015986 -1.5699601325706627 -2.01
      vertex 11.247495277028309 -1.5700515661485368 2.01
    endloop
  endfacet
  facet normal 0.041907615298625966 -0.9991214900000812 0
    outer loop
      vertex 11.311183906015986 -1.5699601325706627 -2.01
      vertex 11.394394695277668 -1.56646990062192 -2.01
      vertex 11.311183906015986 -1.5699601325706627 2.01
    endloop
  endfacet
  facet normal 0.08297223736477195 -0.9965518590754241 0
    outer loop
      vertex 11.394394695277668 -1.56646990062192 -2.01
      vertex 11.498016967001927 -1.5578423799891665 -2.01
      vertex 11.394394695277668 -1.56646990062192 2.01
    endloop
  endfacet
  facet normal 0.12466489420279682 -0.9921989035235855 0
    outer loop
      vertex 11.498016967001927 -1.5578423799891665 -2.01
      vertex 11.623119144188552 -1.5421239089969847 -2.01
      vertex 11.498016967001927 -1.5578423799891665 2.01
    endloop
  endfacet
  facet normal 0.1670396451686885 -0.9859501797463798 0
    outer loop
      vertex 11.623119144188552 -1.5421239089969847 -2.01
      vertex 11.770959422954704 -1.517076814109198 -2.01
      vertex 11.623119144188552 -1.5421239089969847 2.01
    endloop
  endfacet
  facet normal 0.21015790122086175 -0.977667457039684 0
    outer loop
      vertex 11.770959422954704 -1.517076814109198 -2.01
      vertex 11.942996091556337 -1.4800960749570298 -2.01
      vertex 11.770959422954704 -1.517076814109198 2.01
    endloop
  endfacet
  facet normal 0.25408248845600234 -0.9671825520862157 0
    outer loop
      vertex 11.942996091556337 -1.4800960749570298 -2.01
      vertex 12.140896258732564 -1.4281069578730479 -2.01
      vertex 11.942996091556337 -1.4800960749570298 2.01
    endloop
  endfacet
  facet normal 0.29887455491935033 -0.9542924082385651 0
    outer loop
      vertex 12.140896258732564 -1.4281069578730479 -2.01
      vertex 12.36654068124781 -1.3574374484364613 -2.01
      vertex 12.140896258732564 -1.4281069578730479 2.01
    endloop
  endfacet
  facet normal 0.3445896989804522 -0.9387533964554062 0
    outer loop
      vertex 12.36654068124781 -1.3574374484364613 -2.01
      vertex 12.622021437483435 -1.2636577218128955 -2.01
      vertex 12.36654068124781 -1.3574374484364613 2.01
    endloop
  endfacet
  facet normal 0.39127415041496844 -0.9202741652448169 0
    outer loop
      vertex 12.622021437483435 -1.2636577218128955 -2.01
      vertex 12.909626925455262 -1.1413761265983622 -2.01
      vertex 12.622021437483435 -1.2636577218128955 2.01
    endloop
  endfacet
  facet normal 0.4389588732592501 -0.8985071550004317 0
    outer loop
      vertex 12.909626925455262 -1.1413761265983622 -2.01
      vertex 13.231805639036676 -0.9839781533994242 -2.01
      vertex 12.909626925455262 -1.1413761265983622 2.01
    endloop
  endfacet
  facet normal 0.4876521515589866 -0.8730380169728528 0
    outer loop
      vertex 13.231805639036676 -0.9839781533994242 -2.01
      vertex 13.591095393258387 -0.7832899608201025 -2.01
      vertex 13.231805639036676 -0.9839781533994242 2.01
    endloop
  endfacet
  facet normal 0.537328716461703 -0.8433729011923603 0
    outer loop
      vertex 13.591095393258387 -0.7832899608201025 -2.01
      vertex 13.989996719562551 -0.5291424332497332 -2.01
      vertex 13.591095393258387 -0.7832899608201025 2.01
    endloop
  endfacet
  facet normal 1 -9.49695609857433e-10 0
    outer loop
      vertex 13.989996719562551 -0.5291424332497332 -2.01
      vertex 13.9899967205676 0.529142430285461 -2.01
      vertex 13.989996719562551 -0.5291424332497332 2.01
    endloop
  endfacet
  facet normal -9.49695609857433e-10 -1 0
    outer loop
      vertex -0.5291424332497332 -13.989996719562551 2.01
      vertex 0.529142430285461 -13.9899967205676 -2.01
      vertex 0.529142430285461 -13.9899967205676 2.01
    endloop
  endfacet
  facet normal 0.8433728924492346 -0.5373287301846159 0
    outer loop
      vertex 0.7832899655474392 -13.591095396513897 -2.01
      vertex 0.7832899655474392 -13.591095396513897 2.01
      vertex 0.529142430285461 -13.9899967205676 2.01
    endloop
  endfacet
  facet normal 0.8730380199810819 -0.4876521461733889 0
    outer loop
      vertex 0.983978155139712 -13.231805642433887 -2.01
      vertex 0.983978155139712 -13.231805642433887 2.01
      vertex 0.7832899655474392 -13.591095396513897 2.01
    endloop
  endfacet
  facet normal 0.898507162747766 -0.4389588574011914 0
    outer loop
      vertex 1.1413761245799858 -12.909626922128934 -2.01
      vertex 1.1413761245799858 -12.909626922128934 2.01
      vertex 0.983978155139712 -13.231805642433887 2.01
    endloop
  endfacet
  facet normal 0.9202741667912328 -0.39127414677780886 0
    outer loop
      vertex 1.2636577160829374 -12.622021439729945 -2.01
      vertex 1.2636577160829374 -12.622021439729945 2.01
      vertex 1.1413761245799858 -12.909626922128934 2.01
    endloop
  endfacet
  facet normal 0.9387533882049004 -0.3445897214570095 0
    outer loop
      vertex 1.3574374515988403 -12.36654067817886 -2.01
      vertex 1.3574374515988403 -12.36654067817886 2.01
      vertex 1.2636577160829374 -12.622021439729945 2.01
    endloop
  endfacet
  facet normal 0.9542924126209346 -0.29887454092665033 0
    outer loop
      vertex 1.4281069558268669 -12.140896260693866 -2.01
      vertex 1.4281069558268669 -12.140896260693866 2.01
      vertex 1.3574374515988403 -12.36654067817886 2.01
    endloop
  endfacet
  facet normal 0.9671825484344366 -0.2540825023567514 0
    outer loop
      vertex 1.4800960763250368 -11.942996092095543 -2.01
      vertex 1.4800960763250368 -11.942996092095543 2.01
      vertex 1.4281069558268669 -12.140896260693866 2.01
    endloop
  endfacet
  facet normal 0.9776674567826966 -0.21015790241638327 0
    outer loop
      vertex 1.5170768156618863 -11.770959423658644 -2.01
      vertex 1.5170768156618863 -11.770959423658644 2.01
      vertex 1.4800960763250368 -11.942996092095543 2.01
    endloop
  endfacet
  facet normal 0.98595017654075 -0.16703966408989168 0
    outer loop
      vertex 1.54212391330155 -11.623119145876654 -2.01
      vertex 1.54212391330155 -11.623119145876654 2.01
      vertex 1.5170768156618863 -11.770959423658644 2.01
    endloop
  endfacet
  facet normal 0.9921989067445331 -0.12466486856750564 0
    outer loop
      vertex 1.5578423812814544 -11.498016966533202 -2.01
      vertex 1.5578423812814544 -11.498016966533202 2.01
      vertex 1.54212391330155 -11.623119145876654 2.01
    endloop
  endfacet
  facet normal 0.9965518600686032 -0.08297222543602827 0
    outer loop
      vertex 1.5664699005299703 -11.394394696433732 -2.01
      vertex 1.5664699005299703 -11.394394696433732 2.01
      vertex 1.5578423812814544 -11.498016966533202 2.01
    endloop
  endfacet
  facet normal 0.9991214901580859 -0.041907611531628704 0
    outer loop
      vertex 1.569960131907337 -11.311183913301427 -2.01
      vertex 1.569960131907337 -11.311183913301427 2.01
      vertex 1.5664699005299703 -11.394394696433732 2.01
    endloop
  endfacet
  facet normal 0.999998969355514 -0.0014357186040034999 0
    outer loop
      vertex 1.5700515709614224 -11.2474952771096 -2.01
      vertex 1.5700515709614224 -11.2474952771096 2.01
      vertex 1.569960131907337 -11.311183913301427 2.01
    endloop
  endfacet
  facet normal 0.9992616013191702 0.03842202661296886 0
    outer loop
      vertex 1.568325647973662 -11.20260830157664 -2.01
      vertex 1.568325647973662 -11.20260830157664 2.01
      vertex 1.5700515709614224 -11.2474952771096 2.01
    endloop
  endfacet
  facet normal 0.9970000314443346 0.0774011453403361 0
    outer loop
      vertex 1.5662569899912537 -11.175962028263243 -2.01
      vertex 1.5662569899912537 -11.175962028263243 2.01
      vertex 1.568325647973662 -11.20260830157664 2.01
    endloop
  endfacet
  facet normal 0.9936433395757389 0.11257403660157506 0
    outer loop
      vertex 1.5652582697321133 -11.167146747550635 -2.01
      vertex 1.5652582697321133 -11.167146747550635 2.01
      vertex 1.5662569899912537 -11.175962028263243 2.01
    endloop
  endfacet
  facet normal 0.9903191122196862 0.13880942321187156 0
    outer loop
      vertex 1.340941795260356 -9.56678787626529 -2.01
      vertex 1.340941795260356 -9.56678787626529 2.01
      vertex 1.5652582697321133 -11.167146747550635 2.01
    endloop
  endfacet
  facet normal 0.10597841275633414 -0.9943684307285947 0
    outer loop
      vertex 1.4948739185549327 -9.550382003356575 -2.01
      vertex 1.4948739185549327 -9.550382003356575 2.01
      vertex 1.340941795260356 -9.56678787626529 2.01
    endloop
  endfacet
  facet normal 0.20293327735345285 -0.9791925678550603 0
    outer loop
      vertex 2.4237768218992017 -9.357871033903738 -2.01
      vertex 2.4237768218992017 -9.357871033903738 2.01
      vertex 1.4948739185549327 -9.550382003356575 2.01
    endloop
  endfacet
  facet normal 0.29793374790667154 -0.9545865502186189 0
    outer loop
      vertex 3.3293374353135006 -9.075238655048832 -2.01
      vertex 3.3293374353135006 -9.075238655048832 2.01
      vertex 2.4237768218992017 -9.357871033903738 2.01
    endloop
  endfacet
  facet normal -0.8845970035450337 -0.46635623864074977 0
    outer loop
      vertex 4.264043093318987 -10.525642421785957 -2.01
      vertex 4.264043093318987 -10.525642421785957 2.01
      vertex 4.243094305531217 -10.48590620005346 2.01
    endloop
  endfacet
  facet normal -0.8443107701378884 -0.535853826550829 0
    outer loop
      vertex 4.340594621762927 -10.65107021640864 -2.01
      vertex 4.340594621762927 -10.65107021640864 2.01
      vertex 4.295966595333375 -10.580752675509462 2.01
    endloop
  endfacet
  facet normal -0.8653066691207023 -0.5012428237643265 0
    outer loop
      vertex 4.295966595333375 -10.580752675509462 -2.01
      vertex 4.295966595333375 -10.580752675509462 2.01
      vertex 4.264043093318987 -10.525642421785957 2.01
    endloop
  endfacet
  facet normal -0.6406894402818126 -0.767800130965981 0
    outer loop
      vertex 5.216651028193515 -11.562820073432004 -2.01
      vertex 5.216651028193515 -11.562820073432004 2.01
      vertex 5.0076950259863455 -11.388457112684387 2.01
    endloop
  endfacet
  facet normal -0.710563419032724 -0.7036331626156669 0
    outer loop
      vertex 4.83367122675765 -11.228378067062483 -2.01
      vertex 4.83367122675765 -11.228378067062483 2.01
      vertex 4.689697241687792 -11.082986046733726 2.01
    endloop
  endfacet
  facet normal -0.7416059034146052 -0.6708358100314914 0
    outer loop
      vertex 4.689697241687792 -11.082986046733726 -2.01
      vertex 4.689697241687792 -11.082986046733726 2.01
      vertex 4.571652653939683 -10.952488297759903 2.01
    endloop
  endfacet
  facet normal -0.7969370084634054 -0.6040624177528329 0
    outer loop
      vertex 4.476041088193439 -10.836978404880703 -2.01
      vertex 4.476041088193439 -10.836978404880703 2.01
      vertex 4.399877404665453 -10.736495977369078 2.01
    endloop
  endfacet
  facet normal -0.7703380693180778 -0.6376356788631705 0
    outer loop
      vertex 4.571652653939683 -10.952488297759903 -2.01
      vertex 4.571652653939683 -10.952488297759903 2.01
      vertex 4.476041088193439 -10.836978404880703 2.01
    endloop
  endfacet
  facet normal -0.8215531348798517 -0.5701319554007546 0
    outer loop
      vertex 4.399877404665453 -10.736495977369078 -2.01
      vertex 4.399877404665453 -10.736495977369078 2.01
      vertex 4.340594621762927 -10.65107021640864 2.01
    endloop
  endfacet
  facet normal -0.67700419184859 -0.7359791601801219 0
    outer loop
      vertex 5.0076950259863455 -11.388457112684387 -2.01
      vertex 5.0076950259863455 -11.388457112684387 2.01
      vertex 4.83367122675765 -11.228378067062483 2.01
    endloop
  endfacet
  facet normal -0.46171798625650723 -0.8870267759020782 0
    outer loop
      vertex 6.536747572594793 -12.38026377160584 -2.01
      vertex 6.536747572594793 -12.38026377160584 2.01
      vertex 6.117198689298046 -12.161878858326373 2.01
    endloop
  endfacet
  facet normal -0.5586505887791271 -0.8294031104696526 0
    outer loop
      vertex 5.763752742850626 -11.95106890192611 -2.01
      vertex 5.763752742850626 -11.95106890192611 2.01
      vertex 5.466352744817694 -11.7507529374611 2.01
    endloop
  endfacet
  facet normal -0.6013437287007807 -0.7989904379604564 0
    outer loop
      vertex 5.466352744817694 -11.7507529374611 -2.01
      vertex 5.466352744817694 -11.7507529374611 2.01
      vertex 5.216651028193515 -11.562820073432004 2.01
    endloop
  endfacet
  facet normal -0.5122470261187693 -0.8588381595111367 0
    outer loop
      vertex 6.117198689298046 -12.161878858326373 -2.01
      vertex 6.117198689298046 -12.161878858326373 2.01
      vertex 5.763752742850626 -11.95106890192611 2.01
    endloop
  endfacet
  facet normal -0.9168073873092327 -0.39932970660247447 0
    outer loop
      vertex 4.231562675732643 -10.461795523005371 -2.01
      vertex 4.231562675732643 -10.461795523005371 2.01
      vertex 4.22801995188742 -10.453661904747587 2.01
    endloop
  endfacet
  facet normal -0.9021278656208307 -0.43146878690167656 0
    outer loop
      vertex 4.243094305531217 -10.48590620005346 -2.01
      vertex 4.243094305531217 -10.48590620005346 2.01
      vertex 4.231562675732643 -10.461795523005371 2.01
    endloop
  endfacet
  facet normal -0.9270462197341155 -0.3749470715670227 0
    outer loop
      vertex 4.22801995188742 -10.453661904747587 -2.01
      vertex 4.22801995188742 -10.453661904747587 2.01
      vertex 3.620607158807834 -8.951850645656542 2.01
    endloop
  endfacet
  facet normal 0.3900649716757528 -0.9207873358553506 0
    outer loop
      vertex 3.620607158807834 -8.951850645656542 -2.01
      vertex 3.620607158807834 -8.951850645656542 2.01
      vertex 3.3293374353135006 -9.075238655048832 2.01
    endloop
  endfacet
  facet normal 0.8667423718229927 0.49875611363335987 0
    outer loop
      vertex 6.983452185575423 -8.955590850967816 -2.01
      vertex 6.983452185575423 -8.955590850967816 2.01
      vertex 7.015217314918048 -9.010792547338259 2.01
    endloop
  endfacet
  facet normal 0.8461748862101216 0.5329053029828921 0
    outer loop
      vertex 6.95951400520617 -8.917580557325307 -2.01
      vertex 6.95951400520617 -8.917580557325307 2.01
      vertex 6.983452185575423 -8.955590850967816 2.01
    endloop
  endfacet
  facet normal 0.8247267643506263 0.5655313998035357 0
    outer loop
      vertex 6.944399354029855 -8.89553853213756 -2.01
      vertex 6.944399354029855 -8.89553853213756 2.01
      vertex 6.95951400520617 -8.917580557325307 2.01
    endloop
  endfacet
  facet normal 0.8042334432308199 0.5943135273482336 0
    outer loop
      vertex 6.939126802017164 -8.88840364042695 -2.01
      vertex 6.939126802017164 -8.88840364042695 2.01
      vertex 6.944399354029855 -8.89553853213756 2.01
    endloop
  endfacet
  facet normal 0.7882367991013726 0.6153720407545523 0
    outer loop
      vertex 5.944544904446308 -7.614432774893081 -2.01
      vertex 5.944544904446308 -7.614432774893081 2.01
      vertex 6.939126802017164 -8.88840364042695 2.01
    endloop
  endfacet
  facet normal 0.6405593409698362 -0.7679086734086868 0
    outer loop
      vertex 6.548850188323191 -7.110344974104885 -2.01
      vertex 6.548850188323191 -7.110344974104885 2.01
      vertex 5.944544904446308 -7.614432774893081 2.01
    endloop
  endfacet
  facet normal 0 0 1
    outer loop
      vertex -0.7832899608201025 -13.591095393258387 2.01
      vertex 0.529142430285461 -13.9899967205676 2.01
      vertex 0.7832899655474392 -13.591095396513897 2.01
    endloop
  endfacet
  facet normal 0 0 1
    outer loop
      vertex -0.7832899608201025 -13.591095393258387 2.01
      vertex 0.7832899655474392 -13.591095396513897 2.01
      vertex 0.983978155139712 -13.231805642433887 2.01
    endloop
  endfacet
  facet normal 0 0 1
    outer loop
      vertex -0.9839781533994242 -13.231805639036676 2.01
      vertex 0.983978155139712 -13.231805642433887 2.01
      vertex 1.1413761245799858 -12.909626922128934 2.01
    endloop
  endfacet
  facet normal 0 0 1
    outer loop
      vertex -1.1413761265983622 -12.909626925455262 2.01
      vertex 1.1413761245799858 -12.909626922128934 2.01
      vertex 1.2636577160829374 -12.622021439729945 2.01
    endloop
  endfacet
  facet normal 0 0 1
    outer loop
      vertex -1.3574374484364613 -12.36654068124781 2.01
      vertex 1.2636577160829374 -12.622021439729945 2.01
      vertex 1.3574374515988403 -12.36654067817886 2.01
    endloop
  endfacet
  facet normal 0 0 1
    outer loop
      vertex -1.3574374484364613 -12.36654068124781 2.01
      vertex 1.3574374515988403 -12.36654067817886 2.01
      vertex 1.4281069558268669 -12.140896260693866 2.01
    endloop
  endfacet
  facet normal 0 0 1
    outer loop
      vertex -1.4800960749570298 -11.942996091556337 2.01
      vertex 1.4281069558268669 -12.140896260693866 2.01
      vertex 1.4800960763250368 -11.942996092095543 2.01
    endloop
  endfacet
  facet normal 0 0 1
    outer loop
      vertex -1.517076814109198 -11.770959422954704 2.01
      vertex 1.4800960763250368 -11.942996092095543 2.01
      vertex 1.5170768156618863 -11.770959423658644 2.01
    endloop
  endfacet
  facet normal 0 0 1
    outer loop
      vertex -1.5421239089969847 -11.623119144188552 2.01
      vertex 1.5170768156618863 -11.770959423658644 2.01
      vertex 1.54212391330155 -11.623119145876654 2.01
    endloop
  endfacet
  facet normal 0 0 1
    outer loop
      vertex -1.5421239089969847 -11.623119144188552 2.01
      vertex 1.54212391330155 -11.623119145876654 2.01
      vertex 1.5578423812814544 -11.498016966533202 2.01
    endloop
  endfacet
  facet normal 0 0 1
    outer loop
      vertex -1.5578423799891665 -11.498016967001927 2.01
      vertex 1.5578423812814544 -11.498016966533202 2.01
      vertex 1.5664699005299703 -11.394394696433732 2.01
    endloop
  endfacet
  facet normal 0 0 1
    outer loop
      vertex -1.56646990062192 -11.394394695277668 2.01
      vertex 1.5664699005299703 -11.394394696433732 2.01
      vertex 1.569960131907337 -11.311183913301427 2.01
    endloop
  endfacet
  facet normal 0 0 1
    outer loop
      vertex -1.5700515661485368 -11.247495277028309 2.01
      vertex 1.569960131907337 -11.311183913301427 2.01
      vertex 1.5700515709614224 -11.2474952771096 2.01
    endloop
  endfacet
  facet normal 0 0 1
    outer loop
      vertex -1.5700515661485368 -11.247495277028309 2.01
      vertex 1.5700515709614224 -11.2474952771096 2.01
      vertex 1.568325647973662 -11.20260830157664 2.01
    endloop
  endfacet
  facet normal 0 0 1
    outer loop
      vertex -1.5683256417979137 -11.202608303610065 2.01
      vertex 1.568325647973662 -11.20260830157664 2.01
      vertex 1.5662569899912537 -11.175962028263243 2.01
    endloop
  endfacet
  facet normal 0 0 1
    outer loop
      vertex -1.5662569863626932 -11.1759620301749 2.01
      vertex 1.5662569899912537 -11.175962028263243 2.01
      vertex 1.5652582697321133 -11.167146747550635 2.01
    endloop
  endfacet
  facet normal 0 0 1
    outer loop
      vertex -1.3418244082818425 -9.573084751205782 2.01
      vertex 1.5652582697321133 -11.167146747550635 2.01
      vertex 1.340941795260356 -9.56678787626529 2.01
    endloop
  endfacet
  facet normal 0 0 1
    outer loop
      vertex -0.36029203676153543 -8.764639445464397 2.01
      vertex 1.340941795260356 -9.56678787626529 2.01
      vertex 0.5005277607194869 -8.757750109773557 2.01
    endloop
  endfacet
  facet normal 0 0 1
    outer loop
      vertex 0.5005277607194869 -8.757750109773557 2.01
      vertex 1.340941795260356 -9.56678787626529 2.01
      vertex 1.3565272009052167 -8.666518845958516 2.01
    endloop
  endfacet
  facet normal 0 0 1
    outer loop
      vertex 1.340941795260356 -9.56678787626529 2.01
      vertex 1.4948739185549327 -9.550382003356575 2.01
      vertex 1.3565272009052167 -8.666518845958516 2.01
    endloop
  endfacet
  facet normal 0 0 1
    outer loop
      vertex 1.4948739185549327 -9.550382003356575 2.01
      vertex 2.4237768218992017 -9.357871033903738 2.01
      vertex 1.3565272009052167 -8.666518845958516 2.01
    endloop
  endfacet
  facet normal 0 0 1
    outer loop
      vertex 1.3565272009052167 -8.666518845958516 2.01
      vertex 2.4237768218992017 -9.357871033903738 2.01
      vertex 2.199462546171655 -8.491824272299358 2.01
    endloop
  endfacet
  facet normal 0 0 1
    outer loop
      vertex 2.4237768218992017 -9.357871033903738 2.01
      vertex 3.3293374353135006 -9.075238655048832 2.01
      vertex 2.199462546171655 -8.491824272299358 2.01
    endloop
  endfacet
  facet normal 0 0 1
    outer loop
      vertex 3.3293374353135006 -9.075238655048832 2.01
      vertex 3.620607158807834 -8.951850645656542 2.01
      vertex 3.0212158648778136 -8.235348792456673 2.01
    endloop
  endfacet
  facet normal 0 0 1
    outer loop
      vertex 3.3293374353135006 -9.075238655048832 2.01
      vertex 3.0212158648778136 -8.235348792456673 2.01
      vertex 2.199462546171655 -8.491824272299358 2.01
    endloop
  endfacet
  facet normal 0 0 1
    outer loop
      vertex 3.0212158648778136 -8.235348792456673 2.01
      vertex 3.620607158807834 -8.951850645656542 2.01
      vertex 3.8138732208294464 -7.8995623954795455 2.01
    endloop
  endfacet
  facet normal 0 0 1
    outer loop
      vertex 4.571652653939683 -10.952488297759903 2.01
      vertex 4.689697241687792 -11.082986046733726 2.01
      vertex 7.253298849275298 -9.602889978599906 2.01
    endloop
  endfacet
  facet normal 0 0 1
    outer loop
      vertex 4.689697241687792 -11.082986046733726 2.01
      vertex 4.83367122675765 -11.228378067062483 2.01
      vertex 7.307225034412644 -9.800271112259107 2.01
    endloop
  endfacet
  facet normal 0 0 1
    outer loop
      vertex 5.0076950259863455 -11.388457112684387 2.01
      vertex 5.216651028193515 -11.562820073432004 2.01
      vertex 7.405370401405083 -10.29916235516164 2.01
    endloop
  endfacet
  facet normal 0 0 1
    outer loop
      vertex 5.216651028193515 -11.562820073432004 2.01
      vertex 5.466352744817694 -11.7507529374611 2.01
      vertex 7.405370401405083 -10.29916235516164 2.01
    endloop
  endfacet
  facet normal 0 0 1
    outer loop
      vertex 5.0076950259863455 -11.388457112684387 2.01
      vertex 7.307225034412644 -9.800271112259107 2.01
      vertex 4.83367122675765 -11.228378067062483 2.01
    endloop
  endfacet
  facet normal 0 0 1
    outer loop
      vertex 5.466352744817694 -11.7507529374611 2.01
      vertex 5.763752742850626 -11.95106890192611 2.01
      vertex 7.443274182732051 -10.609376804240272 2.01
    endloop
  endfacet
  facet normal 0 0 1
    outer loop
      vertex 5.763752742850626 -11.95106890192611 2.01
      vertex 6.117198689298046 -12.161878858326373 2.01
      vertex 7.46805290088507 -10.967090749022153 2.01
    endloop
  endfacet
  facet normal 0 0 1
    outer loop
      vertex 6.536747572594793 -12.38026377160584 2.01
      vertex 7.473896709843564 -11.378588892795285 2.01
      vertex 6.117198689298046 -12.161878858326373 2.01
    endloop
  endfacet
  facet normal 0 0 1
    outer loop
      vertex 5.763752742850626 -11.95106890192611 2.01
      vertex 7.46805290088507 -10.967090749022153 2.01
      vertex 7.443274182732051 -10.609376804240272 2.01
    endloop
  endfacet
  facet normal 0 0 1
    outer loop
      vertex 5.466352744817694 -11.7507529374611 2.01
      vertex 7.443274182732051 -10.609376804240272 2.01
      vertex 7.405370401405083 -10.29916235516164 2.01
    endloop
  endfacet
  facet normal 0 0 1
    outer loop
      vertex 5.0076950259863455 -11.388457112684387 2.01
      vertex 7.405370401405083 -10.29916235516164 2.01
      vertex 7.358845655800616 -10.031019660758142 2.01
    endloop
  endfacet
  facet normal 0 0 1
    outer loop
      vertex 4.340594621762927 -10.65107021640864 2.01
      vertex 7.015217314918048 -9.010792547338259 2.01
      vertex 4.295966595333375 -10.580752675509462 2.01
    endloop
  endfacet
  facet normal 0 0 1
    outer loop
      vertex 4.22801995188742 -10.453661904747587 2.01
      vertex 4.231562675732643 -10.461795523005371 2.01
      vertex 6.944399354029855 -8.89553853213756 2.01
    endloop
  endfacet
  facet normal 0 0 1
    outer loop
      vertex 4.264043093318987 -10.525642421785957 2.01
      vertex 6.95951400520617 -8.917580557325307 2.01
      vertex 4.243094305531217 -10.48590620005346 2.01
    endloop
  endfacet
  facet normal 0 0 1
    outer loop
      vertex 4.231562675732643 -10.461795523005371 2.01
      vertex 4.243094305531217 -10.48590620005346 2.01
      vertex 6.944399354029855 -8.89553853213756 2.01
    endloop
  endfacet
  facet normal 0 0 1
    outer loop
      vertex 4.295966595333375 -10.580752675509462 2.01
      vertex 7.015217314918048 -9.010792547338259 2.01
      vertex 4.264043093318987 -10.525642421785957 2.01
    endloop
  endfacet
  facet normal 0 0 1
    outer loop
      vertex 4.22801995188742 -10.453661904747587 2.01
      vertex 5.944544904446308 -7.614432774893081 2.01
      vertex 3.620607158807834 -8.951850645656542 2.01
    endloop
  endfacet
  facet normal 0 0 1
    outer loop
      vertex 3.620607158807834 -8.951850645656542 2.01
      vertex 4.5698008977209685 -7.4876988977189045 2.01
      vertex 3.8138732208294464 -7.8995623954795455 2.01
    endloop
  endfacet
  facet normal 0 0 1
    outer loop
      vertex 3.620607158807834 -8.951850645656542 2.01
      vertex 5.944544904446308 -7.614432774893081 2.01
      vertex 4.5698008977209685 -7.4876988977189045 2.01
    endloop
  endfacet
  facet normal 0 0 1
    outer loop
      vertex 4.571652653939683 -10.952488297759903 2.01
      vertex 7.147078056475009 -9.294854492757015 2.01
      vertex 4.476041088193439 -10.836978404880703 2.01
    endloop
  endfacet
  facet normal 0 0 1
    outer loop
      vertex 4.340594621762927 -10.65107021640864 2.01
      vertex 4.399877404665453 -10.736495977369078 2.01
      vertex 7.098139560047916 -9.17865359884545 2.01
    endloop
  endfacet
  facet normal 0 0 1
    outer loop
      vertex 4.476041088193439 -10.836978404880703 2.01
      vertex 7.098139560047916 -9.17865359884545 2.01
      vertex 4.399877404665453 -10.736495977369078 2.01
    endloop
  endfacet
  facet normal 0 0 1
    outer loop
      vertex 4.22801995188742 -10.453661904747587 2.01
      vertex 6.944399354029855 -8.89553853213756 2.01
      vertex 6.939126802017164 -8.88840364042695 2.01
    endloop
  endfacet
  facet normal 0 0 1
    outer loop
      vertex 4.243094305531217 -10.48590620005346 2.01
      vertex 6.95951400520617 -8.917580557325307 2.01
      vertex 6.944399354029855 -8.89553853213756 2.01
    endloop
  endfacet
  facet normal 0 0 1
    outer loop
      vertex 4.264043093318987 -10.525642421785957 2.01
      vertex 7.015217314918048 -9.010792547338259 2.01
      vertex 6.983452185575423 -8.955590850967816 2.01
    endloop
  endfacet
  facet normal 0 0 1
    outer loop
      vertex 4.264043093318987 -10.525642421785957 2.01
      vertex 6.983452185575423 -8.955590850967816 2.01
      vertex 6.95951400520617 -8.917580557325307 2.01
    endloop
  endfacet
  facet normal 0 0 1
    outer loop
      vertex 4.22801995188742 -10.453661904747587 2.01
      vertex 6.939126802017164 -8.88840364042695 2.01
      vertex 5.944544904446308 -7.614432774893081 2.01
    endloop
  endfacet
  facet normal 0 0 1
    outer loop
      vertex 4.689697241687792 -11.082986046733726 2.01
      vertex 7.307225034412644 -9.800271112259107 2.01
      vertex 7.253298849275298 -9.602889978599906 2.01
    endloop
  endfacet
  facet normal 0 0 1
    outer loop
      vertex 4.571652653939683 -10.952488297759903 2.01
      vertex 7.1993067776159965 -9.435411477300816 2.01
      vertex 7.147078056475009 -9.294854492757015 2.01
    endloop
  endfacet
  facet normal 0 0 1
    outer loop
      vertex 4.340594621762927 -10.65107021640864 2.01
      vertex 7.098139560047916 -9.17865359884545 2.01
      vertex 7.053800079910829 -9.084600317601176 2.01
    endloop
  endfacet
  facet normal 0 0 1
    outer loop
      vertex 4.476041088193439 -10.836978404880703 2.01
      vertex 7.147078056475009 -9.294854492757015 2.01
      vertex 7.098139560047916 -9.17865359884545 2.01
    endloop
  endfacet
  facet normal 0 0 1
    outer loop
      vertex 4.571652653939683 -10.952488297759903 2.01
      vertex 7.253298849275298 -9.602889978599906 2.01
      vertex 7.1993067776159965 -9.435411477300816 2.01
    endloop
  endfacet
  facet normal 0 0 1
    outer loop
      vertex 5.0076950259863455 -11.388457112684387 2.01
      vertex 7.358845655800616 -10.031019660758142 2.01
      vertex 7.307225034412644 -9.800271112259107 2.01
    endloop
  endfacet
  facet normal 0 0 1
    outer loop
      vertex 4.340594621762927 -10.65107021640864 2.01
      vertex 7.053800079910829 -9.084600317601176 2.01
      vertex 7.015217314918048 -9.010792547338259 2.01
    endloop
  endfacet
  facet normal 0 0 1
    outer loop
      vertex 4.5698008977209685 -7.4876988977189045 2.01
      vertex 5.944544904446308 -7.614432774893081 2.01
      vertex 5.281718887615584 -7.003724759335659 2.01
    endloop
  endfacet
  facet normal 0 0 1
    outer loop
      vertex 5.281718887615584 -7.003724759335659 2.01
      vertex 5.944544904446308 -7.614432774893081 2.01
      vertex 5.94277104513032 -6.4523009332231975 2.01
    endloop
  endfacet
  facet normal 0 0 1
    outer loop
      vertex 5.944544904446308 -7.614432774893081 2.01
      vertex 6.548850188323191 -7.110344974104885 2.01
      vertex 5.94277104513032 -6.4523009332231975 2.01
    endloop
  endfacet
  facet normal 0.7127430920570003 -0.7014251811312638 0
    outer loop
      vertex 7.214251369843425 -6.434207150238592 -2.01
      vertex 7.214251369843425 -6.434207150238592 2.01
      vertex 6.548850188323191 -7.110344974104885 2.01
    endloop
  endfacet
  facet normal 0 0 1
    outer loop
      vertex 6.548850188323191 -7.110344974104885 2.01
      vertex 7.214251369843425 -6.434207150238592 2.01
      vertex 5.94277104513032 -6.4523009332231975 2.01
    endloop
  endfacet
  facet normal 0 0 1
    outer loop
      vertex 5.94277104513032 -6.4523009332231975 2.01
      vertex 7.214251369843425 -6.434207150238592 2.01
      vertex 6.546591063774667 -5.838737913996498 2.01
    endloop
  endfacet
  facet normal 0.49999999553965513 -0.86602540635962 0
    outer loop
      vertex 7.453249148884934 -11.851121346115765 -2.01
      vertex 7.453249148884934 -11.851121346115765 2.01
      vertex 6.536747572594793 -12.38026377160584 2.01
    endloop
  endfacet
  facet normal 0.9990467147334265 -0.04365388619982758 0
    outer loop
      vertex 7.473896709843564 -11.378588892795285 -2.01
      vertex 7.473896709843564 -11.378588892795285 2.01
      vertex 7.453249148884934 -11.851121346115765 2.01
    endloop
  endfacet
  facet normal 0.9998991767764428 0.014199869076587874 0
    outer loop
      vertex 7.46805290088507 -10.967090749022153 -2.01
      vertex 7.46805290088507 -10.967090749022153 2.01
      vertex 7.473896709843564 -11.378588892795285 2.01
    endloop
  endfacet
  facet normal 0.9976094575488151 0.06910405349296764 0
    outer loop
      vertex 7.443274182732051 -10.609376804240272 -2.01
      vertex 7.443274182732051 -10.609376804240272 2.01
      vertex 7.46805290088507 -10.967090749022153 2.01
    endloop
  endfacet
  facet normal 0.9926178784008536 0.121283747794122 0
    outer loop
      vertex 7.405370401405083 -10.29916235516164 -2.01
      vertex 7.405370401405083 -10.29916235516164 2.01
      vertex 7.443274182732051 -10.609376804240272 2.01
    endloop
  endfacet
  facet normal 0.9852791436241901 0.17095323670285492 0
    outer loop
      vertex 7.358845655800616 -10.031019660758142 -2.01
      vertex 7.358845655800616 -10.031019660758142 2.01
      vertex 7.405370401405083 -10.29916235516164 2.01
    endloop
  endfacet
  facet normal 0.9758787434334373 0.21831325684615524 0
    outer loop
      vertex 7.307225034412644 -9.800271112259107 -2.01
      vertex 7.307225034412644 -9.800271112259107 2.01
      vertex 7.358845655800616 -10.031019660758142 2.01
    endloop
  endfacet
  facet normal 0.964645908328241 0.2635493721213974 0
    outer loop
      vertex 7.253298849275298 -9.602889978599906 -2.01
      vertex 7.253298849275298 -9.602889978599906 2.01
      vertex 7.307225034412644 -9.800271112259107 2.01
    endloop
  endfacet
  facet normal 0.9373777202613743 0.3483145267679608 0
    outer loop
      vertex 7.147078056475009 -9.294854492757015 -2.01
      vertex 7.147078056475009 -9.294854492757015 2.01
      vertex 7.1993067776159965 -9.435411477300816 2.01
    endloop
  endfacet
  facet normal 0.9216018884975296 0.3881365212367774 0
    outer loop
      vertex 7.098139560047916 -9.17865359884545 -2.01
      vertex 7.098139560047916 -9.17865359884545 2.01
      vertex 7.147078056475009 -9.294854492757015 2.01
    endloop
  endfacet
  facet normal 0.9517638133674741 0.30683162086754356 0
    outer loop
      vertex 7.1993067776159965 -9.435411477300816 -2.01
      vertex 7.1993067776159965 -9.435411477300816 2.01
      vertex 7.253298849275298 -9.602889978599906 2.01
    endloop
  endfacet
  facet normal 0.9045253606288997 0.42641983065889294 0
    outer loop
      vertex 7.053800079910829 -9.084600317601176 -2.01
      vertex 7.053800079910829 -9.084600317601176 2.01
      vertex 7.098139560047916 -9.17865359884545 2.01
    endloop
  endfacet
  facet normal 0.8862183920360851 0.46326769973415544 0
    outer loop
      vertex 7.015217314918048 -9.010792547338259 -2.01
      vertex 7.015217314918048 -9.010792547338259 2.01
      vertex 7.053800079910829 -9.084600317601176 2.01
    endloop
  endfacet
  facet normal -0.4987561472428805 -0.8667423524828116 0
    outer loop
      vertex 9.0107925429388 -7.015217310682609 -2.01
      vertex 9.0107925429388 -7.015217310682609 2.01
      vertex 8.95559085563742 -6.983452183709321 2.01
    endloop
  endfacet
  facet normal -0.46326766661584534 -0.8862184093485702 0
    outer loop
      vertex 9.084600315786718 -7.0538000735147435 -2.01
      vertex 9.084600315786718 -7.0538000735147435 2.01
      vertex 9.0107925429388 -7.015217310682609 2.01
    endloop
  endfacet
  facet normal -0.4264198976991446 -0.9045253290241523 0
    outer loop
      vertex 9.178653597379911 -7.098139562336474 -2.01
      vertex 9.178653597379911 -7.098139562336474 2.01
      vertex 9.084600315786718 -7.0538000735147435 2.01
    endloop
  endfacet
  facet normal -0.38813648955941105 -0.921601901838585 0
    outer loop
      vertex 9.294854495883719 -7.147078055995113 -2.01
      vertex 9.294854495883719 -7.147078055995113 2.01
      vertex 9.178653597379911 -7.098139562336474 2.01
    endloop
  endfacet
  facet normal -0.34831447216078015 -0.9373777405525252 0
    outer loop
      vertex 9.435411483650705 -7.1993067690150205 -2.01
      vertex 9.435411483650705 -7.1993067690150205 2.01
      vertex 9.294854495883719 -7.147078055995113 2.01
    endloop
  endfacet
  facet normal -0.306831690060187 -0.9517637910610013 0
    outer loop
      vertex 9.602889971776694 -7.2532988498685445 -2.01
      vertex 9.602889971776694 -7.2532988498685445 2.01
      vertex 9.435411483650705 -7.1993067690150205 2.01
    endloop
  endfacet
  facet normal -0.26354935367349336 -0.9646459133683634 0
    outer loop
      vertex 9.800271109189435 -7.307225031974913 -2.01
      vertex 9.800271109189435 -7.307225031974913 2.01
      vertex 9.602889971776694 -7.2532988498685445 2.01
    endloop
  endfacet
  facet normal -0.21831325858273898 -0.9758787430449473 0
    outer loop
      vertex 10.031019664247927 -7.358845655261466 -2.01
      vertex 10.031019664247927 -7.358845655261466 2.01
      vertex 9.800271109189435 -7.307225031974913 2.01
    endloop
  endfacet
  facet normal -0.17095327110421685 -0.9852791376552983 0
    outer loop
      vertex 10.299162351619108 -7.405370409289919 -2.01
      vertex 10.299162351619108 -7.405370409289919 2.01
      vertex 10.031019664247927 -7.358845655261466 2.01
    endloop
  endfacet
  facet normal -0.06910404763249461 -0.9976094579547679 0
    outer loop
      vertex 10.967090748526687 -7.46805289618605 -2.01
      vertex 10.967090748526687 -7.46805289618605 2.01
      vertex 10.609376810862738 -7.443274180637568 2.01
    endloop
  endfacet
  facet normal -0.12128371241648153 -0.992617882723496 0
    outer loop
      vertex 10.609376810862738 -7.443274180637568 -2.01
      vertex 10.609376810862738 -7.443274180637568 2.01
      vertex 10.299162351619108 -7.405370409289919 2.01
    endloop
  endfacet
  facet normal -0.014199866020045016 -0.9998991768198495 0
    outer loop
      vertex 11.37858889750627 -7.473896703960341 -2.01
      vertex 11.37858889750627 -7.473896703960341 2.01
      vertex 10.967090748526687 -7.46805289618605 2.01
    endloop
  endfacet
  facet normal 0.043653878980513636 -0.9990467150488783 0
    outer loop
      vertex 11.851121338356107 -7.453249146967757 -2.01
      vertex 11.851121338356107 -7.453249146967757 2.01
      vertex 11.37858889750627 -7.473896703960341 2.01
    endloop
  endfacet
  facet normal 0 0 1
    outer loop
      vertex 6.536747572594793 -12.38026377160584 2.01
      vertex 7.453249148884934 -11.851121346115765 2.01
      vertex 7.473896709843564 -11.378588892795285 2.01
    endloop
  endfacet
  facet normal 0 0 1
    outer loop
      vertex 6.117198689298046 -12.161878858326373 2.01
      vertex 7.473896709843564 -11.378588892795285 2.01
      vertex 7.46805290088507 -10.967090749022153 2.01
    endloop
  endfacet
  facet normal 0 0 1
    outer loop
      vertex 10.967090748526687 -7.46805289618605 2.01
      vertex 11.37858889750627 -7.473896703960341 2.01
      vertex 12.161878858342725 -6.117198686670332 2.01
    endloop
  endfacet
  facet normal 0 0 1
    outer loop
      vertex 11.37858889750627 -7.473896703960341 2.01
      vertex 11.851121338356107 -7.453249146967757 2.01
      vertex 12.161878858342725 -6.117198686670332 2.01
    endloop
  endfacet
  facet normal 0.7780627385881476 -0.628186576441038 0
    outer loop
      vertex 7.611463096407785 -5.942226494553568 -2.01
      vertex 7.611463096407785 -5.942226494553568 2.01
      vertex 7.214251369843425 -6.434207150238592 2.01
    endloop
  endfacet
  facet normal -0.6153720422089429 -0.788236797965938 0
    outer loop
      vertex 8.88840363380045 -6.939126802053124 -2.01
      vertex 8.88840363380045 -6.939126802053124 2.01
      vertex 7.611463096407785 -5.942226494553568 2.01
    endloop
  endfacet
  facet normal -0.5943129550701293 -0.8042338661333596 0
    outer loop
      vertex 8.895538536642677 -6.944399354442256 -2.01
      vertex 8.895538536642677 -6.944399354442256 2.01
      vertex 8.88840363380045 -6.939126802053124 2.01
    endloop
  endfacet
  facet normal -0.5655312703074052 -0.8247268531486608 0
    outer loop
      vertex 8.917580558255546 -6.9595139980788465 -2.01
      vertex 8.917580558255546 -6.9595139980788465 2.01
      vertex 8.895538536642677 -6.944399354442256 2.01
    endloop
  endfacet
  facet normal -0.5329053493073609 -0.8461748570358255 0
    outer loop
      vertex 8.95559085563742 -6.983452183709321 -2.01
      vertex 8.95559085563742 -6.983452183709321 2.01
      vertex 8.917580558255546 -6.9595139980788465 2.01
    endloop
  endfacet
  facet normal 0.3749470730592925 0.9270462191305618 0
    outer loop
      vertex 8.950652904201275 -3.6201227167478773 -2.01
      vertex 8.950652904201275 -3.6201227167478773 2.01
      vertex 10.453661910159065 -4.22801994553347 2.01
    endloop
  endfacet
  facet normal 0.3993304260435933 0.916807073945136 0
    outer loop
      vertex 10.453661910159065 -4.22801994553347 -2.01
      vertex 10.453661910159065 -4.22801994553347 2.01
      vertex 10.461795522128813 -4.231562674233388 2.01
    endloop
  endfacet
  facet normal 0.4314684644443724 0.9021280198453074 0
    outer loop
      vertex 10.461795522128813 -4.231562674233388 -2.01
      vertex 10.461795522128813 -4.231562674233388 2.01
      vertex 10.485906205298969 -4.243094296370471 2.01
    endloop
  endfacet
  facet normal 0.9269125488966983 -0.37527739966300383 0
    outer loop
      vertex 9.12736365713801 -3.183657812202251 -2.01
      vertex 9.12736365713801 -3.183657812202251 2.01
      vertex 8.950652904201275 -3.6201227167478773 2.01
    endloop
  endfacet
  facet normal 0.9592328294853604 -0.2826170179545272 0
    outer loop
      vertex 9.395465946071933 -2.2736895481999495 -2.01
      vertex 9.395465946071933 -2.2736895481999495 2.01
      vertex 9.12736365713801 -3.183657812202251 2.01
    endloop
  endfacet
  facet normal 0.9823151753412387 -0.18723486933344316 0
    outer loop
      vertex 9.573084751205782 -1.3418244082818425 -2.01
      vertex 9.573084751205782 -1.3418244082818425 2.01
      vertex 9.395465946071933 -2.2736895481999495 2.01
    endloop
  endfacet
  facet normal 0.8660254009851158 -0.5000000048485692 0
    outer loop
      vertex 12.380263776401227 -6.536747571682665 -2.01
      vertex 12.380263776401227 -6.536747571682665 2.01
      vertex 11.851121338356107 -7.453249146967757 2.01
    endloop
  endfacet
  facet normal 0.8870267725371622 0.4617179927209958 0
    outer loop
      vertex 12.161878858342725 -6.117198686670332 -2.01
      vertex 12.161878858342725 -6.117198686670332 2.01
      vertex 12.380263776401227 -6.536747571682665 2.01
    endloop
  endfacet
  facet normal 0.7989904298866947 0.6013437394281866 0
    outer loop
      vertex 11.562820071244577 -5.216651038324863 -2.01
      vertex 11.562820071244577 -5.216651038324863 2.01
      vertex 11.750752928820258 -5.466352739396885 2.01
    endloop
  endfacet
  facet normal 0.8588381610382901 0.5122470235583297 0
    outer loop
      vertex 11.951068904161865 -5.763752741548819 -2.01
      vertex 11.951068904161865 -5.763752741548819 2.01
      vertex 12.161878858342725 -6.117198686670332 2.01
    endloop
  endfacet
  facet normal 0.8294030999999547 0.5586506043230108 0
    outer loop
      vertex 11.750752928820258 -5.466352739396885 -2.01
      vertex 11.750752928820258 -5.466352739396885 2.01
      vertex 11.951068904161865 -5.763752741548819 2.01
    endloop
  endfacet
  facet normal 0.6040624207043738 0.7969370062261963 0
    outer loop
      vertex 10.736495980126906 -4.399877406485285 -2.01
      vertex 10.736495980126906 -4.399877406485285 2.01
      vertex 10.836978406058565 -4.476041089401646 2.01
    endloop
  endfacet
  facet normal 0.6376356624018922 0.7703380829436516 0
    outer loop
      vertex 10.836978406058565 -4.476041089401646 -2.01
      vertex 10.836978406058565 -4.476041089401646 2.01
      vertex 10.952488292962704 -4.571652646042648 2.01
    endloop
  endfacet
  facet normal 0.7359791569563933 0.677004195353143 0
    outer loop
      vertex 11.228378068085975 -4.833671226281223 -2.01
      vertex 11.228378068085975 -4.833671226281223 2.01
      vertex 11.388457112356983 -5.0076950223782415 2.01
    endloop
  endfacet
  facet normal 0.6708358015318491 0.7416059111031421 0
    outer loop
      vertex 10.952488292962704 -4.571652646042648 -2.01
      vertex 10.952488292962704 -4.571652646042648 2.01
      vertex 11.082986054924943 -4.689697242820243 2.01
    endloop
  endfacet
  facet normal 0.70363317615996 0.7105634056205306 0
    outer loop
      vertex 11.082986054924943 -4.689697242820243 -2.01
      vertex 11.082986054924943 -4.689697242820243 2.01
      vertex 11.228378068085975 -4.833671226281223 2.01
    endloop
  endfacet
  facet normal 0.5012428561369734 0.8653066503683242 0
    outer loop
      vertex 10.52564242192924 -4.264043091534178 -2.01
      vertex 10.52564242192924 -4.264043091534178 2.01
      vertex 10.580752679245595 -4.29596659838338 2.01
    endloop
  endfacet
  facet normal 0.4663564139878454 0.884596911102677 0
    outer loop
      vertex 10.485906205298969 -4.243094296370471 -2.01
      vertex 10.485906205298969 -4.243094296370471 2.01
      vertex 10.52564242192924 -4.264043091534178 2.01
    endloop
  endfacet
  facet normal 0.5358537665318784 0.844310808229765 0
    outer loop
      vertex 10.580752679245595 -4.29596659838338 -2.01
      vertex 10.580752679245595 -4.29596659838338 2.01
      vertex 10.651070218131146 -4.340594616522904 2.01
    endloop
  endfacet
  facet normal 0.5701319965632261 0.8215531063143938 0
    outer loop
      vertex 10.651070218131146 -4.340594616522904 -2.01
      vertex 10.651070218131146 -4.340594616522904 2.01
      vertex 10.736495980126906 -4.399877406485285 2.01
    endloop
  endfacet
  facet normal 0.7678001550513058 0.640689411418037 0
    outer loop
      vertex 11.388457112356983 -5.0076950223782415 -2.01
      vertex 11.388457112356983 -5.0076950223782415 2.01
      vertex 11.562820071244577 -5.216651038324863 2.01
    endloop
  endfacet
  facet normal -0.13880942158205994 -0.990319112448131 0
    outer loop
      vertex 11.167146746562093 -1.5652582699129267 -2.01
      vertex 11.167146746562093 -1.5652582699129267 2.01
      vertex 9.573084751205782 -1.3418244082818425 2.01
    endloop
  endfacet
  facet normal -0.1125735760900224 -0.993643391748923 0
    outer loop
      vertex 11.1759620301749 -1.5662569863626932 -2.01
      vertex 11.1759620301749 -1.5662569863626932 2.01
      vertex 11.167146746562093 -1.5652582699129267 2.01
    endloop
  endfacet
  facet normal -0.07740105025384826 -0.9970000388262786 0
    outer loop
      vertex 11.202608303610065 -1.5683256417979137 -2.01
      vertex 11.202608303610065 -1.5683256417979137 2.01
      vertex 11.1759620301749 -1.5662569863626932 2.01
    endloop
  endfacet
  facet normal -0.03842205871532568 -0.9992616000848207 0
    outer loop
      vertex 11.247495277028309 -1.5700515661485368 -2.01
      vertex 11.247495277028309 -1.5700515661485368 2.01
      vertex 11.202608303610065 -1.5683256417979137 2.01
    endloop
  endfacet
  facet normal 0.0014356327825420085 -0.9999989694787259 0
    outer loop
      vertex 11.311183906015986 -1.5699601325706627 -2.01
      vertex 11.311183906015986 -1.5699601325706627 2.01
      vertex 11.247495277028309 -1.5700515661485368 2.01
    endloop
  endfacet
  facet normal 0.041907615298625966 -0.9991214900000812 0
    outer loop
      vertex 11.394394695277668 -1.56646990062192 -2.01
      vertex 11.394394695277668 -1.56646990062192 2.01
      vertex 11.311183906015986 -1.5699601325706627 2.01
    endloop
  endfacet
  facet normal 0.08297223736477195 -0.9965518590754241 0
    outer loop
      vertex 11.498016967001927 -1.5578423799891665 -2.01
      vertex 11.498016967001927 -1.5578423799891665 2.01
      vertex 11.394394695277668 -1.56646990062192 2.01
    endloop
  endfacet
  facet normal 0.12466489420279682 -0.9921989035235855 0
    outer loop
      vertex 11.623119144188552 -1.5421239089969847 -2.01
      vertex 11.623119144188552 -1.5421239089969847 2.01
      vertex 11.498016967001927 -1.5578423799891665 2.01
    endloop
  endfacet
  facet normal 0.1670396451686885 -0.9859501797463798 0
    outer loop
      vertex 11.770959422954704 -1.517076814109198 -2.01
      vertex 11.770959422954704 -1.517076814109198 2.01
      vertex 11.623119144188552 -1.5421239089969847 2.01
    endloop
  endfacet
  facet normal 0.21015790122086175 -0.977667457039684 0
    outer loop
      vertex 11.942996091556337 -1.4800960749570298 -2.01
      vertex 11.942996091556337 -1.4800960749570298 2.01
      vertex 11.770959422954704 -1.517076814109198 2.01
    endloop
  endfacet
  facet normal 0.25408248845600234 -0.9671825520862157 0
    outer loop
      vertex 12.140896258732564 -1.4281069578730479 -2.01
      vertex 12.140896258732564 -1.4281069578730479 2.01
      vertex 11.942996091556337 -1.4800960749570298 2.01
    endloop
  endfacet
  facet normal 0.29887455491935033 -0.9542924082385651 0
    outer loop
      vertex 12.36654068124781 -1.3574374484364613 -2.01
      vertex 12.36654068124781 -1.3574374484364613 2.01
      vertex 12.140896258732564 -1.4281069578730479 2.01
    endloop
  endfacet
  facet normal 0.3445896989804522 -0.9387533964554062 0
    outer loop
      vertex 12.622021437483435 -1.2636577218128955 -2.01
      vertex 12.622021437483435 -1.2636577218128955 2.01
      vertex 12.36654068124781 -1.3574374484364613 2.01
    endloop
  endfacet
  facet normal 0.39127415041496844 -0.9202741652448169 0
    outer loop
      vertex 12.909626925455262 -1.1413761265983622 -2.01
      vertex 12.909626925455262 -1.1413761265983622 2.01
      vertex 12.622021437483435 -1.2636577218128955 2.01
    endloop
  endfacet
  facet normal 0.4389588732592501 -0.8985071550004317 0
    outer loop
      vertex 13.231805639036676 -0.9839781533994242 -2.01
      vertex 13.231805639036676 -0.9839781533994242 2.01
      vertex 12.909626925455262 -1.1413761265983622 2.01
    endloop
  endfacet
  facet normal 0.4876521515589866 -0.8730380169728528 0
    outer loop
      vertex 13.591095393258387 -0.7832899608201025 -2.01
      vertex 13.591095393258387 -0.7832899608201025 2.01
      vertex 13.231805639036676 -0.9839781533994242 2.01
    endloop
  endfacet
  facet normal 0.537328716461703 -0.8433729011923603 0
    outer loop
      vertex 13.989996719562551 -0.5291424332497332 -2.01
      vertex 13.989996719562551 -0.5291424332497332 2.01
      vertex 13.591095393258387 -0.7832899608201025 2.01
    endloop
  endfacet
  facet normal 0 0 1
    outer loop
      vertex 6.546591063774667 -5.838737913996498 2.01
      vertex 7.214251369843425 -6.434207150238592 2.01
      vertex 7.611463096407785 -5.942226494553568 2.01
    endloop
  endfacet
  facet normal 0 0 1
    outer loop
      vertex 6.546591063774667 -5.838737913996498 2.01
      vertex 7.611463096407785 -5.942226494553568 2.01
      vertex 7.087363833681329 -5.168944662562453 2.01
    endloop
  endfacet
  facet normal 0 0 1
    outer loop
      vertex 7.611463096407785 -5.942226494553568 2.01
      vertex 7.559881410067097 -4.449371644327583 2.01
      vertex 7.087363833681329 -5.168944662562453 2.01
    endloop
  endfacet
  facet normal 0 0 1
    outer loop
      vertex 7.611463096407785 -5.942226494553568 2.01
      vertex 10.453661910159065 -4.22801994553347 2.01
      vertex 7.559881410067097 -4.449371644327583 2.01
    endloop
  endfacet
  facet normal 0 0 1
    outer loop
      vertex 7.559881410067097 -4.449371644327583 2.01
      vertex 8.950652904201275 -3.6201227167478773 2.01
      vertex 7.959593199313643 -3.6869487459944263 2.01
    endloop
  endfacet
  facet normal 0 0 1
    outer loop
      vertex 9.0107925429388 -7.015217310682609 2.01
      vertex 9.084600315786718 -7.0538000735147435 2.01
      vertex 10.580752679245595 -4.29596659838338 2.01
    endloop
  endfacet
  facet normal 0 0 1
    outer loop
      vertex 7.611463096407785 -5.942226494553568 2.01
      vertex 8.88840363380045 -6.939126802053124 2.01
      vertex 10.453661910159065 -4.22801994553347 2.01
    endloop
  endfacet
  facet normal 0 0 1
    outer loop
      vertex 8.895538536642677 -6.944399354442256 2.01
      vertex 8.917580558255546 -6.9595139980788465 2.01
      vertex 10.461795522128813 -4.231562674233388 2.01
    endloop
  endfacet
  facet normal 0 0 1
    outer loop
      vertex 8.895538536642677 -6.944399354442256 2.01
      vertex 10.453661910159065 -4.22801994553347 2.01
      vertex 8.88840363380045 -6.939126802053124 2.01
    endloop
  endfacet
  facet normal 0 0 1
    outer loop
      vertex 8.917580558255546 -6.9595139980788465 2.01
      vertex 8.95559085563742 -6.983452183709321 2.01
      vertex 10.485906205298969 -4.243094296370471 2.01
    endloop
  endfacet
  facet normal 0 0 1
    outer loop
      vertex 9.0107925429388 -7.015217310682609 2.01
      vertex 10.580752679245595 -4.29596659838338 2.01
      vertex 8.95559085563742 -6.983452183709321 2.01
    endloop
  endfacet
  facet normal 0 0 1
    outer loop
      vertex 9.084600315786718 -7.0538000735147435 2.01
      vertex 9.178653597379911 -7.098139562336474 2.01
      vertex 10.736495980126906 -4.399877406485285 2.01
    endloop
  endfacet
  facet normal 0 0 1
    outer loop
      vertex 9.178653597379911 -7.098139562336474 2.01
      vertex 9.294854495883719 -7.147078055995113 2.01
      vertex 10.836978406058565 -4.476041089401646 2.01
    endloop
  endfacet
  facet normal 0 0 1
    outer loop
      vertex 9.602889971776694 -7.2532988498685445 2.01
      vertex 11.082986054924943 -4.689697242820243 2.01
      vertex 9.435411483650705 -7.1993067690150205 2.01
    endloop
  endfacet
  facet normal 0 0 1
    outer loop
      vertex 9.294854495883719 -7.147078055995113 2.01
      vertex 9.435411483650705 -7.1993067690150205 2.01
      vertex 10.836978406058565 -4.476041089401646 2.01
    endloop
  endfacet
  facet normal 0 0 1
    outer loop
      vertex 9.800271109189435 -7.307225031974913 2.01
      vertex 10.031019664247927 -7.358845655261466 2.01
      vertex 11.388457112356983 -5.0076950223782415 2.01
    endloop
  endfacet
  facet normal 0 0 1
    outer loop
      vertex 9.602889971776694 -7.2532988498685445 2.01
      vertex 9.800271109189435 -7.307225031974913 2.01
      vertex 11.082986054924943 -4.689697242820243 2.01
    endloop
  endfacet
  facet normal 0 0 1
    outer loop
      vertex 9.084600315786718 -7.0538000735147435 2.01
      vertex 10.736495980126906 -4.399877406485285 2.01
      vertex 10.651070218131146 -4.340594616522904 2.01
    endloop
  endfacet
  facet normal 0 0 1
    outer loop
      vertex 9.178653597379911 -7.098139562336474 2.01
      vertex 10.836978406058565 -4.476041089401646 2.01
      vertex 10.736495980126906 -4.399877406485285 2.01
    endloop
  endfacet
  facet normal 0 0 1
    outer loop
      vertex 9.435411483650705 -7.1993067690150205 2.01
      vertex 11.082986054924943 -4.689697242820243 2.01
      vertex 10.952488292962704 -4.571652646042648 2.01
    endloop
  endfacet
  facet normal 0 0 1
    outer loop
      vertex 9.435411483650705 -7.1993067690150205 2.01
      vertex 10.952488292962704 -4.571652646042648 2.01
      vertex 10.836978406058565 -4.476041089401646 2.01
    endloop
  endfacet
  facet normal 0 0 1
    outer loop
      vertex 7.559881410067097 -4.449371644327583 2.01
      vertex 10.453661910159065 -4.22801994553347 2.01
      vertex 8.950652904201275 -3.6201227167478773 2.01
    endloop
  endfacet
  facet normal 0 0 1
    outer loop
      vertex 8.895538536642677 -6.944399354442256 2.01
      vertex 10.461795522128813 -4.231562674233388 2.01
      vertex 10.453661910159065 -4.22801994553347 2.01
    endloop
  endfacet
  facet normal 0 0 1
    outer loop
      vertex 8.917580558255546 -6.9595139980788465 2.01
      vertex 10.485906205298969 -4.243094296370471 2.01
      vertex 10.461795522128813 -4.231562674233388 2.01
    endloop
  endfacet
  facet normal 0 0 1
    outer loop
      vertex 8.95559085563742 -6.983452183709321 2.01
      vertex 10.52564242192924 -4.264043091534178 2.01
      vertex 10.485906205298969 -4.243094296370471 2.01
    endloop
  endfacet
  facet normal 0 0 1
    outer loop
      vertex 8.95559085563742 -6.983452183709321 2.01
      vertex 10.580752679245595 -4.29596659838338 2.01
      vertex 10.52564242192924 -4.264043091534178 2.01
    endloop
  endfacet
  facet normal 0 0 1
    outer loop
      vertex 9.084600315786718 -7.0538000735147435 2.01
      vertex 10.651070218131146 -4.340594616522904 2.01
      vertex 10.580752679245595 -4.29596659838338 2.01
    endloop
  endfacet
  facet normal 0 0 1
    outer loop
      vertex 7.959593199313643 -3.6869487459944263 2.01
      vertex 8.950652904201275 -3.6201227167478773 2.01
      vertex 8.282649757990722 -2.8890185203535528 2.01
    endloop
  endfacet
  facet normal 0 0 1
    outer loop
      vertex 8.282649757990722 -2.8890185203535528 2.01
      vertex 9.395465946071933 -2.2736895481999495 2.01
      vertex 8.525939865290216 -2.06326546382168 2.01
    endloop
  endfacet
  facet normal 0 0 1
    outer loop
      vertex 8.950652904201275 -3.6201227167478773 2.01
      vertex 9.12736365713801 -3.183657812202251 2.01
      vertex 8.282649757990722 -2.8890185203535528 2.01
    endloop
  endfacet
  facet normal 0 0 1
    outer loop
      vertex 8.282649757990722 -2.8890185203535528 2.01
      vertex 9.12736365713801 -3.183657812202251 2.01
      vertex 9.395465946071933 -2.2736895481999495 2.01
    endloop
  endfacet
  facet normal 0 0 1
    outer loop
      vertex 8.525939865290216 -2.06326546382168 2.01
      vertex 9.395465946071933 -2.2736895481999495 2.01
      vertex 9.573084751205782 -1.3418244082818425 2.01
    endloop
  endfacet
  facet normal 0 0 1
    outer loop
      vertex 8.525939865290216 -2.06326546382168 2.01
      vertex 9.573084751205782 -1.3418244082818425 2.01
      vertex 8.687120514582569 -1.2176420294079815 2.01
    endloop
  endfacet
  facet normal 0 0 1
    outer loop
      vertex 8.687120514582569 -1.2176420294079815 2.01
      vertex 9.573084751205782 -1.3418244082818425 2.01
      vertex 8.764639445464397 -0.36029203676153543 2.01
    endloop
  endfacet
  facet normal 0 0 1
    outer loop
      vertex 9.573084751205782 -1.3418244082818425 2.01
      vertex 9.56678787626529 1.340941795260356 2.01
      vertex 8.764639445464397 -0.36029203676153543 2.01
    endloop
  endfacet
  facet normal 0 0 1
    outer loop
      vertex 10.031019664247927 -7.358845655261466 2.01
      vertex 10.299162351619108 -7.405370409289919 2.01
      vertex 11.562820071244577 -5.216651038324863 2.01
    endloop
  endfacet
  facet normal 0 0 1
    outer loop
      vertex 10.299162351619108 -7.405370409289919 2.01
      vertex 10.609376810862738 -7.443274180637568 2.01
      vertex 11.562820071244577 -5.216651038324863 2.01
    endloop
  endfacet
  facet normal 0 0 1
    outer loop
      vertex 10.609376810862738 -7.443274180637568 2.01
      vertex 10.967090748526687 -7.46805289618605 2.01
      vertex 11.750752928820258 -5.466352739396885 2.01
    endloop
  endfacet
  facet normal 0 0 1
    outer loop
      vertex 9.800271109189435 -7.307225031974913 2.01
      vertex 11.388457112356983 -5.0076950223782415 2.01
      vertex 11.228378068085975 -4.833671226281223 2.01
    endloop
  endfacet
  facet normal 0 0 1
    outer loop
      vertex 9.800271109189435 -7.307225031974913 2.01
      vertex 11.228378068085975 -4.833671226281223 2.01
      vertex 11.082986054924943 -4.689697242820243 2.01
    endloop
  endfacet
  facet normal 0 0 1
    outer loop
      vertex 10.031019664247927 -7.358845655261466 2.01
      vertex 11.562820071244577 -5.216651038324863 2.01
      vertex 11.388457112356983 -5.0076950223782415 2.01
    endloop
  endfacet
  facet normal 0 0 1
    outer loop
      vertex 10.609376810862738 -7.443274180637568 2.01
      vertex 11.750752928820258 -5.466352739396885 2.01
      vertex 11.562820071244577 -5.216651038324863 2.01
    endloop
  endfacet
  facet normal 0 0 1
    outer loop
      vertex 10.967090748526687 -7.46805289618605 2.01
      vertex 11.951068904161865 -5.763752741548819 2.01
      vertex 11.750752928820258 -5.466352739396885 2.01
    endloop
  endfacet
  facet normal 0 0 1
    outer loop
      vertex 10.967090748526687 -7.46805289618605 2.01
      vertex 12.161878858342725 -6.117198686670332 2.01
      vertex 11.951068904161865 -5.763752741548819 2.01
    endloop
  endfacet
  facet normal 0 0 1
    outer loop
      vertex 11.851121338356107 -7.453249146967757 2.01
      vertex 12.380263776401227 -6.536747571682665 2.01
      vertex 12.161878858342725 -6.117198686670332 2.01
    endloop
  endfacet
  facet normal 0 0 1
    outer loop
      vertex 9.573084751205782 -1.3418244082818425 2.01
      vertex 11.167146746562093 -1.5652582699129267 2.01
      vertex 11.167146747550635 1.5652582697321133 2.01
    endloop
  endfacet
  facet normal 0 0 1
    outer loop
      vertex 11.167146746562093 -1.5652582699129267 2.01
      vertex 11.1759620301749 -1.5662569863626932 2.01
      vertex 11.167146747550635 1.5652582697321133 2.01
    endloop
  endfacet
  facet normal 0 0 1
    outer loop
      vertex 11.1759620301749 -1.5662569863626932 2.01
      vertex 11.202608303610065 -1.5683256417979137 2.01
      vertex 11.175962028263243 1.5662569899912537 2.01
    endloop
  endfacet
  facet normal 0 0 1
    outer loop
      vertex 11.202608303610065 -1.5683256417979137 2.01
      vertex 11.247495277028309 -1.5700515661485368 2.01
      vertex 11.20260830157664 1.568325647973662 2.01
    endloop
  endfacet
  facet normal 0 0 1
    outer loop
      vertex 11.247495277028309 -1.5700515661485368 2.01
      vertex 11.311183906015986 -1.5699601325706627 2.01
      vertex 11.311183913301427 1.569960131907337 2.01
    endloop
  endfacet
  facet normal 0 0 1
    outer loop
      vertex 11.311183906015986 -1.5699601325706627 2.01
      vertex 11.394394695277668 -1.56646990062192 2.01
      vertex 11.311183913301427 1.569960131907337 2.01
    endloop
  endfacet
  facet normal 0 0 1
    outer loop
      vertex 11.394394695277668 -1.56646990062192 2.01
      vertex 11.498016967001927 -1.5578423799891665 2.01
      vertex 11.394394696433732 1.5664699005299703 2.01
    endloop
  endfacet
  facet normal 0 0 1
    outer loop
      vertex 11.498016967001927 -1.5578423799891665 2.01
      vertex 11.623119144188552 -1.5421239089969847 2.01
      vertex 11.498016966533202 1.5578423812814544 2.01
    endloop
  endfacet
  facet normal 0 0 1
    outer loop
      vertex 11.623119144188552 -1.5421239089969847 2.01
      vertex 11.770959422954704 -1.517076814109198 2.01
      vertex 11.770959423658644 1.5170768156618863 2.01
    endloop
  endfacet
  facet normal 0 0 1
    outer loop
      vertex 11.770959422954704 -1.517076814109198 2.01
      vertex 11.942996091556337 -1.4800960749570298 2.01
      vertex 11.942996092095543 1.4800960763250368 2.01
    endloop
  endfacet
  facet normal 0 0 1
    outer loop
      vertex 11.942996091556337 -1.4800960749570298 2.01
      vertex 12.140896258732564 -1.4281069578730479 2.01
      vertex 12.140896260693866 1.4281069558268669 2.01
    endloop
  endfacet
  facet normal 0 0 1
    outer loop
      vertex 12.140896258732564 -1.4281069578730479 2.01
      vertex 12.36654068124781 -1.3574374484364613 2.01
      vertex 12.140896260693866 1.4281069558268669 2.01
    endloop
  endfacet
  facet normal 0 0 1
    outer loop
      vertex 12.36654068124781 -1.3574374484364613 2.01
      vertex 12.622021437483435 -1.2636577218128955 2.01
      vertex 12.622021439729945 1.2636577160829374 2.01
    endloop
  endfacet
  facet normal 0 0 1
    outer loop
      vertex 12.622021437483435 -1.2636577218128955 2.01
      vertex 12.909626925455262 -1.1413761265983622 2.01
      vertex 12.622021439729945 1.2636577160829374 2.01
    endloop
  endfacet
  facet normal 0 0 1
    outer loop
      vertex 12.909626925455262 -1.1413761265983622 2.01
      vertex 13.231805639036676 -0.9839781533994242 2.01
      vertex 12.909626922128934 1.1413761245799858 2.01
    endloop
  endfacet
  facet normal 0 0 1
    outer loop
      vertex 13.231805639036676 -0.9839781533994242 2.01
      vertex 13.591095393258387 -0.7832899608201025 2.01
      vertex 13.231805642433887 0.983978155139712 2.01
    endloop
  endfacet
  facet normal 0 0 1
    outer loop
      vertex 13.591095393258387 -0.7832899608201025 2.01
      vertex 13.989996719562551 -0.5291424332497332 2.01
      vertex 13.9899967205676 0.529142430285461 2.01
    endloop
  endfacet
  facet normal 0 0 -1
    outer loop
      vertex 5.838737913996498 6.546591063774667 -2.01
      vertex 6.434207150238592 7.214251369843425 -2.01
      vertex 6.4523009332231975 5.94277104513032 -2.01
    endloop
  endfacet
  facet normal 0 0 -1
    outer loop
      vertex 6.4523009332231975 5.94277104513032 -2.01
      vertex 6.434207150238592 7.214251369843425 -2.01
      vertex 7.110344974104885 6.548850188323191 -2.01
    endloop
  endfacet
  facet normal 0.7014251811312638 0.7127430920570003 0
    outer loop
      vertex 6.434207150238592 7.214251369843425 -2.01
      vertex 7.110344974104885 6.548850188323191 2.01
      vertex 7.110344974104885 6.548850188323191 -2.01
    endloop
  endfacet
  facet normal 0 0 -1
    outer loop
      vertex -1.340941795260356 9.56678787626529 -2.01
      vertex 1.3418244082818425 9.573084751205782 -2.01
      vertex 0.36029203676153543 8.764639445464397 -2.01
    endloop
  endfacet
  facet normal 0 0 -1
    outer loop
      vertex 1.2176420294079815 8.687120514582569 -2.01
      vertex 0.36029203676153543 8.764639445464397 -2.01
      vertex 1.3418244082818425 9.573084751205782 -2.01
    endloop
  endfacet
  facet normal 0 0 -1
    outer loop
      vertex 1.2176420294079815 8.687120514582569 -2.01
      vertex 1.3418244082818425 9.573084751205782 -2.01
      vertex 2.06326546382168 8.525939865290216 -2.01
    endloop
  endfacet
  facet normal 0 0 -1
    outer loop
      vertex 2.06326546382168 8.525939865290216 -2.01
      vertex 2.2736895481999495 9.395465946071933 -2.01
      vertex 2.8890185203535528 8.282649757990722 -2.01
    endloop
  endfacet
  facet normal 0 0 -1
    outer loop
      vertex 2.8890185203535528 8.282649757990722 -2.01
      vertex 3.6201227167478773 8.950652904201275 -2.01
      vertex 3.6869487459944263 7.959593199313643 -2.01
    endloop
  endfacet
  facet normal 0 0 -1
    outer loop
      vertex 1.3418244082818425 9.573084751205782 -2.01
      vertex 2.2736895481999495 9.395465946071933 -2.01
      vertex 2.06326546382168 8.525939865290216 -2.01
    endloop
  endfacet
  facet normal 0 0 -1
    outer loop
      vertex 2.8890185203535528 8.282649757990722 -2.01
      vertex 2.2736895481999495 9.395465946071933 -2.01
      vertex 3.183657812202251 9.12736365713801 -2.01
    endloop
  endfacet
  facet normal 0 0 -1
    outer loop
      vertex 2.8890185203535528 8.282649757990722 -2.01
      vertex 3.183657812202251 9.12736365713801 -2.01
      vertex 3.6201227167478773 8.950652904201275 -2.01
    endloop
  endfacet
  facet normal 0 0 -1
    outer loop
      vertex -1.5652582697321133 11.167146747550635 -2.01
      vertex 1.5652582699129267 11.167146746562093 -2.01
      vertex 1.3418244082818425 9.573084751205782 -2.01
    endloop
  endfacet
  facet normal 0 0 -1
    outer loop
      vertex -1.5652582697321133 11.167146747550635 -2.01
      vertex 1.5662569863626932 11.1759620301749 -2.01
      vertex 1.5652582699129267 11.167146746562093 -2.01
    endloop
  endfacet
  facet normal 0 0 -1
    outer loop
      vertex -1.5662569899912537 11.175962028263243 -2.01
      vertex 1.5683256417979137 11.202608303610065 -2.01
      vertex 1.5662569863626932 11.1759620301749 -2.01
    endloop
  endfacet
  facet normal 0 0 -1
    outer loop
      vertex -1.568325647973662 11.20260830157664 -2.01
      vertex 1.5700515661485368 11.247495277028309 -2.01
      vertex 1.5683256417979137 11.202608303610065 -2.01
    endloop
  endfacet
  facet normal 0 0 -1
    outer loop
      vertex -1.569960131907337 11.311183913301427 -2.01
      vertex 1.5699601325706627 11.311183906015986 -2.01
      vertex 1.5700515661485368 11.247495277028309 -2.01
    endloop
  endfacet
  facet normal 0 0 -1
    outer loop
      vertex -1.569960131907337 11.311183913301427 -2.01
      vertex 1.56646990062192 11.394394695277668 -2.01
      vertex 1.5699601325706627 11.311183906015986 -2.01
    endloop
  endfacet
  facet normal 0 0 -1
    outer loop
      vertex -1.5664699005299703 11.394394696433732 -2.01
      vertex 1.5578423799891665 11.498016967001927 -2.01
      vertex 1.56646990062192 11.394394695277668 -2.01
    endloop
  endfacet
  facet normal 0 0 -1
    outer loop
      vertex -1.5578423812814544 11.498016966533202 -2.01
      vertex 1.5421239089969847 11.623119144188552 -2.01
      vertex 1.5578423799891665 11.498016967001927 -2.01
    endloop
  endfacet
  facet normal 0 0 -1
    outer loop
      vertex -1.5170768156618863 11.770959423658644 -2.01
      vertex 1.517076814109198 11.770959422954704 -2.01
      vertex 1.5421239089969847 11.623119144188552 -2.01
    endloop
  endfacet
  facet normal 0 0 -1
    outer loop
      vertex -1.4800960763250368 11.942996092095543 -2.01
      vertex 1.4800960749570298 11.942996091556337 -2.01
      vertex 1.517076814109198 11.770959422954704 -2.01
    endloop
  endfacet
  facet normal 0 0 -1
    outer loop
      vertex -1.4281069558268669 12.140896260693866 -2.01
      vertex 1.4281069578730479 12.140896258732564 -2.01
      vertex 1.4800960749570298 11.942996091556337 -2.01
    endloop
  endfacet
  facet normal 0 0 -1
    outer loop
      vertex -1.4281069558268669 12.140896260693866 -2.01
      vertex 1.3574374484364613 12.36654068124781 -2.01
      vertex 1.4281069578730479 12.140896258732564 -2.01
    endloop
  endfacet
  facet normal 0 0 -1
    outer loop
      vertex -1.2636577160829374 12.622021439729945 -2.01
      vertex 1.1413761265983622 12.909626925455262 -2.01
      vertex 1.2636577218128955 12.622021437483435 -2.01
    endloop
  endfacet
  facet normal 0 0 -1
    outer loop
      vertex -1.1413761245799858 12.909626922128934 -2.01
      vertex 0.9839781533994242 13.231805639036676 -2.01
      vertex 1.1413761265983622 12.909626925455262 -2.01
    endloop
  endfacet
  facet normal 0 0 -1
    outer loop
      vertex -1.2636577160829374 12.622021439729945 -2.01
      vertex 1.2636577218128955 12.622021437483435 -2.01
      vertex 1.3574374484364613 12.36654068124781 -2.01
    endloop
  endfacet
  facet normal 0 0 -1
    outer loop
      vertex -0.983978155139712 13.231805642433887 -2.01
      vertex 0.7832899608201025 13.591095393258387 -2.01
      vertex 0.9839781533994242 13.231805639036676 -2.01
    endloop
  endfacet
  facet normal 0 0 -1
    outer loop
      vertex -0.529142430285461 13.9899967205676 -2.01
      vertex 0.5291424332497332 13.989996719562551 -2.01
      vertex 0.7832899608201025 13.591095393258387 -2.01
    endloop
  endfacet
  facet normal 0 0 -1
    outer loop
      vertex 3.6869487459944263 7.959593199313643 -2.01
      vertex 3.6201227167478773 8.950652904201275 -2.01
      vertex 4.449371644327583 7.559881410067097 -2.01
    endloop
  endfacet
  facet normal 0 0 -1
    outer loop
      vertex 4.449371644327583 7.559881410067097 -2.01
      vertex 5.942226494553568 7.611463096407785 -2.01
      vertex 5.168944662562453 7.087363833681329 -2.01
    endloop
  endfacet
  facet normal 0 0 -1
    outer loop
      vertex 4.449371644327583 7.559881410067097 -2.01
      vertex 3.6201227167478773 8.950652904201275 -2.01
      vertex 5.942226494553568 7.611463096407785 -2.01
    endloop
  endfacet
  facet normal 0 0 -1
    outer loop
      vertex 3.6201227167478773 8.950652904201275 -2.01
      vertex 4.22801994553347 10.453661910159065 -2.01
      vertex 5.942226494553568 7.611463096407785 -2.01
    endloop
  endfacet
  facet normal 0 0 -1
    outer loop
      vertex 4.231562674233388 10.461795522128813 -2.01
      vertex 6.944399354442256 8.895538536642677 -2.01
      vertex 4.22801994553347 10.453661910159065 -2.01
    endloop
  endfacet
  facet normal 0 0 -1
    outer loop
      vertex 4.231562674233388 10.461795522128813 -2.01
      vertex 4.243094296370471 10.485906205298969 -2.01
      vertex 6.9595139980788465 8.917580558255546 -2.01
    endloop
  endfacet
  facet normal 0 0 -1
    outer loop
      vertex 4.243094296370471 10.485906205298969 -2.01
      vertex 4.264043091534178 10.52564242192924 -2.01
      vertex 6.983452183709321 8.95559085563742 -2.01
    endloop
  endfacet
  facet normal 0 0 -1
    outer loop
      vertex 6.983452183709321 8.95559085563742 -2.01
      vertex 4.264043091534178 10.52564242192924 -2.01
      vertex 4.29596659838338 10.580752679245595 -2.01
    endloop
  endfacet
  facet normal 0 0 -1
    outer loop
      vertex 4.29596659838338 10.580752679245595 -2.01
      vertex 4.340594616522904 10.651070218131146 -2.01
      vertex 7.0538000735147435 9.084600315786718 -2.01
    endloop
  endfacet
  facet normal 0 0 -1
    outer loop
      vertex 5.838737913996498 6.546591063774667 -2.01
      vertex 5.168944662562453 7.087363833681329 -2.01
      vertex 5.942226494553568 7.611463096407785 -2.01
    endloop
  endfacet
  facet normal 0 0 -1
    outer loop
      vertex 5.838737913996498 6.546591063774667 -2.01
      vertex 5.942226494553568 7.611463096407785 -2.01
      vertex 6.434207150238592 7.214251369843425 -2.01
    endloop
  endfacet
  facet normal 0 0 -1
    outer loop
      vertex 4.22801994553347 10.453661910159065 -2.01
      vertex 6.939126802053124 8.88840363380045 -2.01
      vertex 5.942226494553568 7.611463096407785 -2.01
    endloop
  endfacet
  facet normal 0 0 -1
    outer loop
      vertex 4.22801994553347 10.453661910159065 -2.01
      vertex 6.944399354442256 8.895538536642677 -2.01
      vertex 6.939126802053124 8.88840363380045 -2.01
    endloop
  endfacet
  facet normal 0 0 -1
    outer loop
      vertex 4.231562674233388 10.461795522128813 -2.01
      vertex 6.9595139980788465 8.917580558255546 -2.01
      vertex 6.944399354442256 8.895538536642677 -2.01
    endloop
  endfacet
  facet normal 0 0 -1
    outer loop
      vertex 4.243094296370471 10.485906205298969 -2.01
      vertex 6.983452183709321 8.95559085563742 -2.01
      vertex 6.9595139980788465 8.917580558255546 -2.01
    endloop
  endfacet
  facet normal 0 0 -1
    outer loop
      vertex 6.983452183709321 8.95559085563742 -2.01
      vertex 4.29596659838338 10.580752679245595 -2.01
      vertex 7.015217310682609 9.0107925429388 -2.01
    endloop
  endfacet
  facet normal 0 0 -1
    outer loop
      vertex 4.340594616522904 10.651070218131146 -2.01
      vertex 4.399877406485285 10.736495980126906 -2.01
      vertex 7.0538000735147435 9.084600315786718 -2.01
    endloop
  endfacet
  facet normal 0 0 -1
    outer loop
      vertex 4.399877406485285 10.736495980126906 -2.01
      vertex 4.476041089401646 10.836978406058565 -2.01
      vertex 7.098139562336474 9.178653597379911 -2.01
    endloop
  endfacet
  facet normal 0 0 -1
    outer loop
      vertex 4.476041089401646 10.836978406058565 -2.01
      vertex 4.571652646042648 10.952488292962704 -2.01
      vertex 7.1993067690150205 9.435411483650705 -2.01
    endloop
  endfacet
  facet normal 0 0 -1
    outer loop
      vertex 4.571652646042648 10.952488292962704 -2.01
      vertex 4.689697242820243 11.082986054924943 -2.01
      vertex 7.1993067690150205 9.435411483650705 -2.01
    endloop
  endfacet
  facet normal 0 0 -1
    outer loop
      vertex 4.29596659838338 10.580752679245595 -2.01
      vertex 7.0538000735147435 9.084600315786718 -2.01
      vertex 7.015217310682609 9.0107925429388 -2.01
    endloop
  endfacet
  facet normal 0 0 -1
    outer loop
      vertex 4.399877406485285 10.736495980126906 -2.01
      vertex 7.098139562336474 9.178653597379911 -2.01
      vertex 7.0538000735147435 9.084600315786718 -2.01
    endloop
  endfacet
  facet normal 0 0 -1
    outer loop
      vertex 4.476041089401646 10.836978406058565 -2.01
      vertex 7.147078055995113 9.294854495883719 -2.01
      vertex 7.098139562336474 9.178653597379911 -2.01
    endloop
  endfacet
  facet normal 0 0 -1
    outer loop
      vertex 4.476041089401646 10.836978406058565 -2.01
      vertex 7.1993067690150205 9.435411483650705 -2.01
      vertex 7.147078055995113 9.294854495883719 -2.01
    endloop
  endfacet
  facet normal 0 0 -1
    outer loop
      vertex 4.689697242820243 11.082986054924943 -2.01
      vertex 7.2532988498685445 9.602889971776694 -2.01
      vertex 7.1993067690150205 9.435411483650705 -2.01
    endloop
  endfacet
  facet normal 0 0 -1
    outer loop
      vertex 4.689697242820243 11.082986054924943 -2.01
      vertex 7.307225031974913 9.800271109189435 -2.01
      vertex 7.2532988498685445 9.602889971776694 -2.01
    endloop
  endfacet
  facet normal 0 0 -1
    outer loop
      vertex 5.0076950223782415 11.388457112356983 -2.01
      vertex 7.358845655261466 10.031019664247927 -2.01
      vertex 7.307225031974913 9.800271109189435 -2.01
    endloop
  endfacet
  facet normal 0 0 -1
    outer loop
      vertex 4.689697242820243 11.082986054924943 -2.01
      vertex 4.833671226281223 11.228378068085975 -2.01
      vertex 7.307225031974913 9.800271109189435 -2.01
    endloop
  endfacet
  facet normal 0 0 -1
    outer loop
      vertex 4.833671226281223 11.228378068085975 -2.01
      vertex 5.0076950223782415 11.388457112356983 -2.01
      vertex 7.307225031974913 9.800271109189435 -2.01
    endloop
  endfacet
  facet normal 0 0 -1
    outer loop
      vertex 5.0076950223782415 11.388457112356983 -2.01
      vertex 5.216651038324863 11.562820071244577 -2.01
      vertex 7.358845655261466 10.031019664247927 -2.01
    endloop
  endfacet
  facet normal 0 0 -1
    outer loop
      vertex 5.216651038324863 11.562820071244577 -2.01
      vertex 5.466352739396885 11.750752928820258 -2.01
      vertex 7.443274180637568 10.609376810862738 -2.01
    endloop
  endfacet
  facet normal 0 0 -1
    outer loop
      vertex 5.216651038324863 11.562820071244577 -2.01
      vertex 7.405370409289919 10.299162351619108 -2.01
      vertex 7.358845655261466 10.031019664247927 -2.01
    endloop
  endfacet
  facet normal 0 0 -1
    outer loop
      vertex 5.216651038324863 11.562820071244577 -2.01
      vertex 7.443274180637568 10.609376810862738 -2.01
      vertex 7.405370409289919 10.299162351619108 -2.01
    endloop
  endfacet
  facet normal 0 0 -1
    outer loop
      vertex 5.466352739396885 11.750752928820258 -2.01
      vertex 7.46805289618605 10.967090748526687 -2.01
      vertex 7.443274180637568 10.609376810862738 -2.01
    endloop
  endfacet
  facet normal 0 0 -1
    outer loop
      vertex 5.466352739396885 11.750752928820258 -2.01
      vertex 5.763752741548819 11.951068904161865 -2.01
      vertex 7.46805289618605 10.967090748526687 -2.01
    endloop
  endfacet
  facet normal 0 0 -1
    outer loop
      vertex 5.763752741548819 11.951068904161865 -2.01
      vertex 6.117198686670332 12.161878858342725 -2.01
      vertex 7.46805289618605 10.967090748526687 -2.01
    endloop
  endfacet
  facet normal 0 0 -1
    outer loop
      vertex 6.117198686670332 12.161878858342725 -2.01
      vertex 6.536747571682665 12.380263776401227 -2.01
      vertex 7.453249146967757 11.851121338356107 -2.01
    endloop
  endfacet
  facet normal 0.990319112448131 -0.13880942158205994 0
    outer loop
      vertex 1.3418244082818425 9.573084751205782 -2.01
      vertex 1.5652582699129267 11.167146746562093 -2.01
      vertex 1.3418244082818425 9.573084751205782 2.01
    endloop
  endfacet
  facet normal 0.18723486933344316 0.9823151753412387 0
    outer loop
      vertex 1.3418244082818425 9.573084751205782 -2.01
      vertex 2.2736895481999495 9.395465946071933 2.01
      vertex 2.2736895481999495 9.395465946071933 -2.01
    endloop
  endfacet
  facet normal 0.2826170179545272 0.9592328294853604 0
    outer loop
      vertex 2.2736895481999495 9.395465946071933 -2.01
      vertex 3.183657812202251 9.12736365713801 2.01
      vertex 3.183657812202251 9.12736365713801 -2.01
    endloop
  endfacet
  facet normal 0.37527739966300383 0.9269125488966983 0
    outer loop
      vertex 3.183657812202251 9.12736365713801 -2.01
      vertex 3.6201227167478773 8.950652904201275 2.01
      vertex 3.6201227167478773 8.950652904201275 -2.01
    endloop
  endfacet
  facet normal 0.993643391748923 -0.1125735760900224 0
    outer loop
      vertex 1.5652582699129267 11.167146746562093 -2.01
      vertex 1.5662569863626932 11.1759620301749 -2.01
      vertex 1.5652582699129267 11.167146746562093 2.01
    endloop
  endfacet
  facet normal 0.9970000388262786 -0.07740105025384826 0
    outer loop
      vertex 1.5662569863626932 11.1759620301749 -2.01
      vertex 1.5683256417979137 11.202608303610065 -2.01
      vertex 1.5662569863626932 11.1759620301749 2.01
    endloop
  endfacet
  facet normal 0.9992616000848207 -0.03842205871532568 0
    outer loop
      vertex 1.5683256417979137 11.202608303610065 -2.01
      vertex 1.5700515661485368 11.247495277028309 -2.01
      vertex 1.5683256417979137 11.202608303610065 2.01
    endloop
  endfacet
  facet normal 0.9999989694787259 0.0014356327825420085 0
    outer loop
      vertex 1.5700515661485368 11.247495277028309 -2.01
      vertex 1.5699601325706627 11.311183906015986 -2.01
      vertex 1.5700515661485368 11.247495277028309 2.01
    endloop
  endfacet
  facet normal 0.9991214900000812 0.041907615298625966 0
    outer loop
      vertex 1.5699601325706627 11.311183906015986 -2.01
      vertex 1.56646990062192 11.394394695277668 -2.01
      vertex 1.5699601325706627 11.311183906015986 2.01
    endloop
  endfacet
  facet normal 0.9965518590754241 0.08297223736477195 0
    outer loop
      vertex 1.56646990062192 11.394394695277668 -2.01
      vertex 1.5578423799891665 11.498016967001927 -2.01
      vertex 1.56646990062192 11.394394695277668 2.01
    endloop
  endfacet
  facet normal 0.9921989035235855 0.12466489420279682 0
    outer loop
      vertex 1.5578423799891665 11.498016967001927 -2.01
      vertex 1.5421239089969847 11.623119144188552 -2.01
      vertex 1.5578423799891665 11.498016967001927 2.01
    endloop
  endfacet
  facet normal 0.9859501797463798 0.1670396451686885 0
    outer loop
      vertex 1.517076814109198 11.770959422954704 -2.01
      vertex 1.5421239089969847 11.623119144188552 2.01
      vertex 1.5421239089969847 11.623119144188552 -2.01
    endloop
  endfacet
  facet normal 0.977667457039684 0.21015790122086175 0
    outer loop
      vertex 1.517076814109198 11.770959422954704 -2.01
      vertex 1.4800960749570298 11.942996091556337 -2.01
      vertex 1.517076814109198 11.770959422954704 2.01
    endloop
  endfacet
  facet normal 0.9671825520862157 0.25408248845600234 0
    outer loop
      vertex 1.4800960749570298 11.942996091556337 -2.01
      vertex 1.4281069578730479 12.140896258732564 -2.01
      vertex 1.4800960749570298 11.942996091556337 2.01
    endloop
  endfacet
  facet normal 0.9542924082385651 0.29887455491935033 0
    outer loop
      vertex 1.4281069578730479 12.140896258732564 -2.01
      vertex 1.3574374484364613 12.36654068124781 -2.01
      vertex 1.4281069578730479 12.140896258732564 2.01
    endloop
  endfacet
  facet normal 9.49695609857433e-10 1 0
    outer loop
      vertex -0.529142430285461 13.9899967205676 -2.01
      vertex 0.5291424332497332 13.989996719562551 2.01
      vertex 0.5291424332497332 13.989996719562551 -2.01
    endloop
  endfacet
  facet normal 0.8433729011923603 0.537328716461703 0
    outer loop
      vertex 0.5291424332497332 13.989996719562551 -2.01
      vertex 0.7832899608201025 13.591095393258387 2.01
      vertex 0.7832899608201025 13.591095393258387 -2.01
    endloop
  endfacet
  facet normal 0.8985071550004317 0.4389588732592501 0
    outer loop
      vertex 1.1413761265983622 12.909626925455262 -2.01
      vertex 0.9839781533994242 13.231805639036676 -2.01
      vertex 1.1413761265983622 12.909626925455262 2.01
    endloop
  endfacet
  facet normal 0.9202741652448169 0.39127415041496844 0
    outer loop
      vertex 1.2636577218128955 12.622021437483435 -2.01
      vertex 1.1413761265983622 12.909626925455262 -2.01
      vertex 1.2636577218128955 12.622021437483435 2.01
    endloop
  endfacet
  facet normal 0.9387533964554062 0.3445896989804522 0
    outer loop
      vertex 1.2636577218128955 12.622021437483435 -2.01
      vertex 1.3574374484364613 12.36654068124781 2.01
      vertex 1.3574374484364613 12.36654068124781 -2.01
    endloop
  endfacet
  facet normal 0.8730380169728528 0.4876521515589866 0
    outer loop
      vertex 0.7832899608201025 13.591095393258387 -2.01
      vertex 0.9839781533994242 13.231805639036676 2.01
      vertex 0.9839781533994242 13.231805639036676 -2.01
    endloop
  endfacet
  facet normal -0.9270462191305618 0.3749470730592925 0
    outer loop
      vertex 3.6201227167478773 8.950652904201275 -2.01
      vertex 4.22801994553347 10.453661910159065 2.01
      vertex 4.22801994553347 10.453661910159065 -2.01
    endloop
  endfacet
  facet normal -0.916807073945136 0.3993304260435933 0
    outer loop
      vertex 4.231562674233388 10.461795522128813 -2.01
      vertex 4.22801994553347 10.453661910159065 -2.01
      vertex 4.231562674233388 10.461795522128813 2.01
    endloop
  endfacet
  facet normal -0.9021280198453074 0.4314684644443724 0
    outer loop
      vertex 4.231562674233388 10.461795522128813 -2.01
      vertex 4.243094296370471 10.485906205298969 2.01
      vertex 4.243094296370471 10.485906205298969 -2.01
    endloop
  endfacet
  facet normal 0.628186576441038 0.7780627385881476 0
    outer loop
      vertex 5.942226494553568 7.611463096407785 -2.01
      vertex 6.434207150238592 7.214251369843425 2.01
      vertex 6.434207150238592 7.214251369843425 -2.01
    endloop
  endfacet
  facet normal 0.788236797965938 -0.6153720422089429 0
    outer loop
      vertex 5.942226494553568 7.611463096407785 -2.01
      vertex 6.939126802053124 8.88840363380045 -2.01
      vertex 5.942226494553568 7.611463096407785 2.01
    endloop
  endfacet
  facet normal 0.8042338661333596 -0.5943129550701293 0
    outer loop
      vertex 6.939126802053124 8.88840363380045 -2.01
      vertex 6.944399354442256 8.895538536642677 -2.01
      vertex 6.939126802053124 8.88840363380045 2.01
    endloop
  endfacet
  facet normal 0.8247268531486608 -0.5655312703074052 0
    outer loop
      vertex 6.944399354442256 8.895538536642677 -2.01
      vertex 6.9595139980788465 8.917580558255546 -2.01
      vertex 6.944399354442256 8.895538536642677 2.01
    endloop
  endfacet
  facet normal 0.8461748570358255 -0.5329053493073609 0
    outer loop
      vertex 6.9595139980788465 8.917580558255546 -2.01
      vertex 6.983452183709321 8.95559085563742 -2.01
      vertex 6.9595139980788465 8.917580558255546 2.01
    endloop
  endfacet
  facet normal 0.8667423524828116 -0.4987561472428805 0
    outer loop
      vertex 6.983452183709321 8.95559085563742 -2.01
      vertex 7.015217310682609 9.0107925429388 -2.01
      vertex 6.983452183709321 8.95559085563742 2.01
    endloop
  endfacet
  facet normal -0.884596911102677 0.4663564139878454 0
    outer loop
      vertex 4.243094296370471 10.485906205298969 -2.01
      vertex 4.264043091534178 10.52564242192924 2.01
      vertex 4.264043091534178 10.52564242192924 -2.01
    endloop
  endfacet
  facet normal -0.8653066503683242 0.5012428561369734 0
    outer loop
      vertex 4.264043091534178 10.52564242192924 -2.01
      vertex 4.29596659838338 10.580752679245595 2.01
      vertex 4.29596659838338 10.580752679245595 -2.01
    endloop
  endfacet
  facet normal -0.844310808229765 0.5358537665318784 0
    outer loop
      vertex 4.29596659838338 10.580752679245595 -2.01
      vertex 4.340594616522904 10.651070218131146 2.01
      vertex 4.340594616522904 10.651070218131146 -2.01
    endloop
  endfacet
  facet normal -0.8215531063143938 0.5701319965632261 0
    outer loop
      vertex 4.340594616522904 10.651070218131146 -2.01
      vertex 4.399877406485285 10.736495980126906 2.01
      vertex 4.399877406485285 10.736495980126906 -2.01
    endloop
  endfacet
  facet normal -0.7969370062261963 0.6040624207043738 0
    outer loop
      vertex 4.399877406485285 10.736495980126906 -2.01
      vertex 4.476041089401646 10.836978406058565 2.01
      vertex 4.476041089401646 10.836978406058565 -2.01
    endloop
  endfacet
  facet normal -0.7703380829436516 0.6376356624018922 0
    outer loop
      vertex 4.476041089401646 10.836978406058565 -2.01
      vertex 4.571652646042648 10.952488292962704 2.01
      vertex 4.571652646042648 10.952488292962704 -2.01
    endloop
  endfacet
  facet normal -0.7416059111031421 0.6708358015318491 0
    outer loop
      vertex 4.571652646042648 10.952488292962704 -2.01
      vertex 4.689697242820243 11.082986054924943 2.01
      vertex 4.689697242820243 11.082986054924943 -2.01
    endloop
  endfacet
  facet normal -0.7105634056205306 0.70363317615996 0
    outer loop
      vertex 4.689697242820243 11.082986054924943 -2.01
      vertex 4.833671226281223 11.228378068085975 2.01
      vertex 4.833671226281223 11.228378068085975 -2.01
    endloop
  endfacet
  facet normal -0.677004195353143 0.7359791569563933 0
    outer loop
      vertex 4.833671226281223 11.228378068085975 -2.01
      vertex 5.0076950223782415 11.388457112356983 2.01
      vertex 5.0076950223782415 11.388457112356983 -2.01
    endloop
  endfacet
  facet normal -0.640689411418037 0.7678001550513058 0
    outer loop
      vertex 5.0076950223782415 11.388457112356983 -2.01
      vertex 5.216651038324863 11.562820071244577 2.01
      vertex 5.216651038324863 11.562820071244577 -2.01
    endloop
  endfacet
  facet normal -0.6013437394281866 0.7989904298866947 0
    outer loop
      vertex 5.216651038324863 11.562820071244577 -2.01
      vertex 5.466352739396885 11.750752928820258 2.01
      vertex 5.466352739396885 11.750752928820258 -2.01
    endloop
  endfacet
  facet normal -0.5586506043230108 0.8294030999999547 0
    outer loop
      vertex 5.466352739396885 11.750752928820258 -2.01
      vertex 5.763752741548819 11.951068904161865 2.01
      vertex 5.763752741548819 11.951068904161865 -2.01
    endloop
  endfacet
  facet normal -0.5122470235583297 0.8588381610382901 0
    outer loop
      vertex 5.763752741548819 11.951068904161865 -2.01
      vertex 6.117198686670332 12.161878858342725 2.01
      vertex 6.117198686670332 12.161878858342725 -2.01
    endloop
  endfacet
  facet normal -0.4617179927209958 0.8870267725371622 0
    outer loop
      vertex 6.117198686670332 12.161878858342725 -2.01
      vertex 6.536747571682665 12.380263776401227 2.01
      vertex 6.536747571682665 12.380263776401227 -2.01
    endloop
  endfacet
  facet normal 0 0 -1
    outer loop
      vertex 8.491824272299358 2.199462546171655 -2.01
      vertex 8.235348792456673 3.0212158648778136 -2.01
      vertex 9.075238655048832 3.3293374353135006 -2.01
    endloop
  endfacet
  facet normal 0 0 -1
    outer loop
      vertex 8.235348792456673 3.0212158648778136 -2.01
      vertex 7.8995623954795455 3.8138732208294464 -2.01
      vertex 8.951850645656542 3.620607158807834 -2.01
    endloop
  endfacet
  facet normal 0 0 -1
    outer loop
      vertex 8.764639445464397 -0.36029203676153543 -2.01
      vertex 8.757750109773557 0.5005277607194869 -2.01
      vertex 9.56678787626529 1.340941795260356 -2.01
    endloop
  endfacet
  facet normal 0 0 -1
    outer loop
      vertex 8.666518845958516 1.3565272009052167 -2.01
      vertex 9.56678787626529 1.340941795260356 -2.01
      vertex 8.757750109773557 0.5005277607194869 -2.01
    endloop
  endfacet
  facet normal 0 0 -1
    outer loop
      vertex 8.666518845958516 1.3565272009052167 -2.01
      vertex 9.550382003356575 1.4948739185549327 -2.01
      vertex 9.56678787626529 1.340941795260356 -2.01
    endloop
  endfacet
  facet normal 0 0 -1
    outer loop
      vertex 9.573084751205782 -1.3418244082818425 -2.01
      vertex 9.56678787626529 1.340941795260356 -2.01
      vertex 11.167146747550635 1.5652582697321133 -2.01
    endloop
  endfacet
  facet normal 0 0 -1
    outer loop
      vertex 8.666518845958516 1.3565272009052167 -2.01
      vertex 8.491824272299358 2.199462546171655 -2.01
      vertex 9.357871033903738 2.4237768218992017 -2.01
    endloop
  endfacet
  facet normal 0 0 -1
    outer loop
      vertex 8.666518845958516 1.3565272009052167 -2.01
      vertex 9.357871033903738 2.4237768218992017 -2.01
      vertex 9.550382003356575 1.4948739185549327 -2.01
    endloop
  endfacet
  facet normal 0 0 -1
    outer loop
      vertex 8.491824272299358 2.199462546171655 -2.01
      vertex 9.075238655048832 3.3293374353135006 -2.01
      vertex 9.357871033903738 2.4237768218992017 -2.01
    endloop
  endfacet
  facet normal 0 0 -1
    outer loop
      vertex 8.235348792456673 3.0212158648778136 -2.01
      vertex 8.951850645656542 3.620607158807834 -2.01
      vertex 9.075238655048832 3.3293374353135006 -2.01
    endloop
  endfacet
  facet normal 0 0 -1
    outer loop
      vertex 7.4876988977189045 4.5698008977209685 -2.01
      vertex 8.951850645656542 3.620607158807834 -2.01
      vertex 7.8995623954795455 3.8138732208294464 -2.01
    endloop
  endfacet
  facet normal 0 0 -1
    outer loop
      vertex 7.4876988977189045 4.5698008977209685 -2.01
      vertex 7.614432774893081 5.944544904446308 -2.01
      vertex 8.951850645656542 3.620607158807834 -2.01
    endloop
  endfacet
  facet normal 0 0 -1
    outer loop
      vertex 7.4876988977189045 4.5698008977209685 -2.01
      vertex 7.003724759335659 5.281718887615584 -2.01
      vertex 7.614432774893081 5.944544904446308 -2.01
    endloop
  endfacet
  facet normal 0 0 -1
    outer loop
      vertex 6.4523009332231975 5.94277104513032 -2.01
      vertex 7.614432774893081 5.944544904446308 -2.01
      vertex 7.003724759335659 5.281718887615584 -2.01
    endloop
  endfacet
  facet normal 0 0 -1
    outer loop
      vertex 6.4523009332231975 5.94277104513032 -2.01
      vertex 7.110344974104885 6.548850188323191 -2.01
      vertex 7.614432774893081 5.944544904446308 -2.01
    endloop
  endfacet
  facet normal 0 0 -1
    outer loop
      vertex 7.614432774893081 5.944544904446308 -2.01
      vertex 10.453661904747587 4.22801995188742 -2.01
      vertex 8.951850645656542 3.620607158807834 -2.01
    endloop
  endfacet
  facet normal 0 0 -1
    outer loop
      vertex 10.453661904747587 4.22801995188742 -2.01
      vertex 8.89553853213756 6.944399354029855 -2.01
      vertex 10.461795523005371 4.231562675732643 -2.01
    endloop
  endfacet
  facet normal 0 0 -1
    outer loop
      vertex 10.461795523005371 4.231562675732643 -2.01
      vertex 8.89553853213756 6.944399354029855 -2.01
      vertex 10.48590620005346 4.243094305531217 -2.01
    endloop
  endfacet
  facet normal 0 0 -1
    outer loop
      vertex 10.48590620005346 4.243094305531217 -2.01
      vertex 8.917580557325307 6.95951400520617 -2.01
      vertex 10.525642421785957 4.264043093318987 -2.01
    endloop
  endfacet
  facet normal 0 0 -1
    outer loop
      vertex 10.525642421785957 4.264043093318987 -2.01
      vertex 9.010792547338259 7.015217314918048 -2.01
      vertex 10.580752675509462 4.295966595333375 -2.01
    endloop
  endfacet
  facet normal 0 0 -1
    outer loop
      vertex 10.580752675509462 4.295966595333375 -2.01
      vertex 9.010792547338259 7.015217314918048 -2.01
      vertex 10.65107021640864 4.340594621762927 -2.01
    endloop
  endfacet
  facet normal 0 0 -1
    outer loop
      vertex 7.614432774893081 5.944544904446308 -2.01
      vertex 8.88840364042695 6.939126802017164 -2.01
      vertex 10.453661904747587 4.22801995188742 -2.01
    endloop
  endfacet
  facet normal 0 0 -1
    outer loop
      vertex 10.453661904747587 4.22801995188742 -2.01
      vertex 8.88840364042695 6.939126802017164 -2.01
      vertex 8.89553853213756 6.944399354029855 -2.01
    endloop
  endfacet
  facet normal 0 0 -1
    outer loop
      vertex 10.48590620005346 4.243094305531217 -2.01
      vertex 8.89553853213756 6.944399354029855 -2.01
      vertex 8.917580557325307 6.95951400520617 -2.01
    endloop
  endfacet
  facet normal 0 0 -1
    outer loop
      vertex 8.917580557325307 6.95951400520617 -2.01
      vertex 8.955590850967816 6.983452185575423 -2.01
      vertex 10.525642421785957 4.264043093318987 -2.01
    endloop
  endfacet
  facet normal 0 0 -1
    outer loop
      vertex 8.955590850967816 6.983452185575423 -2.01
      vertex 9.010792547338259 7.015217314918048 -2.01
      vertex 10.525642421785957 4.264043093318987 -2.01
    endloop
  endfacet
  facet normal 0 0 -1
    outer loop
      vertex 10.65107021640864 4.340594621762927 -2.01
      vertex 9.010792547338259 7.015217314918048 -2.01
      vertex 9.084600317601176 7.053800079910829 -2.01
    endloop
  endfacet
  facet normal 0 0 -1
    outer loop
      vertex 10.65107021640864 4.340594621762927 -2.01
      vertex 9.17865359884545 7.098139560047916 -2.01
      vertex 10.736495977369078 4.399877404665453 -2.01
    endloop
  endfacet
  facet normal 0 0 -1
    outer loop
      vertex 10.736495977369078 4.399877404665453 -2.01
      vertex 9.17865359884545 7.098139560047916 -2.01
      vertex 10.836978404880703 4.476041088193439 -2.01
    endloop
  endfacet
  facet normal 0 0 -1
    outer loop
      vertex 10.836978404880703 4.476041088193439 -2.01
      vertex 9.294854492757015 7.147078056475009 -2.01
      vertex 10.952488297759903 4.571652653939683 -2.01
    endloop
  endfacet
  facet normal 0 0 -1
    outer loop
      vertex 10.65107021640864 4.340594621762927 -2.01
      vertex 9.084600317601176 7.053800079910829 -2.01
      vertex 9.17865359884545 7.098139560047916 -2.01
    endloop
  endfacet
  facet normal 0 0 -1
    outer loop
      vertex 10.836978404880703 4.476041088193439 -2.01
      vertex 9.17865359884545 7.098139560047916 -2.01
      vertex 9.294854492757015 7.147078056475009 -2.01
    endloop
  endfacet
  facet normal 0 0 -1
    outer loop
      vertex 10.952488297759903 4.571652653939683 -2.01
      vertex 9.294854492757015 7.147078056475009 -2.01
      vertex 9.435411477300816 7.1993067776159965 -2.01
    endloop
  endfacet
  facet normal 0 0 -1
    outer loop
      vertex 10.952488297759903 4.571652653939683 -2.01
      vertex 9.435411477300816 7.1993067776159965 -2.01
      vertex 9.602889978599906 7.253298849275298 -2.01
    endloop
  endfacet
  facet normal 0 0 -1
    outer loop
      vertex 11.082986046733726 4.689697241687792 -2.01
      vertex 9.602889978599906 7.253298849275298 -2.01
      vertex 9.800271112259107 7.307225034412644 -2.01
    endloop
  endfacet
  facet normal 0 0 -1
    outer loop
      vertex 11.388457112684387 5.0076950259863455 -2.01
      vertex 9.800271112259107 7.307225034412644 -2.01
      vertex 10.031019660758142 7.358845655800616 -2.01
    endloop
  endfacet
  facet normal 0 0 -1
    outer loop
      vertex 11.1759620301749 -1.5662569863626932 -2.01
      vertex 11.167146747550635 1.5652582697321133 -2.01
      vertex 11.175962028263243 1.5662569899912537 -2.01
    endloop
  endfacet
  facet normal 0 0 -1
    outer loop
      vertex 11.202608303610065 -1.5683256417979137 -2.01
      vertex 11.175962028263243 1.5662569899912537 -2.01
      vertex 11.20260830157664 1.568325647973662 -2.01
    endloop
  endfacet
  facet normal 0 0 -1
    outer loop
      vertex 11.247495277028309 -1.5700515661485368 -2.01
      vertex 11.20260830157664 1.568325647973662 -2.01
      vertex 11.2474952771096 1.5700515709614224 -2.01
    endloop
  endfacet
  facet normal 0 0 -1
    outer loop
      vertex 11.247495277028309 -1.5700515661485368 -2.01
      vertex 11.2474952771096 1.5700515709614224 -2.01
      vertex 11.311183913301427 1.569960131907337 -2.01
    endloop
  endfacet
  facet normal 0 0 -1
    outer loop
      vertex 11.394394695277668 -1.56646990062192 -2.01
      vertex 11.311183913301427 1.569960131907337 -2.01
      vertex 11.394394696433732 1.5664699005299703 -2.01
    endloop
  endfacet
  facet normal 0 0 -1
    outer loop
      vertex 11.498016967001927 -1.5578423799891665 -2.01
      vertex 11.394394696433732 1.5664699005299703 -2.01
      vertex 11.498016966533202 1.5578423812814544 -2.01
    endloop
  endfacet
  facet normal 0 0 -1
    outer loop
      vertex 11.623119144188552 -1.5421239089969847 -2.01
      vertex 11.498016966533202 1.5578423812814544 -2.01
      vertex 11.623119145876654 1.54212391330155 -2.01
    endloop
  endfacet
  facet normal 0 0 -1
    outer loop
      vertex 11.623119144188552 -1.5421239089969847 -2.01
      vertex 11.623119145876654 1.54212391330155 -2.01
      vertex 11.770959423658644 1.5170768156618863 -2.01
    endloop
  endfacet
  facet normal 0 0 -1
    outer loop
      vertex 11.770959422954704 -1.517076814109198 -2.01
      vertex 11.770959423658644 1.5170768156618863 -2.01
      vertex 11.942996092095543 1.4800960763250368 -2.01
    endloop
  endfacet
  facet normal 0 0 -1
    outer loop
      vertex 11.942996091556337 -1.4800960749570298 -2.01
      vertex 11.942996092095543 1.4800960763250368 -2.01
      vertex 12.140896260693866 1.4281069558268669 -2.01
    endloop
  endfacet
  facet normal 0 0 -1
    outer loop
      vertex 12.36654068124781 -1.3574374484364613 -2.01
      vertex 12.36654067817886 1.3574374515988403 -2.01
      vertex 12.622021439729945 1.2636577160829374 -2.01
    endloop
  endfacet
  facet normal 0 0 -1
    outer loop
      vertex 12.36654068124781 -1.3574374484364613 -2.01
      vertex 12.140896260693866 1.4281069558268669 -2.01
      vertex 12.36654067817886 1.3574374515988403 -2.01
    endloop
  endfacet
  facet normal 0 0 -1
    outer loop
      vertex 12.909626925455262 -1.1413761265983622 -2.01
      vertex 12.622021439729945 1.2636577160829374 -2.01
      vertex 12.909626922128934 1.1413761245799858 -2.01
    endloop
  endfacet
  facet normal 0 0 -1
    outer loop
      vertex 13.231805639036676 -0.9839781533994242 -2.01
      vertex 12.909626922128934 1.1413761245799858 -2.01
      vertex 13.231805642433887 0.983978155139712 -2.01
    endloop
  endfacet
  facet normal 0 0 -1
    outer loop
      vertex 13.591095393258387 -0.7832899608201025 -2.01
      vertex 13.231805642433887 0.983978155139712 -2.01
      vertex 13.591095396513897 0.7832899655474392 -2.01
    endloop
  endfacet
  facet normal 0 0 -1
    outer loop
      vertex 13.591095393258387 -0.7832899608201025 -2.01
      vertex 13.591095396513897 0.7832899655474392 -2.01
      vertex 13.9899967205676 0.529142430285461 -2.01
    endloop
  endfacet
  facet normal 0 0 -1
    outer loop
      vertex 10.952488297759903 4.571652653939683 -2.01
      vertex 9.602889978599906 7.253298849275298 -2.01
      vertex 11.082986046733726 4.689697241687792 -2.01
    endloop
  endfacet
  facet normal 0 0 -1
    outer loop
      vertex 11.082986046733726 4.689697241687792 -2.01
      vertex 9.800271112259107 7.307225034412644 -2.01
      vertex 11.228378067062483 4.83367122675765 -2.01
    endloop
  endfacet
  facet normal 0 0 -1
    outer loop
      vertex 11.228378067062483 4.83367122675765 -2.01
      vertex 9.800271112259107 7.307225034412644 -2.01
      vertex 11.388457112684387 5.0076950259863455 -2.01
    endloop
  endfacet
  facet normal 0 0 -1
    outer loop
      vertex 11.388457112684387 5.0076950259863455 -2.01
      vertex 10.29916235516164 7.405370401405083 -2.01
      vertex 11.562820073432004 5.216651028193515 -2.01
    endloop
  endfacet
  facet normal 0 0 -1
    outer loop
      vertex 11.562820073432004 5.216651028193515 -2.01
      vertex 10.29916235516164 7.405370401405083 -2.01
      vertex 11.7507529374611 5.466352744817694 -2.01
    endloop
  endfacet
  facet normal 0 0 -1
    outer loop
      vertex 11.388457112684387 5.0076950259863455 -2.01
      vertex 10.031019660758142 7.358845655800616 -2.01
      vertex 10.29916235516164 7.405370401405083 -2.01
    endloop
  endfacet
  facet normal 0 0 -1
    outer loop
      vertex 11.7507529374611 5.466352744817694 -2.01
      vertex 10.29916235516164 7.405370401405083 -2.01
      vertex 10.609376804240272 7.443274182732051 -2.01
    endloop
  endfacet
  facet normal 0 0 -1
    outer loop
      vertex 11.95106890192611 5.763752742850626 -2.01
      vertex 10.609376804240272 7.443274182732051 -2.01
      vertex 10.967090749022153 7.46805290088507 -2.01
    endloop
  endfacet
  facet normal 0 0 -1
    outer loop
      vertex 11.7507529374611 5.466352744817694 -2.01
      vertex 10.609376804240272 7.443274182732051 -2.01
      vertex 11.95106890192611 5.763752742850626 -2.01
    endloop
  endfacet
  facet normal 0 0 -1
    outer loop
      vertex 11.95106890192611 5.763752742850626 -2.01
      vertex 10.967090749022153 7.46805290088507 -2.01
      vertex 12.161878858326373 6.117198689298046 -2.01
    endloop
  endfacet
  facet normal 0 0 -1
    outer loop
      vertex 12.161878858326373 6.117198689298046 -2.01
      vertex 11.378588892795285 7.473896709843564 -2.01
      vertex 12.38026377160584 6.536747572594793 -2.01
    endloop
  endfacet
  facet normal 0.9943684307285947 0.10597841275633414 0
    outer loop
      vertex 9.56678787626529 1.340941795260356 -2.01
      vertex 9.550382003356575 1.4948739185549327 -2.01
      vertex 9.56678787626529 1.340941795260356 2.01
    endloop
  endfacet
  facet normal 0.9791925678550603 0.20293327735345285 0
    outer loop
      vertex 9.550382003356575 1.4948739185549327 -2.01
      vertex 9.357871033903738 2.4237768218992017 -2.01
      vertex 9.550382003356575 1.4948739185549327 2.01
    endloop
  endfacet
  facet normal 0.9207873358553506 0.3900649716757528 0
    outer loop
      vertex 9.075238655048832 3.3293374353135006 -2.01
      vertex 8.951850645656542 3.620607158807834 -2.01
      vertex 9.075238655048832 3.3293374353135006 2.01
    endloop
  endfacet
  facet normal 0.9545865502186189 0.29793374790667154 0
    outer loop
      vertex 9.357871033903738 2.4237768218992017 -2.01
      vertex 9.075238655048832 3.3293374353135006 -2.01
      vertex 9.357871033903738 2.4237768218992017 2.01
    endloop
  endfacet
  facet normal 0.7679086734086868 0.6405593409698362 0
    outer loop
      vertex 7.614432774893081 5.944544904446308 -2.01
      vertex 7.110344974104885 6.548850188323191 -2.01
      vertex 7.614432774893081 5.944544904446308 2.01
    endloop
  endfacet
  facet normal -0.6153720407545523 0.7882367991013726 0
    outer loop
      vertex 7.614432774893081 5.944544904446308 -2.01
      vertex 8.88840364042695 6.939126802017164 2.01
      vertex 8.88840364042695 6.939126802017164 -2.01
    endloop
  endfacet
  facet normal 0.3749470715670227 -0.9270462197341155 0
    outer loop
      vertex 8.951850645656542 3.620607158807834 -2.01
      vertex 10.453661904747587 4.22801995188742 -2.01
      vertex 8.951850645656542 3.620607158807834 2.01
    endloop
  endfacet
  facet normal 0.39932970660247447 -0.9168073873092327 0
    outer loop
      vertex 10.453661904747587 4.22801995188742 -2.01
      vertex 10.461795523005371 4.231562675732643 -2.01
      vertex 10.453661904747587 4.22801995188742 2.01
    endloop
  endfacet
  facet normal 0.43146878690167656 -0.9021278656208307 0
    outer loop
      vertex 10.461795523005371 4.231562675732643 -2.01
      vertex 10.48590620005346 4.243094305531217 -2.01
      vertex 10.461795523005371 4.231562675732643 2.01
    endloop
  endfacet
  facet normal -0.5943135273482336 0.8042334432308199 0
    outer loop
      vertex 8.88840364042695 6.939126802017164 -2.01
      vertex 8.89553853213756 6.944399354029855 2.01
      vertex 8.89553853213756 6.944399354029855 -2.01
    endloop
  endfacet
  facet normal -0.5655313998035357 0.8247267643506263 0
    outer loop
      vertex 8.89553853213756 6.944399354029855 -2.01
      vertex 8.917580557325307 6.95951400520617 2.01
      vertex 8.917580557325307 6.95951400520617 -2.01
    endloop
  endfacet
  facet normal -0.5329053029828921 0.8461748862101216 0
    outer loop
      vertex 8.917580557325307 6.95951400520617 -2.01
      vertex 8.955590850967816 6.983452185575423 2.01
      vertex 8.955590850967816 6.983452185575423 -2.01
    endloop
  endfacet
  facet normal -0.13880942321187156 0.9903191122196862 0
    outer loop
      vertex 9.56678787626529 1.340941795260356 -2.01
      vertex 11.167146747550635 1.5652582697321133 2.01
      vertex 11.167146747550635 1.5652582697321133 -2.01
    endloop
  endfacet
  facet normal -0.11257403660157506 0.9936433395757389 0
    outer loop
      vertex 11.167146747550635 1.5652582697321133 -2.01
      vertex 11.175962028263243 1.5662569899912537 2.01
      vertex 11.175962028263243 1.5662569899912537 -2.01
    endloop
  endfacet
  facet normal -0.0774011453403361 0.9970000314443346 0
    outer loop
      vertex 11.20260830157664 1.568325647973662 -2.01
      vertex 11.175962028263243 1.5662569899912537 -2.01
      vertex 11.20260830157664 1.568325647973662 2.01
    endloop
  endfacet
  facet normal -0.03842202661296886 0.9992616013191702 0
    outer loop
      vertex 11.20260830157664 1.568325647973662 -2.01
      vertex 11.2474952771096 1.5700515709614224 2.01
      vertex 11.2474952771096 1.5700515709614224 -2.01
    endloop
  endfacet
  facet normal 0.0014357186040034999 0.999998969355514 0
    outer loop
      vertex 11.2474952771096 1.5700515709614224 -2.01
      vertex 11.311183913301427 1.569960131907337 2.01
      vertex 11.311183913301427 1.569960131907337 -2.01
    endloop
  endfacet
  facet normal 0.041907611531628704 0.9991214901580859 0
    outer loop
      vertex 11.311183913301427 1.569960131907337 -2.01
      vertex 11.394394696433732 1.5664699005299703 2.01
      vertex 11.394394696433732 1.5664699005299703 -2.01
    endloop
  endfacet
  facet normal 0.08297222543602827 0.9965518600686032 0
    outer loop
      vertex 11.394394696433732 1.5664699005299703 -2.01
      vertex 11.498016966533202 1.5578423812814544 2.01
      vertex 11.498016966533202 1.5578423812814544 -2.01
    endloop
  endfacet
  facet normal 0.12466486856750564 0.9921989067445331 0
    outer loop
      vertex 11.498016966533202 1.5578423812814544 -2.01
      vertex 11.623119145876654 1.54212391330155 2.01
      vertex 11.623119145876654 1.54212391330155 -2.01
    endloop
  endfacet
  facet normal 0.16703966408989168 0.98595017654075 0
    outer loop
      vertex 11.770959423658644 1.5170768156618863 -2.01
      vertex 11.623119145876654 1.54212391330155 -2.01
      vertex 11.770959423658644 1.5170768156618863 2.01
    endloop
  endfacet
  facet normal 0.21015790241638327 0.9776674567826966 0
    outer loop
      vertex 11.770959423658644 1.5170768156618863 -2.01
      vertex 11.942996092095543 1.4800960763250368 2.01
      vertex 11.942996092095543 1.4800960763250368 -2.01
    endloop
  endfacet
  facet normal 0.2540825023567514 0.9671825484344366 0
    outer loop
      vertex 11.942996092095543 1.4800960763250368 -2.01
      vertex 12.140896260693866 1.4281069558268669 2.01
      vertex 12.140896260693866 1.4281069558268669 -2.01
    endloop
  endfacet
  facet normal 0.3445897214570095 0.9387533882049004 0
    outer loop
      vertex 12.622021439729945 1.2636577160829374 -2.01
      vertex 12.36654067817886 1.3574374515988403 -2.01
      vertex 12.622021439729945 1.2636577160829374 2.01
    endloop
  endfacet
  facet normal 0.29887454092665033 0.9542924126209346 0
    outer loop
      vertex 12.140896260693866 1.4281069558268669 -2.01
      vertex 12.36654067817886 1.3574374515988403 2.01
      vertex 12.36654067817886 1.3574374515988403 -2.01
    endloop
  endfacet
  facet normal 0.39127414677780886 0.9202741667912328 0
    outer loop
      vertex 12.622021439729945 1.2636577160829374 -2.01
      vertex 12.909626922128934 1.1413761245799858 2.01
      vertex 12.909626922128934 1.1413761245799858 -2.01
    endloop
  endfacet
  facet normal 0.4876521461733889 0.8730380199810819 0
    outer loop
      vertex 13.591095396513897 0.7832899655474392 -2.01
      vertex 13.231805642433887 0.983978155139712 -2.01
      vertex 13.591095396513897 0.7832899655474392 2.01
    endloop
  endfacet
  facet normal 0.5373287301846159 0.8433728924492346 0
    outer loop
      vertex 13.591095396513897 0.7832899655474392 -2.01
      vertex 13.9899967205676 0.529142430285461 2.01
      vertex 13.9899967205676 0.529142430285461 -2.01
    endloop
  endfacet
  facet normal 0.4389588574011914 0.898507162747766 0
    outer loop
      vertex 12.909626922128934 1.1413761245799858 -2.01
      vertex 13.231805642433887 0.983978155139712 2.01
      vertex 13.231805642433887 0.983978155139712 -2.01
    endloop
  endfacet
  facet normal 0.46635623864074977 -0.8845970035450337 0
    outer loop
      vertex 10.48590620005346 4.243094305531217 -2.01
      vertex 10.525642421785957 4.264043093318987 -2.01
      vertex 10.48590620005346 4.243094305531217 2.01
    endloop
  endfacet
  facet normal 0.5012428237643265 -0.8653066691207023 0
    outer loop
      vertex 10.525642421785957 4.264043093318987 -2.01
      vertex 10.580752675509462 4.295966595333375 -2.01
      vertex 10.525642421785957 4.264043093318987 2.01
    endloop
  endfacet
  facet normal 0.535853826550829 -0.8443107701378884 0
    outer loop
      vertex 10.580752675509462 4.295966595333375 -2.01
      vertex 10.65107021640864 4.340594621762927 -2.01
      vertex 10.580752675509462 4.295966595333375 2.01
    endloop
  endfacet
  facet normal 0.5701319554007546 -0.8215531348798517 0
    outer loop
      vertex 10.65107021640864 4.340594621762927 -2.01
      vertex 10.736495977369078 4.399877404665453 -2.01
      vertex 10.65107021640864 4.340594621762927 2.01
    endloop
  endfacet
  facet normal 0.6040624177528329 -0.7969370084634054 0
    outer loop
      vertex 10.736495977369078 4.399877404665453 -2.01
      vertex 10.836978404880703 4.476041088193439 -2.01
      vertex 10.736495977369078 4.399877404665453 2.01
    endloop
  endfacet
  facet normal 0.6376356788631705 -0.7703380693180778 0
    outer loop
      vertex 10.836978404880703 4.476041088193439 -2.01
      vertex 10.952488297759903 4.571652653939683 -2.01
      vertex 10.836978404880703 4.476041088193439 2.01
    endloop
  endfacet
  facet normal 0.6708358100314914 -0.7416059034146052 0
    outer loop
      vertex 10.952488297759903 4.571652653939683 -2.01
      vertex 11.082986046733726 4.689697241687792 -2.01
      vertex 10.952488297759903 4.571652653939683 2.01
    endloop
  endfacet
  facet normal 0.7036331626156669 -0.710563419032724 0
    outer loop
      vertex 11.082986046733726 4.689697241687792 -2.01
      vertex 11.228378067062483 4.83367122675765 -2.01
      vertex 11.082986046733726 4.689697241687792 2.01
    endloop
  endfacet
  facet normal 0.7359791601801219 -0.67700419184859 0
    outer loop
      vertex 11.228378067062483 4.83367122675765 -2.01
      vertex 11.388457112684387 5.0076950259863455 -2.01
      vertex 11.228378067062483 4.83367122675765 2.01
    endloop
  endfacet
  facet normal 0.767800130965981 -0.6406894402818126 0
    outer loop
      vertex 11.388457112684387 5.0076950259863455 -2.01
      vertex 11.562820073432004 5.216651028193515 -2.01
      vertex 11.388457112684387 5.0076950259863455 2.01
    endloop
  endfacet
  facet normal 0.7989904379604564 -0.6013437287007807 0
    outer loop
      vertex 11.562820073432004 5.216651028193515 -2.01
      vertex 11.7507529374611 5.466352744817694 -2.01
      vertex 11.562820073432004 5.216651028193515 2.01
    endloop
  endfacet
  facet normal 0.8294031104696526 -0.5586505887791271 0
    outer loop
      vertex 11.7507529374611 5.466352744817694 -2.01
      vertex 11.95106890192611 5.763752742850626 -2.01
      vertex 11.7507529374611 5.466352744817694 2.01
    endloop
  endfacet
  facet normal 0.8588381595111367 -0.5122470261187693 0
    outer loop
      vertex 11.95106890192611 5.763752742850626 -2.01
      vertex 12.161878858326373 6.117198689298046 -2.01
      vertex 11.95106890192611 5.763752742850626 2.01
    endloop
  endfacet
  facet normal 0.8870267759020782 -0.46171798625650723 0
    outer loop
      vertex 12.161878858326373 6.117198689298046 -2.01
      vertex 12.38026377160584 6.536747572594793 -2.01
      vertex 12.161878858326373 6.117198689298046 2.01
    endloop
  endfacet
  facet normal 0.86602540635962 0.49999999553965513 0
    outer loop
      vertex 12.38026377160584 6.536747572594793 -2.01
      vertex 11.851121346115765 7.453249148884934 -2.01
      vertex 12.38026377160584 6.536747572594793 2.01
    endloop
  endfacet
  facet normal 0 0 -1
    outer loop
      vertex 6.117198686670332 12.161878858342725 -2.01
      vertex 7.473896703960341 11.37858889750627 -2.01
      vertex 7.46805289618605 10.967090748526687 -2.01
    endloop
  endfacet
  facet normal 0 0 -1
    outer loop
      vertex 6.117198686670332 12.161878858342725 -2.01
      vertex 7.453249146967757 11.851121338356107 -2.01
      vertex 7.473896703960341 11.37858889750627 -2.01
    endloop
  endfacet
  facet normal 0 0 -1
    outer loop
      vertex 12.161878858326373 6.117198689298046 -2.01
      vertex 10.967090749022153 7.46805290088507 -2.01
      vertex 11.378588892795285 7.473896709843564 -2.01
    endloop
  endfacet
  facet normal 0 0 -1
    outer loop
      vertex 12.38026377160584 6.536747572594793 -2.01
      vertex 11.378588892795285 7.473896709843564 -2.01
      vertex 11.851121346115765 7.453249148884934 -2.01
    endloop
  endfacet
  facet normal 0.8862184093485702 -0.46326766661584534 0
    outer loop
      vertex 7.015217310682609 9.0107925429388 -2.01
      vertex 7.0538000735147435 9.084600315786718 -2.01
      vertex 7.015217310682609 9.0107925429388 2.01
    endloop
  endfacet
  facet normal 0.9045253290241523 -0.4264198976991446 0
    outer loop
      vertex 7.0538000735147435 9.084600315786718 -2.01
      vertex 7.098139562336474 9.178653597379911 -2.01
      vertex 7.0538000735147435 9.084600315786718 2.01
    endloop
  endfacet
  facet normal 0.921601901838585 -0.38813648955941105 0
    outer loop
      vertex 7.098139562336474 9.178653597379911 -2.01
      vertex 7.147078055995113 9.294854495883719 -2.01
      vertex 7.098139562336474 9.178653597379911 2.01
    endloop
  endfacet
  facet normal 0.9373777405525252 -0.34831447216078015 0
    outer loop
      vertex 7.147078055995113 9.294854495883719 -2.01
      vertex 7.1993067690150205 9.435411483650705 -2.01
      vertex 7.147078055995113 9.294854495883719 2.01
    endloop
  endfacet
  facet normal 0.9517637910610013 -0.306831690060187 0
    outer loop
      vertex 7.1993067690150205 9.435411483650705 -2.01
      vertex 7.2532988498685445 9.602889971776694 -2.01
      vertex 7.1993067690150205 9.435411483650705 2.01
    endloop
  endfacet
  facet normal 0.9646459133683634 -0.26354935367349336 0
    outer loop
      vertex 7.2532988498685445 9.602889971776694 -2.01
      vertex 7.307225031974913 9.800271109189435 -2.01
      vertex 7.2532988498685445 9.602889971776694 2.01
    endloop
  endfacet
  facet normal 0.9758787430449473 -0.21831325858273898 0
    outer loop
      vertex 7.307225031974913 9.800271109189435 -2.01
      vertex 7.358845655261466 10.031019664247927 -2.01
      vertex 7.307225031974913 9.800271109189435 2.01
    endloop
  endfacet
  facet normal 0.9852791376552983 -0.17095327110421685 0
    outer loop
      vertex 7.358845655261466 10.031019664247927 -2.01
      vertex 7.405370409289919 10.299162351619108 -2.01
      vertex 7.358845655261466 10.031019664247927 2.01
    endloop
  endfacet
  facet normal 0.992617882723496 -0.12128371241648153 0
    outer loop
      vertex 7.405370409289919 10.299162351619108 -2.01
      vertex 7.443274180637568 10.609376810862738 -2.01
      vertex 7.405370409289919 10.299162351619108 2.01
    endloop
  endfacet
  facet normal -0.49875611363335987 0.8667423718229927 0
    outer loop
      vertex 8.955590850967816 6.983452185575423 -2.01
      vertex 9.010792547338259 7.015217314918048 2.01
      vertex 9.010792547338259 7.015217314918048 -2.01
    endloop
  endfacet
  facet normal -0.46326769973415544 0.8862183920360851 0
    outer loop
      vertex 9.010792547338259 7.015217314918048 -2.01
      vertex 9.084600317601176 7.053800079910829 2.01
      vertex 9.084600317601176 7.053800079910829 -2.01
    endloop
  endfacet
  facet normal -0.42641983065889294 0.9045253606288997 0
    outer loop
      vertex 9.084600317601176 7.053800079910829 -2.01
      vertex 9.17865359884545 7.098139560047916 2.01
      vertex 9.17865359884545 7.098139560047916 -2.01
    endloop
  endfacet
  facet normal -0.3881365212367774 0.9216018884975296 0
    outer loop
      vertex 9.17865359884545 7.098139560047916 -2.01
      vertex 9.294854492757015 7.147078056475009 2.01
      vertex 9.294854492757015 7.147078056475009 -2.01
    endloop
  endfacet
  facet normal -0.3483145267679608 0.9373777202613743 0
    outer loop
      vertex 9.294854492757015 7.147078056475009 -2.01
      vertex 9.435411477300816 7.1993067776159965 2.01
      vertex 9.435411477300816 7.1993067776159965 -2.01
    endloop
  endfacet
  facet normal -0.30683162086754356 0.9517638133674741 0
    outer loop
      vertex 9.435411477300816 7.1993067776159965 -2.01
      vertex 9.602889978599906 7.253298849275298 2.01
      vertex 9.602889978599906 7.253298849275298 -2.01
    endloop
  endfacet
  facet normal -0.2635493721213974 0.964645908328241 0
    outer loop
      vertex 9.602889978599906 7.253298849275298 -2.01
      vertex 9.800271112259107 7.307225034412644 2.01
      vertex 9.800271112259107 7.307225034412644 -2.01
    endloop
  endfacet
  facet normal -0.21831325684615524 0.9758787434334373 0
    outer loop
      vertex 9.800271112259107 7.307225034412644 -2.01
      vertex 10.031019660758142 7.358845655800616 2.01
      vertex 10.031019660758142 7.358845655800616 -2.01
    endloop
  endfacet
  facet normal -0.17095323670285492 0.9852791436241901 0
    outer loop
      vertex 10.031019660758142 7.358845655800616 -2.01
      vertex 10.29916235516164 7.405370401405083 2.01
      vertex 10.29916235516164 7.405370401405083 -2.01
    endloop
  endfacet
  facet normal 0.9976094579547679 -0.06910404763249461 0
    outer loop
      vertex 7.443274180637568 10.609376810862738 -2.01
      vertex 7.46805289618605 10.967090748526687 -2.01
      vertex 7.443274180637568 10.609376810862738 2.01
    endloop
  endfacet
  facet normal 0.9998991768198495 -0.014199866020045016 0
    outer loop
      vertex 7.46805289618605 10.967090748526687 -2.01
      vertex 7.473896703960341 11.37858889750627 -2.01
      vertex 7.46805289618605 10.967090748526687 2.01
    endloop
  endfacet
  facet normal 0.5000000048485692 0.8660254009851158 0
    outer loop
      vertex 6.536747571682665 12.380263776401227 -2.01
      vertex 7.453249146967757 11.851121338356107 2.01
      vertex 7.453249146967757 11.851121338356107 -2.01
    endloop
  endfacet
  facet normal 0.9990467150488783 0.043653878980513636 0
    outer loop
      vertex 7.473896703960341 11.37858889750627 -2.01
      vertex 7.453249146967757 11.851121338356107 -2.01
      vertex 7.473896703960341 11.37858889750627 2.01
    endloop
  endfacet
  facet normal -0.121283747794122 0.9926178784008536 0
    outer loop
      vertex 10.29916235516164 7.405370401405083 -2.01
      vertex 10.609376804240272 7.443274182732051 2.01
      vertex 10.609376804240272 7.443274182732051 -2.01
    endloop
  endfacet
  facet normal -0.06910405349296764 0.9976094575488151 0
    outer loop
      vertex 10.609376804240272 7.443274182732051 -2.01
      vertex 10.967090749022153 7.46805290088507 2.01
      vertex 10.967090749022153 7.46805290088507 -2.01
    endloop
  endfacet
  facet normal -0.014199869076587874 0.9998991767764428 0
    outer loop
      vertex 10.967090749022153 7.46805290088507 -2.01
      vertex 11.378588892795285 7.473896709843564 2.01
      vertex 11.378588892795285 7.473896709843564 -2.01
    endloop
  endfacet
  facet normal 0.04365388619982758 0.9990467147334265 0
    outer loop
      vertex 11.378588892795285 7.473896709843564 -2.01
      vertex 11.851121346115765 7.453249148884934 2.01
      vertex 11.851121346115765 7.453249148884934 -2.01
    endloop
  endfacet
  facet normal 0.7014251811312638 0.7127430920570003 0
    outer loop
      vertex 6.434207150238592 7.214251369843425 -2.01
      vertex 6.434207150238592 7.214251369843425 2.01
      vertex 7.110344974104885 6.548850188323191 2.01
    endloop
  endfacet
  facet normal 0 0 1
    outer loop
      vertex 5.838737913996498 6.546591063774667 2.01
      vertex 6.4523009332231975 5.94277104513032 2.01
      vertex 6.434207150238592 7.214251369843425 2.01
    endloop
  endfacet
  facet normal 0 0 1
    outer loop
      vertex 6.4523009332231975 5.94277104513032 2.01
      vertex 7.110344974104885 6.548850188323191 2.01
      vertex 6.434207150238592 7.214251369843425 2.01
    endloop
  endfacet
  facet normal 0.18723486933344316 0.9823151753412387 0
    outer loop
      vertex 1.3418244082818425 9.573084751205782 -2.01
      vertex 1.3418244082818425 9.573084751205782 2.01
      vertex 2.2736895481999495 9.395465946071933 2.01
    endloop
  endfacet
  facet normal 0.2826170179545272 0.9592328294853604 0
    outer loop
      vertex 2.2736895481999495 9.395465946071933 -2.01
      vertex 2.2736895481999495 9.395465946071933 2.01
      vertex 3.183657812202251 9.12736365713801 2.01
    endloop
  endfacet
  facet normal 0.37527739966300383 0.9269125488966983 0
    outer loop
      vertex 3.183657812202251 9.12736365713801 -2.01
      vertex 3.183657812202251 9.12736365713801 2.01
      vertex 3.6201227167478773 8.950652904201275 2.01
    endloop
  endfacet
  facet normal 0.990319112448131 -0.13880942158205994 0
    outer loop
      vertex 1.5652582699129267 11.167146746562093 -2.01
      vertex 1.5652582699129267 11.167146746562093 2.01
      vertex 1.3418244082818425 9.573084751205782 2.01
    endloop
  endfacet
  facet normal 0.993643391748923 -0.1125735760900224 0
    outer loop
      vertex 1.5662569863626932 11.1759620301749 -2.01
      vertex 1.5662569863626932 11.1759620301749 2.01
      vertex 1.5652582699129267 11.167146746562093 2.01
    endloop
  endfacet
  facet normal 0.9970000388262786 -0.07740105025384826 0
    outer loop
      vertex 1.5683256417979137 11.202608303610065 -2.01
      vertex 1.5683256417979137 11.202608303610065 2.01
      vertex 1.5662569863626932 11.1759620301749 2.01
    endloop
  endfacet
  facet normal 0.9992616000848207 -0.03842205871532568 0
    outer loop
      vertex 1.5700515661485368 11.247495277028309 -2.01
      vertex 1.5700515661485368 11.247495277028309 2.01
      vertex 1.5683256417979137 11.202608303610065 2.01
    endloop
  endfacet
  facet normal 0.9999989694787259 0.0014356327825420085 0
    outer loop
      vertex 1.5699601325706627 11.311183906015986 -2.01
      vertex 1.5699601325706627 11.311183906015986 2.01
      vertex 1.5700515661485368 11.247495277028309 2.01
    endloop
  endfacet
  facet normal 0.9991214900000812 0.041907615298625966 0
    outer loop
      vertex 1.56646990062192 11.394394695277668 -2.01
      vertex 1.56646990062192 11.394394695277668 2.01
      vertex 1.5699601325706627 11.311183906015986 2.01
    endloop
  endfacet
  facet normal 0.9859501797463798 0.1670396451686885 0
    outer loop
      vertex 1.517076814109198 11.770959422954704 -2.01
      vertex 1.517076814109198 11.770959422954704 2.01
      vertex 1.5421239089969847 11.623119144188552 2.01
    endloop
  endfacet
  facet normal 0.9965518590754241 0.08297223736477195 0
    outer loop
      vertex 1.5578423799891665 11.498016967001927 -2.01
      vertex 1.5578423799891665 11.498016967001927 2.01
      vertex 1.56646990062192 11.394394695277668 2.01
    endloop
  endfacet
  facet normal 0.9921989035235855 0.12466489420279682 0
    outer loop
      vertex 1.5421239089969847 11.623119144188552 -2.01
      vertex 1.5421239089969847 11.623119144188552 2.01
      vertex 1.5578423799891665 11.498016967001927 2.01
    endloop
  endfacet
  facet normal 0.977667457039684 0.21015790122086175 0
    outer loop
      vertex 1.4800960749570298 11.942996091556337 -2.01
      vertex 1.4800960749570298 11.942996091556337 2.01
      vertex 1.517076814109198 11.770959422954704 2.01
    endloop
  endfacet
  facet normal 0.9671825520862157 0.25408248845600234 0
    outer loop
      vertex 1.4281069578730479 12.140896258732564 -2.01
      vertex 1.4281069578730479 12.140896258732564 2.01
      vertex 1.4800960749570298 11.942996091556337 2.01
    endloop
  endfacet
  facet normal 0.8730380169728528 0.4876521515589866 0
    outer loop
      vertex 0.7832899608201025 13.591095393258387 -2.01
      vertex 0.7832899608201025 13.591095393258387 2.01
      vertex 0.9839781533994242 13.231805639036676 2.01
    endloop
  endfacet
  facet normal 0.8433729011923603 0.537328716461703 0
    outer loop
      vertex 0.5291424332497332 13.989996719562551 -2.01
      vertex 0.5291424332497332 13.989996719562551 2.01
      vertex 0.7832899608201025 13.591095393258387 2.01
    endloop
  endfacet
  facet normal 0.9387533964554062 0.3445896989804522 0
    outer loop
      vertex 1.2636577218128955 12.622021437483435 -2.01
      vertex 1.2636577218128955 12.622021437483435 2.01
      vertex 1.3574374484364613 12.36654068124781 2.01
    endloop
  endfacet
  facet normal 0.9202741652448169 0.39127415041496844 0
    outer loop
      vertex 1.1413761265983622 12.909626925455262 -2.01
      vertex 1.1413761265983622 12.909626925455262 2.01
      vertex 1.2636577218128955 12.622021437483435 2.01
    endloop
  endfacet
  facet normal 0.9542924082385651 0.29887455491935033 0
    outer loop
      vertex 1.3574374484364613 12.36654068124781 -2.01
      vertex 1.3574374484364613 12.36654068124781 2.01
      vertex 1.4281069578730479 12.140896258732564 2.01
    endloop
  endfacet
  facet normal 0.8985071550004317 0.4389588732592501 0
    outer loop
      vertex 0.9839781533994242 13.231805639036676 -2.01
      vertex 0.9839781533994242 13.231805639036676 2.01
      vertex 1.1413761265983622 12.909626925455262 2.01
    endloop
  endfacet
  facet normal -0.9270462191305618 0.3749470730592925 0
    outer loop
      vertex 3.6201227167478773 8.950652904201275 -2.01
      vertex 3.6201227167478773 8.950652904201275 2.01
      vertex 4.22801994553347 10.453661910159065 2.01
    endloop
  endfacet
  facet normal -0.916807073945136 0.3993304260435933 0
    outer loop
      vertex 4.22801994553347 10.453661910159065 -2.01
      vertex 4.22801994553347 10.453661910159065 2.01
      vertex 4.231562674233388 10.461795522128813 2.01
    endloop
  endfacet
  facet normal -0.9021280198453074 0.4314684644443724 0
    outer loop
      vertex 4.231562674233388 10.461795522128813 -2.01
      vertex 4.231562674233388 10.461795522128813 2.01
      vertex 4.243094296370471 10.485906205298969 2.01
    endloop
  endfacet
  facet normal 0.628186576441038 0.7780627385881476 0
    outer loop
      vertex 5.942226494553568 7.611463096407785 -2.01
      vertex 5.942226494553568 7.611463096407785 2.01
      vertex 6.434207150238592 7.214251369843425 2.01
    endloop
  endfacet
  facet normal 0.788236797965938 -0.6153720422089429 0
    outer loop
      vertex 6.939126802053124 8.88840363380045 -2.01
      vertex 6.939126802053124 8.88840363380045 2.01
      vertex 5.942226494553568 7.611463096407785 2.01
    endloop
  endfacet
  facet normal 0.8042338661333596 -0.5943129550701293 0
    outer loop
      vertex 6.944399354442256 8.895538536642677 -2.01
      vertex 6.944399354442256 8.895538536642677 2.01
      vertex 6.939126802053124 8.88840363380045 2.01
    endloop
  endfacet
  facet normal 0.8247268531486608 -0.5655312703074052 0
    outer loop
      vertex 6.9595139980788465 8.917580558255546 -2.01
      vertex 6.9595139980788465 8.917580558255546 2.01
      vertex 6.944399354442256 8.895538536642677 2.01
    endloop
  endfacet
  facet normal 0.8461748570358255 -0.5329053493073609 0
    outer loop
      vertex 6.983452183709321 8.95559085563742 -2.01
      vertex 6.983452183709321 8.95559085563742 2.01
      vertex 6.9595139980788465 8.917580558255546 2.01
    endloop
  endfacet
  facet normal -0.884596911102677 0.4663564139878454 0
    outer loop
      vertex 4.243094296370471 10.485906205298969 -2.01
      vertex 4.243094296370471 10.485906205298969 2.01
      vertex 4.264043091534178 10.52564242192924 2.01
    endloop
  endfacet
  facet normal -0.8653066503683242 0.5012428561369734 0
    outer loop
      vertex 4.264043091534178 10.52564242192924 -2.01
      vertex 4.264043091534178 10.52564242192924 2.01
      vertex 4.29596659838338 10.580752679245595 2.01
    endloop
  endfacet
  facet normal -0.844310808229765 0.5358537665318784 0
    outer loop
      vertex 4.29596659838338 10.580752679245595 -2.01
      vertex 4.29596659838338 10.580752679245595 2.01
      vertex 4.340594616522904 10.651070218131146 2.01
    endloop
  endfacet
  facet normal -0.8215531063143938 0.5701319965632261 0
    outer loop
      vertex 4.340594616522904 10.651070218131146 -2.01
      vertex 4.340594616522904 10.651070218131146 2.01
      vertex 4.399877406485285 10.736495980126906 2.01
    endloop
  endfacet
  facet normal -0.7969370062261963 0.6040624207043738 0
    outer loop
      vertex 4.399877406485285 10.736495980126906 -2.01
      vertex 4.399877406485285 10.736495980126906 2.01
      vertex 4.476041089401646 10.836978406058565 2.01
    endloop
  endfacet
  facet normal -0.7703380829436516 0.6376356624018922 0
    outer loop
      vertex 4.476041089401646 10.836978406058565 -2.01
      vertex 4.476041089401646 10.836978406058565 2.01
      vertex 4.571652646042648 10.952488292962704 2.01
    endloop
  endfacet
  facet normal -0.7416059111031421 0.6708358015318491 0
    outer loop
      vertex 4.571652646042648 10.952488292962704 -2.01
      vertex 4.571652646042648 10.952488292962704 2.01
      vertex 4.689697242820243 11.082986054924943 2.01
    endloop
  endfacet
  facet normal -0.7105634056205306 0.70363317615996 0
    outer loop
      vertex 4.689697242820243 11.082986054924943 -2.01
      vertex 4.689697242820243 11.082986054924943 2.01
      vertex 4.833671226281223 11.228378068085975 2.01
    endloop
  endfacet
  facet normal -0.677004195353143 0.7359791569563933 0
    outer loop
      vertex 4.833671226281223 11.228378068085975 -2.01
      vertex 4.833671226281223 11.228378068085975 2.01
      vertex 5.0076950223782415 11.388457112356983 2.01
    endloop
  endfacet
  facet normal -0.640689411418037 0.7678001550513058 0
    outer loop
      vertex 5.0076950223782415 11.388457112356983 -2.01
      vertex 5.0076950223782415 11.388457112356983 2.01
      vertex 5.216651038324863 11.562820071244577 2.01
    endloop
  endfacet
  facet normal -0.6013437394281866 0.7989904298866947 0
    outer loop
      vertex 5.216651038324863 11.562820071244577 -2.01
      vertex 5.216651038324863 11.562820071244577 2.01
      vertex 5.466352739396885 11.750752928820258 2.01
    endloop
  endfacet
  facet normal -0.5586506043230108 0.8294030999999547 0
    outer loop
      vertex 5.466352739396885 11.750752928820258 -2.01
      vertex 5.466352739396885 11.750752928820258 2.01
      vertex 5.763752741548819 11.951068904161865 2.01
    endloop
  endfacet
  facet normal -0.5122470235583297 0.8588381610382901 0
    outer loop
      vertex 5.763752741548819 11.951068904161865 -2.01
      vertex 5.763752741548819 11.951068904161865 2.01
      vertex 6.117198686670332 12.161878858342725 2.01
    endloop
  endfacet
  facet normal -0.4617179927209958 0.8870267725371622 0
    outer loop
      vertex 6.117198686670332 12.161878858342725 -2.01
      vertex 6.117198686670332 12.161878858342725 2.01
      vertex 6.536747571682665 12.380263776401227 2.01
    endloop
  endfacet
  facet normal 0.5000000048485692 0.8660254009851158 0
    outer loop
      vertex 6.536747571682665 12.380263776401227 -2.01
      vertex 6.536747571682665 12.380263776401227 2.01
      vertex 7.453249146967757 11.851121338356107 2.01
    endloop
  endfacet
  facet normal 0 0 1
    outer loop
      vertex -1.340941795260356 9.56678787626529 2.01
      vertex 0.36029203676153543 8.764639445464397 2.01
      vertex 1.3418244082818425 9.573084751205782 2.01
    endloop
  endfacet
  facet normal 0 0 1
    outer loop
      vertex 1.2176420294079815 8.687120514582569 2.01
      vertex 1.3418244082818425 9.573084751205782 2.01
      vertex 0.36029203676153543 8.764639445464397 2.01
    endloop
  endfacet
  facet normal 0 0 1
    outer loop
      vertex 1.2176420294079815 8.687120514582569 2.01
      vertex 2.06326546382168 8.525939865290216 2.01
      vertex 1.3418244082818425 9.573084751205782 2.01
    endloop
  endfacet
  facet normal 0 0 1
    outer loop
      vertex 2.06326546382168 8.525939865290216 2.01
      vertex 2.8890185203535528 8.282649757990722 2.01
      vertex 2.2736895481999495 9.395465946071933 2.01
    endloop
  endfacet
  facet normal 0 0 1
    outer loop
      vertex 2.8890185203535528 8.282649757990722 2.01
      vertex 3.6869487459944263 7.959593199313643 2.01
      vertex 3.6201227167478773 8.950652904201275 2.01
    endloop
  endfacet
  facet normal 0 0 1
    outer loop
      vertex 1.3418244082818425 9.573084751205782 2.01
      vertex 2.06326546382168 8.525939865290216 2.01
      vertex 2.2736895481999495 9.395465946071933 2.01
    endloop
  endfacet
  facet normal 0 0 1
    outer loop
      vertex 2.8890185203535528 8.282649757990722 2.01
      vertex 3.183657812202251 9.12736365713801 2.01
      vertex 2.2736895481999495 9.395465946071933 2.01
    endloop
  endfacet
  facet normal 0 0 1
    outer loop
      vertex 2.8890185203535528 8.282649757990722 2.01
      vertex 3.6201227167478773 8.950652904201275 2.01
      vertex 3.183657812202251 9.12736365713801 2.01
    endloop
  endfacet
  facet normal 0 0 1
    outer loop
      vertex -1.5652582697321133 11.167146747550635 2.01
      vertex 1.3418244082818425 9.573084751205782 2.01
      vertex 1.5652582699129267 11.167146746562093 2.01
    endloop
  endfacet
  facet normal 0 0 1
    outer loop
      vertex -1.5652582697321133 11.167146747550635 2.01
      vertex 1.5652582699129267 11.167146746562093 2.01
      vertex 1.5662569863626932 11.1759620301749 2.01
    endloop
  endfacet
  facet normal 0 0 1
    outer loop
      vertex -1.5662569899912537 11.175962028263243 2.01
      vertex 1.5662569863626932 11.1759620301749 2.01
      vertex 1.5683256417979137 11.202608303610065 2.01
    endloop
  endfacet
  facet normal 0 0 1
    outer loop
      vertex -1.568325647973662 11.20260830157664 2.01
      vertex 1.5683256417979137 11.202608303610065 2.01
      vertex 1.5700515661485368 11.247495277028309 2.01
    endloop
  endfacet
  facet normal 0 0 1
    outer loop
      vertex -1.569960131907337 11.311183913301427 2.01
      vertex 1.5700515661485368 11.247495277028309 2.01
      vertex 1.5699601325706627 11.311183906015986 2.01
    endloop
  endfacet
  facet normal 0 0 1
    outer loop
      vertex -1.569960131907337 11.311183913301427 2.01
      vertex 1.5699601325706627 11.311183906015986 2.01
      vertex 1.56646990062192 11.394394695277668 2.01
    endloop
  endfacet
  facet normal 0 0 1
    outer loop
      vertex -1.5664699005299703 11.394394696433732 2.01
      vertex 1.56646990062192 11.394394695277668 2.01
      vertex 1.5578423799891665 11.498016967001927 2.01
    endloop
  endfacet
  facet normal 0 0 1
    outer loop
      vertex -1.5578423812814544 11.498016966533202 2.01
      vertex 1.5578423799891665 11.498016967001927 2.01
      vertex 1.5421239089969847 11.623119144188552 2.01
    endloop
  endfacet
  facet normal 0 0 1
    outer loop
      vertex -1.5170768156618863 11.770959423658644 2.01
      vertex 1.5421239089969847 11.623119144188552 2.01
      vertex 1.517076814109198 11.770959422954704 2.01
    endloop
  endfacet
  facet normal 0 0 1
    outer loop
      vertex -1.4800960763250368 11.942996092095543 2.01
      vertex 1.517076814109198 11.770959422954704 2.01
      vertex 1.4800960749570298 11.942996091556337 2.01
    endloop
  endfacet
  facet normal 0 0 1
    outer loop
      vertex -1.4281069558268669 12.140896260693866 2.01
      vertex 1.4800960749570298 11.942996091556337 2.01
      vertex 1.4281069578730479 12.140896258732564 2.01
    endloop
  endfacet
  facet normal 0 0 1
    outer loop
      vertex -1.4281069558268669 12.140896260693866 2.01
      vertex 1.4281069578730479 12.140896258732564 2.01
      vertex 1.3574374484364613 12.36654068124781 2.01
    endloop
  endfacet
  facet normal 0 0 1
    outer loop
      vertex -1.2636577160829374 12.622021439729945 2.01
      vertex 1.2636577218128955 12.622021437483435 2.01
      vertex 1.1413761265983622 12.909626925455262 2.01
    endloop
  endfacet
  facet normal 0 0 1
    outer loop
      vertex -1.1413761245799858 12.909626922128934 2.01
      vertex 1.1413761265983622 12.909626925455262 2.01
      vertex 0.9839781533994242 13.231805639036676 2.01
    endloop
  endfacet
  facet normal 0 0 1
    outer loop
      vertex -1.2636577160829374 12.622021439729945 2.01
      vertex 1.3574374484364613 12.36654068124781 2.01
      vertex 1.2636577218128955 12.622021437483435 2.01
    endloop
  endfacet
  facet normal 0 0 1
    outer loop
      vertex -0.983978155139712 13.231805642433887 2.01
      vertex 0.9839781533994242 13.231805639036676 2.01
      vertex 0.7832899608201025 13.591095393258387 2.01
    endloop
  endfacet
  facet normal 0 0 1
    outer loop
      vertex -0.529142430285461 13.9899967205676 2.01
      vertex 0.7832899608201025 13.591095393258387 2.01
      vertex 0.5291424332497332 13.989996719562551 2.01
    endloop
  endfacet
  facet normal 0 0 1
    outer loop
      vertex 3.6869487459944263 7.959593199313643 2.01
      vertex 4.449371644327583 7.559881410067097 2.01
      vertex 3.6201227167478773 8.950652904201275 2.01
    endloop
  endfacet
  facet normal 0 0 1
    outer loop
      vertex 4.449371644327583 7.559881410067097 2.01
      vertex 5.168944662562453 7.087363833681329 2.01
      vertex 5.942226494553568 7.611463096407785 2.01
    endloop
  endfacet
  facet normal 0 0 1
    outer loop
      vertex 4.449371644327583 7.559881410067097 2.01
      vertex 5.942226494553568 7.611463096407785 2.01
      vertex 3.6201227167478773 8.950652904201275 2.01
    endloop
  endfacet
  facet normal 0 0 1
    outer loop
      vertex 3.6201227167478773 8.950652904201275 2.01
      vertex 5.942226494553568 7.611463096407785 2.01
      vertex 4.22801994553347 10.453661910159065 2.01
    endloop
  endfacet
  facet normal 0 0 1
    outer loop
      vertex 4.231562674233388 10.461795522128813 2.01
      vertex 4.22801994553347 10.453661910159065 2.01
      vertex 6.944399354442256 8.895538536642677 2.01
    endloop
  endfacet
  facet normal 0 0 1
    outer loop
      vertex 4.231562674233388 10.461795522128813 2.01
      vertex 6.9595139980788465 8.917580558255546 2.01
      vertex 4.243094296370471 10.485906205298969 2.01
    endloop
  endfacet
  facet normal 0 0 1
    outer loop
      vertex 4.243094296370471 10.485906205298969 2.01
      vertex 6.983452183709321 8.95559085563742 2.01
      vertex 4.264043091534178 10.52564242192924 2.01
    endloop
  endfacet
  facet normal 0 0 1
    outer loop
      vertex 6.983452183709321 8.95559085563742 2.01
      vertex 4.29596659838338 10.580752679245595 2.01
      vertex 4.264043091534178 10.52564242192924 2.01
    endloop
  endfacet
  facet normal 0 0 1
    outer loop
      vertex 4.29596659838338 10.580752679245595 2.01
      vertex 7.0538000735147435 9.084600315786718 2.01
      vertex 4.340594616522904 10.651070218131146 2.01
    endloop
  endfacet
  facet normal 0 0 1
    outer loop
      vertex 5.838737913996498 6.546591063774667 2.01
      vertex 5.942226494553568 7.611463096407785 2.01
      vertex 5.168944662562453 7.087363833681329 2.01
    endloop
  endfacet
  facet normal 0 0 1
    outer loop
      vertex 5.838737913996498 6.546591063774667 2.01
      vertex 6.434207150238592 7.214251369843425 2.01
      vertex 5.942226494553568 7.611463096407785 2.01
    endloop
  endfacet
  facet normal 0 0 1
    outer loop
      vertex 4.22801994553347 10.453661910159065 2.01
      vertex 5.942226494553568 7.611463096407785 2.01
      vertex 6.939126802053124 8.88840363380045 2.01
    endloop
  endfacet
  facet normal 0 0 1
    outer loop
      vertex 4.22801994553347 10.453661910159065 2.01
      vertex 6.939126802053124 8.88840363380045 2.01
      vertex 6.944399354442256 8.895538536642677 2.01
    endloop
  endfacet
  facet normal 0 0 1
    outer loop
      vertex 4.231562674233388 10.461795522128813 2.01
      vertex 6.944399354442256 8.895538536642677 2.01
      vertex 6.9595139980788465 8.917580558255546 2.01
    endloop
  endfacet
  facet normal 0 0 1
    outer loop
      vertex 4.243094296370471 10.485906205298969 2.01
      vertex 6.9595139980788465 8.917580558255546 2.01
      vertex 6.983452183709321 8.95559085563742 2.01
    endloop
  endfacet
  facet normal 0 0 1
    outer loop
      vertex 6.983452183709321 8.95559085563742 2.01
      vertex 7.015217310682609 9.0107925429388 2.01
      vertex 4.29596659838338 10.580752679245595 2.01
    endloop
  endfacet
  facet normal 0 0 1
    outer loop
      vertex 4.340594616522904 10.651070218131146 2.01
      vertex 7.0538000735147435 9.084600315786718 2.01
      vertex 4.399877406485285 10.736495980126906 2.01
    endloop
  endfacet
  facet normal 0 0 1
    outer loop
      vertex 4.399877406485285 10.736495980126906 2.01
      vertex 7.098139562336474 9.178653597379911 2.01
      vertex 4.476041089401646 10.836978406058565 2.01
    endloop
  endfacet
  facet normal 0 0 1
    outer loop
      vertex 4.476041089401646 10.836978406058565 2.01
      vertex 7.1993067690150205 9.435411483650705 2.01
      vertex 4.571652646042648 10.952488292962704 2.01
    endloop
  endfacet
  facet normal 0 0 1
    outer loop
      vertex 4.571652646042648 10.952488292962704 2.01
      vertex 7.1993067690150205 9.435411483650705 2.01
      vertex 4.689697242820243 11.082986054924943 2.01
    endloop
  endfacet
  facet normal 0 0 1
    outer loop
      vertex 4.29596659838338 10.580752679245595 2.01
      vertex 7.015217310682609 9.0107925429388 2.01
      vertex 7.0538000735147435 9.084600315786718 2.01
    endloop
  endfacet
  facet normal 0 0 1
    outer loop
      vertex 4.399877406485285 10.736495980126906 2.01
      vertex 7.0538000735147435 9.084600315786718 2.01
      vertex 7.098139562336474 9.178653597379911 2.01
    endloop
  endfacet
  facet normal 0 0 1
    outer loop
      vertex 4.476041089401646 10.836978406058565 2.01
      vertex 7.098139562336474 9.178653597379911 2.01
      vertex 7.147078055995113 9.294854495883719 2.01
    endloop
  endfacet
  facet normal 0 0 1
    outer loop
      vertex 4.476041089401646 10.836978406058565 2.01
      vertex 7.147078055995113 9.294854495883719 2.01
      vertex 7.1993067690150205 9.435411483650705 2.01
    endloop
  endfacet
  facet normal 0 0 1
    outer loop
      vertex 4.689697242820243 11.082986054924943 2.01
      vertex 7.1993067690150205 9.435411483650705 2.01
      vertex 7.2532988498685445 9.602889971776694 2.01
    endloop
  endfacet
  facet normal 0 0 1
    outer loop
      vertex 4.689697242820243 11.082986054924943 2.01
      vertex 7.2532988498685445 9.602889971776694 2.01
      vertex 7.307225031974913 9.800271109189435 2.01
    endloop
  endfacet
  facet normal 0 0 1
    outer loop
      vertex 5.0076950223782415 11.388457112356983 2.01
      vertex 7.307225031974913 9.800271109189435 2.01
      vertex 7.358845655261466 10.031019664247927 2.01
    endloop
  endfacet
  facet normal 0 0 1
    outer loop
      vertex 4.689697242820243 11.082986054924943 2.01
      vertex 7.307225031974913 9.800271109189435 2.01
      vertex 4.833671226281223 11.228378068085975 2.01
    endloop
  endfacet
  facet normal 0 0 1
    outer loop
      vertex 4.833671226281223 11.228378068085975 2.01
      vertex 7.307225031974913 9.800271109189435 2.01
      vertex 5.0076950223782415 11.388457112356983 2.01
    endloop
  endfacet
  facet normal 0 0 1
    outer loop
      vertex 5.0076950223782415 11.388457112356983 2.01
      vertex 7.358845655261466 10.031019664247927 2.01
      vertex 5.216651038324863 11.562820071244577 2.01
    endloop
  endfacet
  facet normal 0 0 1
    outer loop
      vertex 5.216651038324863 11.562820071244577 2.01
      vertex 7.443274180637568 10.609376810862738 2.01
      vertex 5.466352739396885 11.750752928820258 2.01
    endloop
  endfacet
  facet normal 0 0 1
    outer loop
      vertex 5.216651038324863 11.562820071244577 2.01
      vertex 7.358845655261466 10.031019664247927 2.01
      vertex 7.405370409289919 10.299162351619108 2.01
    endloop
  endfacet
  facet normal 0 0 1
    outer loop
      vertex 5.216651038324863 11.562820071244577 2.01
      vertex 7.405370409289919 10.299162351619108 2.01
      vertex 7.443274180637568 10.609376810862738 2.01
    endloop
  endfacet
  facet normal 0 0 1
    outer loop
      vertex 5.466352739396885 11.750752928820258 2.01
      vertex 7.443274180637568 10.609376810862738 2.01
      vertex 7.46805289618605 10.967090748526687 2.01
    endloop
  endfacet
  facet normal 0 0 1
    outer loop
      vertex 5.466352739396885 11.750752928820258 2.01
      vertex 7.46805289618605 10.967090748526687 2.01
      vertex 5.763752741548819 11.951068904161865 2.01
    endloop
  endfacet
  facet normal 0 0 1
    outer loop
      vertex 5.763752741548819 11.951068904161865 2.01
      vertex 7.46805289618605 10.967090748526687 2.01
      vertex 6.117198686670332 12.161878858342725 2.01
    endloop
  endfacet
  facet normal 0 0 1
    outer loop
      vertex 6.117198686670332 12.161878858342725 2.01
      vertex 7.453249146967757 11.851121338356107 2.01
      vertex 6.536747571682665 12.380263776401227 2.01
    endloop
  endfacet
  facet normal 0.9943684307285947 0.10597841275633414 0
    outer loop
      vertex 9.550382003356575 1.4948739185549327 -2.01
      vertex 9.550382003356575 1.4948739185549327 2.01
      vertex 9.56678787626529 1.340941795260356 2.01
    endloop
  endfacet
  facet normal -0.13880942321187156 0.9903191122196862 0
    outer loop
      vertex 9.56678787626529 1.340941795260356 -2.01
      vertex 9.56678787626529 1.340941795260356 2.01
      vertex 11.167146747550635 1.5652582697321133 2.01
    endloop
  endfacet
  facet normal 0.9791925678550603 0.20293327735345285 0
    outer loop
      vertex 9.357871033903738 2.4237768218992017 -2.01
      vertex 9.357871033903738 2.4237768218992017 2.01
      vertex 9.550382003356575 1.4948739185549327 2.01
    endloop
  endfacet
  facet normal 0.9545865502186189 0.29793374790667154 0
    outer loop
      vertex 9.075238655048832 3.3293374353135006 -2.01
      vertex 9.075238655048832 3.3293374353135006 2.01
      vertex 9.357871033903738 2.4237768218992017 2.01
    endloop
  endfacet
  facet normal 0.7679086734086868 0.6405593409698362 0
    outer loop
      vertex 7.110344974104885 6.548850188323191 -2.01
      vertex 7.110344974104885 6.548850188323191 2.01
      vertex 7.614432774893081 5.944544904446308 2.01
    endloop
  endfacet
  facet normal -0.6153720407545523 0.7882367991013726 0
    outer loop
      vertex 7.614432774893081 5.944544904446308 -2.01
      vertex 7.614432774893081 5.944544904446308 2.01
      vertex 8.88840364042695 6.939126802017164 2.01
    endloop
  endfacet
  facet normal 0.9207873358553506 0.3900649716757528 0
    outer loop
      vertex 8.951850645656542 3.620607158807834 -2.01
      vertex 8.951850645656542 3.620607158807834 2.01
      vertex 9.075238655048832 3.3293374353135006 2.01
    endloop
  endfacet
  facet normal 0.3749470715670227 -0.9270462197341155 0
    outer loop
      vertex 10.453661904747587 4.22801995188742 -2.01
      vertex 10.453661904747587 4.22801995188742 2.01
      vertex 8.951850645656542 3.620607158807834 2.01
    endloop
  endfacet
  facet normal 0.39932970660247447 -0.9168073873092327 0
    outer loop
      vertex 10.461795523005371 4.231562675732643 -2.01
      vertex 10.461795523005371 4.231562675732643 2.01
      vertex 10.453661904747587 4.22801995188742 2.01
    endloop
  endfacet
  facet normal 0.43146878690167656 -0.9021278656208307 0
    outer loop
      vertex 10.48590620005346 4.243094305531217 -2.01
      vertex 10.48590620005346 4.243094305531217 2.01
      vertex 10.461795523005371 4.231562675732643 2.01
    endloop
  endfacet
  facet normal -0.5655313998035357 0.8247267643506263 0
    outer loop
      vertex 8.89553853213756 6.944399354029855 -2.01
      vertex 8.89553853213756 6.944399354029855 2.01
      vertex 8.917580557325307 6.95951400520617 2.01
    endloop
  endfacet
  facet normal -0.5943135273482336 0.8042334432308199 0
    outer loop
      vertex 8.88840364042695 6.939126802017164 -2.01
      vertex 8.88840364042695 6.939126802017164 2.01
      vertex 8.89553853213756 6.944399354029855 2.01
    endloop
  endfacet
  facet normal -0.5329053029828921 0.8461748862101216 0
    outer loop
      vertex 8.917580557325307 6.95951400520617 -2.01
      vertex 8.917580557325307 6.95951400520617 2.01
      vertex 8.955590850967816 6.983452185575423 2.01
    endloop
  endfacet
  facet normal -0.49875611363335987 0.8667423718229927 0
    outer loop
      vertex 8.955590850967816 6.983452185575423 -2.01
      vertex 8.955590850967816 6.983452185575423 2.01
      vertex 9.010792547338259 7.015217314918048 2.01
    endloop
  endfacet
  facet normal -0.11257403660157506 0.9936433395757389 0
    outer loop
      vertex 11.167146747550635 1.5652582697321133 -2.01
      vertex 11.167146747550635 1.5652582697321133 2.01
      vertex 11.175962028263243 1.5662569899912537 2.01
    endloop
  endfacet
  facet normal -0.0774011453403361 0.9970000314443346 0
    outer loop
      vertex 11.175962028263243 1.5662569899912537 -2.01
      vertex 11.175962028263243 1.5662569899912537 2.01
      vertex 11.20260830157664 1.568325647973662 2.01
    endloop
  endfacet
  facet normal -0.03842202661296886 0.9992616013191702 0
    outer loop
      vertex 11.20260830157664 1.568325647973662 -2.01
      vertex 11.20260830157664 1.568325647973662 2.01
      vertex 11.2474952771096 1.5700515709614224 2.01
    endloop
  endfacet
  facet normal 0.0014357186040034999 0.999998969355514 0
    outer loop
      vertex 11.2474952771096 1.5700515709614224 -2.01
      vertex 11.2474952771096 1.5700515709614224 2.01
      vertex 11.311183913301427 1.569960131907337 2.01
    endloop
  endfacet
  facet normal 0.041907611531628704 0.9991214901580859 0
    outer loop
      vertex 11.311183913301427 1.569960131907337 -2.01
      vertex 11.311183913301427 1.569960131907337 2.01
      vertex 11.394394696433732 1.5664699005299703 2.01
    endloop
  endfacet
  facet normal 0.08297222543602827 0.9965518600686032 0
    outer loop
      vertex 11.394394696433732 1.5664699005299703 -2.01
      vertex 11.394394696433732 1.5664699005299703 2.01
      vertex 11.498016966533202 1.5578423812814544 2.01
    endloop
  endfacet
  facet normal 0.12466486856750564 0.9921989067445331 0
    outer loop
      vertex 11.498016966533202 1.5578423812814544 -2.01
      vertex 11.498016966533202 1.5578423812814544 2.01
      vertex 11.623119145876654 1.54212391330155 2.01
    endloop
  endfacet
  facet normal 0.16703966408989168 0.98595017654075 0
    outer loop
      vertex 11.623119145876654 1.54212391330155 -2.01
      vertex 11.623119145876654 1.54212391330155 2.01
      vertex 11.770959423658644 1.5170768156618863 2.01
    endloop
  endfacet
  facet normal 0.21015790241638327 0.9776674567826966 0
    outer loop
      vertex 11.770959423658644 1.5170768156618863 -2.01
      vertex 11.770959423658644 1.5170768156618863 2.01
      vertex 11.942996092095543 1.4800960763250368 2.01
    endloop
  endfacet
  facet normal 0.2540825023567514 0.9671825484344366 0
    outer loop
      vertex 11.942996092095543 1.4800960763250368 -2.01
      vertex 11.942996092095543 1.4800960763250368 2.01
      vertex 12.140896260693866 1.4281069558268669 2.01
    endloop
  endfacet
  facet normal 0.29887454092665033 0.9542924126209346 0
    outer loop
      vertex 12.140896260693866 1.4281069558268669 -2.01
      vertex 12.140896260693866 1.4281069558268669 2.01
      vertex 12.36654067817886 1.3574374515988403 2.01
    endloop
  endfacet
  facet normal 0.3445897214570095 0.9387533882049004 0
    outer loop
      vertex 12.36654067817886 1.3574374515988403 -2.01
      vertex 12.36654067817886 1.3574374515988403 2.01
      vertex 12.622021439729945 1.2636577160829374 2.01
    endloop
  endfacet
  facet normal 0.39127414677780886 0.9202741667912328 0
    outer loop
      vertex 12.622021439729945 1.2636577160829374 -2.01
      vertex 12.622021439729945 1.2636577160829374 2.01
      vertex 12.909626922128934 1.1413761245799858 2.01
    endloop
  endfacet
  facet normal 0.4389588574011914 0.898507162747766 0
    outer loop
      vertex 12.909626922128934 1.1413761245799858 -2.01
      vertex 12.909626922128934 1.1413761245799858 2.01
      vertex 13.231805642433887 0.983978155139712 2.01
    endloop
  endfacet
  facet normal 1 -9.49695609857433e-10 0
    outer loop
      vertex 13.989996719562551 -0.5291424332497332 2.01
      vertex 13.9899967205676 0.529142430285461 -2.01
      vertex 13.9899967205676 0.529142430285461 2.01
    endloop
  endfacet
  facet normal 0.5373287301846159 0.8433728924492346 0
    outer loop
      vertex 13.591095396513897 0.7832899655474392 -2.01
      vertex 13.591095396513897 0.7832899655474392 2.01
      vertex 13.9899967205676 0.529142430285461 2.01
    endloop
  endfacet
  facet normal 0.4876521461733889 0.8730380199810819 0
    outer loop
      vertex 13.231805642433887 0.983978155139712 -2.01
      vertex 13.231805642433887 0.983978155139712 2.01
      vertex 13.591095396513897 0.7832899655474392 2.01
    endloop
  endfacet
  facet normal 0.46635623864074977 -0.8845970035450337 0
    outer loop
      vertex 10.525642421785957 4.264043093318987 -2.01
      vertex 10.525642421785957 4.264043093318987 2.01
      vertex 10.48590620005346 4.243094305531217 2.01
    endloop
  endfacet
  facet normal 0.5012428237643265 -0.8653066691207023 0
    outer loop
      vertex 10.580752675509462 4.295966595333375 -2.01
      vertex 10.580752675509462 4.295966595333375 2.01
      vertex 10.525642421785957 4.264043093318987 2.01
    endloop
  endfacet
  facet normal 0.535853826550829 -0.8443107701378884 0
    outer loop
      vertex 10.65107021640864 4.340594621762927 -2.01
      vertex 10.65107021640864 4.340594621762927 2.01
      vertex 10.580752675509462 4.295966595333375 2.01
    endloop
  endfacet
  facet normal 0.5701319554007546 -0.8215531348798517 0
    outer loop
      vertex 10.736495977369078 4.399877404665453 -2.01
      vertex 10.736495977369078 4.399877404665453 2.01
      vertex 10.65107021640864 4.340594621762927 2.01
    endloop
  endfacet
  facet normal 0.6040624177528329 -0.7969370084634054 0
    outer loop
      vertex 10.836978404880703 4.476041088193439 -2.01
      vertex 10.836978404880703 4.476041088193439 2.01
      vertex 10.736495977369078 4.399877404665453 2.01
    endloop
  endfacet
  facet normal 0.6376356788631705 -0.7703380693180778 0
    outer loop
      vertex 10.952488297759903 4.571652653939683 -2.01
      vertex 10.952488297759903 4.571652653939683 2.01
      vertex 10.836978404880703 4.476041088193439 2.01
    endloop
  endfacet
  facet normal 0.6708358100314914 -0.7416059034146052 0
    outer loop
      vertex 11.082986046733726 4.689697241687792 -2.01
      vertex 11.082986046733726 4.689697241687792 2.01
      vertex 10.952488297759903 4.571652653939683 2.01
    endloop
  endfacet
  facet normal 0.7036331626156669 -0.710563419032724 0
    outer loop
      vertex 11.228378067062483 4.83367122675765 -2.01
      vertex 11.228378067062483 4.83367122675765 2.01
      vertex 11.082986046733726 4.689697241687792 2.01
    endloop
  endfacet
  facet normal 0.7359791601801219 -0.67700419184859 0
    outer loop
      vertex 11.388457112684387 5.0076950259863455 -2.01
      vertex 11.388457112684387 5.0076950259863455 2.01
      vertex 11.228378067062483 4.83367122675765 2.01
    endloop
  endfacet
  facet normal 0.767800130965981 -0.6406894402818126 0
    outer loop
      vertex 11.562820073432004 5.216651028193515 -2.01
      vertex 11.562820073432004 5.216651028193515 2.01
      vertex 11.388457112684387 5.0076950259863455 2.01
    endloop
  endfacet
  facet normal 0.7989904379604564 -0.6013437287007807 0
    outer loop
      vertex 11.7507529374611 5.466352744817694 -2.01
      vertex 11.7507529374611 5.466352744817694 2.01
      vertex 11.562820073432004 5.216651028193515 2.01
    endloop
  endfacet
  facet normal 0.8294031104696526 -0.5586505887791271 0
    outer loop
      vertex 11.95106890192611 5.763752742850626 -2.01
      vertex 11.95106890192611 5.763752742850626 2.01
      vertex 11.7507529374611 5.466352744817694 2.01
    endloop
  endfacet
  facet normal 0.8588381595111367 -0.5122470261187693 0
    outer loop
      vertex 12.161878858326373 6.117198689298046 -2.01
      vertex 12.161878858326373 6.117198689298046 2.01
      vertex 11.95106890192611 5.763752742850626 2.01
    endloop
  endfacet
  facet normal 0.8870267759020782 -0.46171798625650723 0
    outer loop
      vertex 12.38026377160584 6.536747572594793 -2.01
      vertex 12.38026377160584 6.536747572594793 2.01
      vertex 12.161878858326373 6.117198689298046 2.01
    endloop
  endfacet
  facet normal 0 0 1
    outer loop
      vertex 8.491824272299358 2.199462546171655 2.01
      vertex 9.075238655048832 3.3293374353135006 2.01
      vertex 8.235348792456673 3.0212158648778136 2.01
    endloop
  endfacet
  facet normal 0 0 1
    outer loop
      vertex 8.235348792456673 3.0212158648778136 2.01
      vertex 8.951850645656542 3.620607158807834 2.01
      vertex 7.8995623954795455 3.8138732208294464 2.01
    endloop
  endfacet
  facet normal 0 0 1
    outer loop
      vertex 8.764639445464397 -0.36029203676153543 2.01
      vertex 9.56678787626529 1.340941795260356 2.01
      vertex 8.757750109773557 0.5005277607194869 2.01
    endloop
  endfacet
  facet normal 0 0 1
    outer loop
      vertex 8.666518845958516 1.3565272009052167 2.01
      vertex 8.757750109773557 0.5005277607194869 2.01
      vertex 9.56678787626529 1.340941795260356 2.01
    endloop
  endfacet
  facet normal 0 0 1
    outer loop
      vertex 8.666518845958516 1.3565272009052167 2.01
      vertex 9.56678787626529 1.340941795260356 2.01
      vertex 9.550382003356575 1.4948739185549327 2.01
    endloop
  endfacet
  facet normal 0 0 1
    outer loop
      vertex 9.573084751205782 -1.3418244082818425 2.01
      vertex 11.167146747550635 1.5652582697321133 2.01
      vertex 9.56678787626529 1.340941795260356 2.01
    endloop
  endfacet
  facet normal 0 0 1
    outer loop
      vertex 8.666518845958516 1.3565272009052167 2.01
      vertex 9.357871033903738 2.4237768218992017 2.01
      vertex 8.491824272299358 2.199462546171655 2.01
    endloop
  endfacet
  facet normal 0 0 1
    outer loop
      vertex 8.666518845958516 1.3565272009052167 2.01
      vertex 9.550382003356575 1.4948739185549327 2.01
      vertex 9.357871033903738 2.4237768218992017 2.01
    endloop
  endfacet
  facet normal 0 0 1
    outer loop
      vertex 8.491824272299358 2.199462546171655 2.01
      vertex 9.357871033903738 2.4237768218992017 2.01
      vertex 9.075238655048832 3.3293374353135006 2.01
    endloop
  endfacet
  facet normal 0 0 1
    outer loop
      vertex 8.235348792456673 3.0212158648778136 2.01
      vertex 9.075238655048832 3.3293374353135006 2.01
      vertex 8.951850645656542 3.620607158807834 2.01
    endloop
  endfacet
  facet normal 0 0 1
    outer loop
      vertex 7.4876988977189045 4.5698008977209685 2.01
      vertex 7.8995623954795455 3.8138732208294464 2.01
      vertex 8.951850645656542 3.620607158807834 2.01
    endloop
  endfacet
  facet normal 0 0 1
    outer loop
      vertex 7.4876988977189045 4.5698008977209685 2.01
      vertex 8.951850645656542 3.620607158807834 2.01
      vertex 7.614432774893081 5.944544904446308 2.01
    endloop
  endfacet
  facet normal 0 0 1
    outer loop
      vertex 7.4876988977189045 4.5698008977209685 2.01
      vertex 7.614432774893081 5.944544904446308 2.01
      vertex 7.003724759335659 5.281718887615584 2.01
    endloop
  endfacet
  facet normal 0 0 1
    outer loop
      vertex 6.4523009332231975 5.94277104513032 2.01
      vertex 7.003724759335659 5.281718887615584 2.01
      vertex 7.614432774893081 5.944544904446308 2.01
    endloop
  endfacet
  facet normal 0 0 1
    outer loop
      vertex 6.4523009332231975 5.94277104513032 2.01
      vertex 7.614432774893081 5.944544904446308 2.01
      vertex 7.110344974104885 6.548850188323191 2.01
    endloop
  endfacet
  facet normal 0 0 1
    outer loop
      vertex 7.614432774893081 5.944544904446308 2.01
      vertex 8.951850645656542 3.620607158807834 2.01
      vertex 10.453661904747587 4.22801995188742 2.01
    endloop
  endfacet
  facet normal 0 0 1
    outer loop
      vertex 10.453661904747587 4.22801995188742 2.01
      vertex 10.461795523005371 4.231562675732643 2.01
      vertex 8.89553853213756 6.944399354029855 2.01
    endloop
  endfacet
  facet normal 0 0 1
    outer loop
      vertex 10.461795523005371 4.231562675732643 2.01
      vertex 10.48590620005346 4.243094305531217 2.01
      vertex 8.89553853213756 6.944399354029855 2.01
    endloop
  endfacet
  facet normal 0 0 1
    outer loop
      vertex 10.48590620005346 4.243094305531217 2.01
      vertex 10.525642421785957 4.264043093318987 2.01
      vertex 8.917580557325307 6.95951400520617 2.01
    endloop
  endfacet
  facet normal 0 0 1
    outer loop
      vertex 10.525642421785957 4.264043093318987 2.01
      vertex 10.580752675509462 4.295966595333375 2.01
      vertex 9.010792547338259 7.015217314918048 2.01
    endloop
  endfacet
  facet normal 0 0 1
    outer loop
      vertex 10.580752675509462 4.295966595333375 2.01
      vertex 10.65107021640864 4.340594621762927 2.01
      vertex 9.010792547338259 7.015217314918048 2.01
    endloop
  endfacet
  facet normal 0 0 1
    outer loop
      vertex 7.614432774893081 5.944544904446308 2.01
      vertex 10.453661904747587 4.22801995188742 2.01
      vertex 8.88840364042695 6.939126802017164 2.01
    endloop
  endfacet
  facet normal 0 0 1
    outer loop
      vertex 10.453661904747587 4.22801995188742 2.01
      vertex 8.89553853213756 6.944399354029855 2.01
      vertex 8.88840364042695 6.939126802017164 2.01
    endloop
  endfacet
  facet normal 0 0 1
    outer loop
      vertex 10.48590620005346 4.243094305531217 2.01
      vertex 8.917580557325307 6.95951400520617 2.01
      vertex 8.89553853213756 6.944399354029855 2.01
    endloop
  endfacet
  facet normal 0 0 1
    outer loop
      vertex 8.917580557325307 6.95951400520617 2.01
      vertex 10.525642421785957 4.264043093318987 2.01
      vertex 8.955590850967816 6.983452185575423 2.01
    endloop
  endfacet
  facet normal 0 0 1
    outer loop
      vertex 8.955590850967816 6.983452185575423 2.01
      vertex 10.525642421785957 4.264043093318987 2.01
      vertex 9.010792547338259 7.015217314918048 2.01
    endloop
  endfacet
  facet normal 0 0 1
    outer loop
      vertex 10.65107021640864 4.340594621762927 2.01
      vertex 9.084600317601176 7.053800079910829 2.01
      vertex 9.010792547338259 7.015217314918048 2.01
    endloop
  endfacet
  facet normal 0 0 1
    outer loop
      vertex 10.65107021640864 4.340594621762927 2.01
      vertex 10.736495977369078 4.399877404665453 2.01
      vertex 9.17865359884545 7.098139560047916 2.01
    endloop
  endfacet
  facet normal 0 0 1
    outer loop
      vertex 10.736495977369078 4.399877404665453 2.01
      vertex 10.836978404880703 4.476041088193439 2.01
      vertex 9.17865359884545 7.098139560047916 2.01
    endloop
  endfacet
  facet normal 0 0 1
    outer loop
      vertex 10.836978404880703 4.476041088193439 2.01
      vertex 10.952488297759903 4.571652653939683 2.01
      vertex 9.294854492757015 7.147078056475009 2.01
    endloop
  endfacet
  facet normal 0 0 1
    outer loop
      vertex 10.65107021640864 4.340594621762927 2.01
      vertex 9.17865359884545 7.098139560047916 2.01
      vertex 9.084600317601176 7.053800079910829 2.01
    endloop
  endfacet
  facet normal 0 0 1
    outer loop
      vertex 10.836978404880703 4.476041088193439 2.01
      vertex 9.294854492757015 7.147078056475009 2.01
      vertex 9.17865359884545 7.098139560047916 2.01
    endloop
  endfacet
  facet normal 0 0 1
    outer loop
      vertex 10.952488297759903 4.571652653939683 2.01
      vertex 9.435411477300816 7.1993067776159965 2.01
      vertex 9.294854492757015 7.147078056475009 2.01
    endloop
  endfacet
  facet normal 0 0 1
    outer loop
      vertex 10.952488297759903 4.571652653939683 2.01
      vertex 9.602889978599906 7.253298849275298 2.01
      vertex 9.435411477300816 7.1993067776159965 2.01
    endloop
  endfacet
  facet normal 0 0 1
    outer loop
      vertex 11.082986046733726 4.689697241687792 2.01
      vertex 9.800271112259107 7.307225034412644 2.01
      vertex 9.602889978599906 7.253298849275298 2.01
    endloop
  endfacet
  facet normal 0 0 1
    outer loop
      vertex 11.388457112684387 5.0076950259863455 2.01
      vertex 10.031019660758142 7.358845655800616 2.01
      vertex 9.800271112259107 7.307225034412644 2.01
    endloop
  endfacet
  facet normal 0 0 1
    outer loop
      vertex 11.1759620301749 -1.5662569863626932 2.01
      vertex 11.175962028263243 1.5662569899912537 2.01
      vertex 11.167146747550635 1.5652582697321133 2.01
    endloop
  endfacet
  facet normal 0 0 1
    outer loop
      vertex 11.202608303610065 -1.5683256417979137 2.01
      vertex 11.20260830157664 1.568325647973662 2.01
      vertex 11.175962028263243 1.5662569899912537 2.01
    endloop
  endfacet
  facet normal 0 0 1
    outer loop
      vertex 11.247495277028309 -1.5700515661485368 2.01
      vertex 11.2474952771096 1.5700515709614224 2.01
      vertex 11.20260830157664 1.568325647973662 2.01
    endloop
  endfacet
  facet normal 0 0 1
    outer loop
      vertex 11.247495277028309 -1.5700515661485368 2.01
      vertex 11.311183913301427 1.569960131907337 2.01
      vertex 11.2474952771096 1.5700515709614224 2.01
    endloop
  endfacet
  facet normal 0 0 1
    outer loop
      vertex 11.394394695277668 -1.56646990062192 2.01
      vertex 11.394394696433732 1.5664699005299703 2.01
      vertex 11.311183913301427 1.569960131907337 2.01
    endloop
  endfacet
  facet normal 0 0 1
    outer loop
      vertex 11.498016967001927 -1.5578423799891665 2.01
      vertex 11.498016966533202 1.5578423812814544 2.01
      vertex 11.394394696433732 1.5664699005299703 2.01
    endloop
  endfacet
  facet normal 0 0 1
    outer loop
      vertex 11.623119144188552 -1.5421239089969847 2.01
      vertex 11.623119145876654 1.54212391330155 2.01
      vertex 11.498016966533202 1.5578423812814544 2.01
    endloop
  endfacet
  facet normal 0 0 1
    outer loop
      vertex 11.623119144188552 -1.5421239089969847 2.01
      vertex 11.770959423658644 1.5170768156618863 2.01
      vertex 11.623119145876654 1.54212391330155 2.01
    endloop
  endfacet
  facet normal 0 0 1
    outer loop
      vertex 11.770959422954704 -1.517076814109198 2.01
      vertex 11.942996092095543 1.4800960763250368 2.01
      vertex 11.770959423658644 1.5170768156618863 2.01
    endloop
  endfacet
  facet normal 0 0 1
    outer loop
      vertex 11.942996091556337 -1.4800960749570298 2.01
      vertex 12.140896260693866 1.4281069558268669 2.01
      vertex 11.942996092095543 1.4800960763250368 2.01
    endloop
  endfacet
  facet normal 0 0 1
    outer loop
      vertex 12.36654068124781 -1.3574374484364613 2.01
      vertex 12.622021439729945 1.2636577160829374 2.01
      vertex 12.36654067817886 1.3574374515988403 2.01
    endloop
  endfacet
  facet normal 0 0 1
    outer loop
      vertex 12.36654068124781 -1.3574374484364613 2.01
      vertex 12.36654067817886 1.3574374515988403 2.01
      vertex 12.140896260693866 1.4281069558268669 2.01
    endloop
  endfacet
  facet normal 0 0 1
    outer loop
      vertex 12.909626925455262 -1.1413761265983622 2.01
      vertex 12.909626922128934 1.1413761245799858 2.01
      vertex 12.622021439729945 1.2636577160829374 2.01
    endloop
  endfacet
  facet normal 0 0 1
    outer loop
      vertex 13.231805639036676 -0.9839781533994242 2.01
      vertex 13.231805642433887 0.983978155139712 2.01
      vertex 12.909626922128934 1.1413761245799858 2.01
    endloop
  endfacet
  facet normal 0 0 1
    outer loop
      vertex 13.591095393258387 -0.7832899608201025 2.01
      vertex 13.591095396513897 0.7832899655474392 2.01
      vertex 13.231805642433887 0.983978155139712 2.01
    endloop
  endfacet
  facet normal 0 0 1
    outer loop
      vertex 13.591095393258387 -0.7832899608201025 2.01
      vertex 13.9899967205676 0.529142430285461 2.01
      vertex 13.591095396513897 0.7832899655474392 2.01
    endloop
  endfacet
  facet normal 0 0 1
    outer loop
      vertex 10.952488297759903 4.571652653939683 2.01
      vertex 11.082986046733726 4.689697241687792 2.01
      vertex 9.602889978599906 7.253298849275298 2.01
    endloop
  endfacet
  facet normal 0 0 1
    outer loop
      vertex 11.082986046733726 4.689697241687792 2.01
      vertex 11.228378067062483 4.83367122675765 2.01
      vertex 9.800271112259107 7.307225034412644 2.01
    endloop
  endfacet
  facet normal 0 0 1
    outer loop
      vertex 11.228378067062483 4.83367122675765 2.01
      vertex 11.388457112684387 5.0076950259863455 2.01
      vertex 9.800271112259107 7.307225034412644 2.01
    endloop
  endfacet
  facet normal 0 0 1
    outer loop
      vertex 11.388457112684387 5.0076950259863455 2.01
      vertex 11.562820073432004 5.216651028193515 2.01
      vertex 10.29916235516164 7.405370401405083 2.01
    endloop
  endfacet
  facet normal 0 0 1
    outer loop
      vertex 11.562820073432004 5.216651028193515 2.01
      vertex 11.7507529374611 5.466352744817694 2.01
      vertex 10.29916235516164 7.405370401405083 2.01
    endloop
  endfacet
  facet normal 0 0 1
    outer loop
      vertex 11.388457112684387 5.0076950259863455 2.01
      vertex 10.29916235516164 7.405370401405083 2.01
      vertex 10.031019660758142 7.358845655800616 2.01
    endloop
  endfacet
  facet normal 0 0 1
    outer loop
      vertex 11.7507529374611 5.466352744817694 2.01
      vertex 10.609376804240272 7.443274182732051 2.01
      vertex 10.29916235516164 7.405370401405083 2.01
    endloop
  endfacet
  facet normal 0 0 1
    outer loop
      vertex 11.95106890192611 5.763752742850626 2.01
      vertex 10.967090749022153 7.46805290088507 2.01
      vertex 10.609376804240272 7.443274182732051 2.01
    endloop
  endfacet
  facet normal 0 0 1
    outer loop
      vertex 11.7507529374611 5.466352744817694 2.01
      vertex 11.95106890192611 5.763752742850626 2.01
      vertex 10.609376804240272 7.443274182732051 2.01
    endloop
  endfacet
  facet normal 0 0 1
    outer loop
      vertex 11.95106890192611 5.763752742850626 2.01
      vertex 12.161878858326373 6.117198689298046 2.01
      vertex 10.967090749022153 7.46805290088507 2.01
    endloop
  endfacet
  facet normal 0 0 1
    outer loop
      vertex 12.161878858326373 6.117198689298046 2.01
      vertex 12.38026377160584 6.536747572594793 2.01
      vertex 11.378588892795285 7.473896709843564 2.01
    endloop
  endfacet
  facet normal 0.8667423524828116 -0.4987561472428805 0
    outer loop
      vertex 7.015217310682609 9.0107925429388 -2.01
      vertex 7.015217310682609 9.0107925429388 2.01
      vertex 6.983452183709321 8.95559085563742 2.01
    endloop
  endfacet
  facet normal 0.8862184093485702 -0.46326766661584534 0
    outer loop
      vertex 7.0538000735147435 9.084600315786718 -2.01
      vertex 7.0538000735147435 9.084600315786718 2.01
      vertex 7.015217310682609 9.0107925429388 2.01
    endloop
  endfacet
  facet normal 0.9045253290241523 -0.4264198976991446 0
    outer loop
      vertex 7.098139562336474 9.178653597379911 -2.01
      vertex 7.098139562336474 9.178653597379911 2.01
      vertex 7.0538000735147435 9.084600315786718 2.01
    endloop
  endfacet
  facet normal 0.921601901838585 -0.38813648955941105 0
    outer loop
      vertex 7.147078055995113 9.294854495883719 -2.01
      vertex 7.147078055995113 9.294854495883719 2.01
      vertex 7.098139562336474 9.178653597379911 2.01
    endloop
  endfacet
  facet normal 0.9373777405525252 -0.34831447216078015 0
    outer loop
      vertex 7.1993067690150205 9.435411483650705 -2.01
      vertex 7.1993067690150205 9.435411483650705 2.01
      vertex 7.147078055995113 9.294854495883719 2.01
    endloop
  endfacet
  facet normal 0.9517637910610013 -0.306831690060187 0
    outer loop
      vertex 7.2532988498685445 9.602889971776694 -2.01
      vertex 7.2532988498685445 9.602889971776694 2.01
      vertex 7.1993067690150205 9.435411483650705 2.01
    endloop
  endfacet
  facet normal 0.9646459133683634 -0.26354935367349336 0
    outer loop
      vertex 7.307225031974913 9.800271109189435 -2.01
      vertex 7.307225031974913 9.800271109189435 2.01
      vertex 7.2532988498685445 9.602889971776694 2.01
    endloop
  endfacet
  facet normal 0.9758787430449473 -0.21831325858273898 0
    outer loop
      vertex 7.358845655261466 10.031019664247927 -2.01
      vertex 7.358845655261466 10.031019664247927 2.01
      vertex 7.307225031974913 9.800271109189435 2.01
    endloop
  endfacet
  facet normal 0.9852791376552983 -0.17095327110421685 0
    outer loop
      vertex 7.405370409289919 10.299162351619108 -2.01
      vertex 7.405370409289919 10.299162351619108 2.01
      vertex 7.358845655261466 10.031019664247927 2.01
    endloop
  endfacet
  facet normal -0.46326769973415544 0.8862183920360851 0
    outer loop
      vertex 9.010792547338259 7.015217314918048 -2.01
      vertex 9.010792547338259 7.015217314918048 2.01
      vertex 9.084600317601176 7.053800079910829 2.01
    endloop
  endfacet
  facet normal -0.42641983065889294 0.9045253606288997 0
    outer loop
      vertex 9.084600317601176 7.053800079910829 -2.01
      vertex 9.084600317601176 7.053800079910829 2.01
      vertex 9.17865359884545 7.098139560047916 2.01
    endloop
  endfacet
  facet normal -0.3881365212367774 0.9216018884975296 0
    outer loop
      vertex 9.17865359884545 7.098139560047916 -2.01
      vertex 9.17865359884545 7.098139560047916 2.01
      vertex 9.294854492757015 7.147078056475009 2.01
    endloop
  endfacet
  facet normal -0.3483145267679608 0.9373777202613743 0
    outer loop
      vertex 9.294854492757015 7.147078056475009 -2.01
      vertex 9.294854492757015 7.147078056475009 2.01
      vertex 9.435411477300816 7.1993067776159965 2.01
    endloop
  endfacet
  facet normal -0.30683162086754356 0.9517638133674741 0
    outer loop
      vertex 9.435411477300816 7.1993067776159965 -2.01
      vertex 9.435411477300816 7.1993067776159965 2.01
      vertex 9.602889978599906 7.253298849275298 2.01
    endloop
  endfacet
  facet normal -0.2635493721213974 0.964645908328241 0
    outer loop
      vertex 9.602889978599906 7.253298849275298 -2.01
      vertex 9.602889978599906 7.253298849275298 2.01
      vertex 9.800271112259107 7.307225034412644 2.01
    endloop
  endfacet
  facet normal -0.21831325684615524 0.9758787434334373 0
    outer loop
      vertex 9.800271112259107 7.307225034412644 -2.01
      vertex 9.800271112259107 7.307225034412644 2.01
      vertex 10.031019660758142 7.358845655800616 2.01
    endloop
  endfacet
  facet normal -0.17095323670285492 0.9852791436241901 0
    outer loop
      vertex 10.031019660758142 7.358845655800616 -2.01
      vertex 10.031019660758142 7.358845655800616 2.01
      vertex 10.29916235516164 7.405370401405083 2.01
    endloop
  endfacet
  facet normal -0.121283747794122 0.9926178784008536 0
    outer loop
      vertex 10.29916235516164 7.405370401405083 -2.01
      vertex 10.29916235516164 7.405370401405083 2.01
      vertex 10.609376804240272 7.443274182732051 2.01
    endloop
  endfacet
  facet normal 0.992617882723496 -0.12128371241648153 0
    outer loop
      vertex 7.443274180637568 10.609376810862738 -2.01
      vertex 7.443274180637568 10.609376810862738 2.01
      vertex 7.405370409289919 10.299162351619108 2.01
    endloop
  endfacet
  facet normal 0.9976094579547679 -0.06910404763249461 0
    outer loop
      vertex 7.46805289618605 10.967090748526687 -2.01
      vertex 7.46805289618605 10.967090748526687 2.01
      vertex 7.443274180637568 10.609376810862738 2.01
    endloop
  endfacet
  facet normal 0.9998991768198495 -0.014199866020045016 0
    outer loop
      vertex 7.473896703960341 11.37858889750627 -2.01
      vertex 7.473896703960341 11.37858889750627 2.01
      vertex 7.46805289618605 10.967090748526687 2.01
    endloop
  endfacet
  facet normal 0.9990467150488783 0.043653878980513636 0
    outer loop
      vertex 7.453249146967757 11.851121338356107 -2.01
      vertex 7.453249146967757 11.851121338356107 2.01
      vertex 7.473896703960341 11.37858889750627 2.01
    endloop
  endfacet
  facet normal -0.06910405349296764 0.9976094575488151 0
    outer loop
      vertex 10.609376804240272 7.443274182732051 -2.01
      vertex 10.609376804240272 7.443274182732051 2.01
      vertex 10.967090749022153 7.46805290088507 2.01
    endloop
  endfacet
  facet normal -0.014199869076587874 0.9998991767764428 0
    outer loop
      vertex 10.967090749022153 7.46805290088507 -2.01
      vertex 10.967090749022153 7.46805290088507 2.01
      vertex 11.378588892795285 7.473896709843564 2.01
    endloop
  endfacet
  facet normal 0.04365388619982758 0.9990467147334265 0
    outer loop
      vertex 11.378588892795285 7.473896709843564 -2.01
      vertex 11.378588892795285 7.473896709843564 2.01
      vertex 11.851121346115765 7.453249148884934 2.01
    endloop
  endfacet
  facet normal 0.86602540635962 0.49999999553965513 0
    outer loop
      vertex 11.851121346115765 7.453249148884934 -2.01
      vertex 11.851121346115765 7.453249148884934 2.01
      vertex 12.38026377160584 6.536747572594793 2.01
    endloop
  endfacet
  facet normal 0 0 1
    outer loop
      vertex 6.117198686670332 12.161878858342725 2.01
      vertex 7.46805289618605 10.967090748526687 2.01
      vertex 7.473896703960341 11.37858889750627 2.01
    endloop
  endfacet
  facet normal 0 0 1
    outer loop
      vertex 6.117198686670332 12.161878858342725 2.01
      vertex 7.473896703960341 11.37858889750627 2.01
      vertex 7.453249146967757 11.851121338356107 2.01
    endloop
  endfacet
  facet normal 0 0 1
    outer loop
      vertex 12.161878858326373 6.117198689298046 2.01
      vertex 11.378588892795285 7.473896709843564 2.01
      vertex 10.967090749022153 7.46805290088507 2.01
    endloop
  endfacet
  facet normal 0 0 1
    outer loop
      vertex 12.38026377160584 6.536747572594793 2.01
      vertex 11.851121346115765 7.453249148884934 2.01
      vertex 11.378588892795285 7.473896709843564 2.01
    endloop
  endfacet
  facet normal 0 0 -1
    outer loop
      vertex -2.048477701842785 -1.6811422035098076 -2.01
      vertex -7.003724759335659 -5.281718887615584 -2.01
      vertex -7.4876988977189045 -4.5698008977209685 -2.01
    endloop
  endfacet
  facet normal 0 0 -1
    outer loop
      vertex -1.4722611159086227 -2.2033944725990295 -2.01
      vertex -5.168944662562453 -7.087363833681329 -2.01
      vertex -5.838737913996498 -6.546591063774667 -2.01
    endloop
  endfacet
  facet normal 0 0 -1
    outer loop
      vertex -1.249201349914074 -2.337091349065304 -2.01
      vertex -4.449371644327583 -7.559881410067097 -2.01
      vertex -5.168944662562453 -7.087363833681329 -2.01
    endloop
  endfacet
  facet normal 0 0 -1
    outer loop
      vertex -1.6811422035098076 -2.048477701842785 -2.01
      vertex -5.838737913996498 -6.546591063774667 -2.01
      vertex -6.4523009332231975 -5.94277104513032 -2.01
    endloop
  endfacet
  facet normal 0 0 -1
    outer loop
      vertex -1.8738329708576202 -1.8738329708576202 -2.01
      vertex -6.4523009332231975 -5.94277104513032 -2.01
      vertex -7.003724759335659 -5.281718887615584 -2.01
    endloop
  endfacet
  facet normal 0 0 -1
    outer loop
      vertex -2.337091349065304 -1.249201349914074 -2.01
      vertex -7.8995623954795455 -3.8138732208294464 -2.01
      vertex -8.235348792456673 -3.0212158648778136 -2.01
    endloop
  endfacet
  facet normal 0 0 -1
    outer loop
      vertex -2.4482807591557503 -1.0141110941767693 -2.01
      vertex -8.235348792456673 -3.0212158648778136 -2.01
      vertex -8.491824272299358 -2.199462546171655 -2.01
    endloop
  endfacet
  facet normal 0 0 -1
    outer loop
      vertex -2.2033944725990295 -1.4722611159086227 -2.01
      vertex -7.4876988977189045 -4.5698008977209685 -2.01
      vertex -7.8995623954795455 -3.8138732208294464 -2.01
    endloop
  endfacet
  facet normal 0 0 -1
    outer loop
      vertex -2.535891890525818 -0.7692543938755989 -2.01
      vertex -8.491824272299358 -2.199462546171655 -2.01
      vertex -8.666518845958516 -1.3565272009052167 -2.01
    endloop
  endfacet
  facet normal 0 0 -1
    outer loop
      vertex -2.5990809947252274 -0.5169893503189087 -2.01
      vertex -8.666518845958516 -1.3565272009052167 -2.01
      vertex -8.757750109773557 -0.5005277607194869 -2.01
    endloop
  endfacet
  facet normal 0 0 -1
    outer loop
      vertex -2.649999998509884 0 -2.01
      vertex -8.757750109773557 -0.5005277607194869 -2.01
      vertex -8.764639445464397 0.36029203676153543 -2.01
    endloop
  endfacet
  facet normal 0 0 -1
    outer loop
      vertex -2.048477701842785 -1.6811422035098076 -2.01
      vertex -1.8738329708576202 -1.8738329708576202 -2.01
      vertex -7.003724759335659 -5.281718887615584 -2.01
    endloop
  endfacet
  facet normal 0 0 -1
    outer loop
      vertex -2.337091349065304 -1.249201349914074 -2.01
      vertex -8.235348792456673 -3.0212158648778136 -2.01
      vertex -2.4482807591557503 -1.0141110941767693 -2.01
    endloop
  endfacet
  facet normal 0 0 -1
    outer loop
      vertex -2.2033944725990295 -1.4722611159086227 -2.01
      vertex -7.8995623954795455 -3.8138732208294464 -2.01
      vertex -2.337091349065304 -1.249201349914074 -2.01
    endloop
  endfacet
  facet normal 0 0 -1
    outer loop
      vertex -2.2033944725990295 -1.4722611159086227 -2.01
      vertex -2.048477701842785 -1.6811422035098076 -2.01
      vertex -7.4876988977189045 -4.5698008977209685 -2.01
    endloop
  endfacet
  facet normal 0 0 -1
    outer loop
      vertex -2.535891890525818 -0.7692543938755989 -2.01
      vertex -2.4482807591557503 -1.0141110941767693 -2.01
      vertex -8.491824272299358 -2.199462546171655 -2.01
    endloop
  endfacet
  facet normal 0 0 -1
    outer loop
      vertex -2.535891890525818 -0.7692543938755989 -2.01
      vertex -8.666518845958516 -1.3565272009052167 -2.01
      vertex -2.5990809947252274 -0.5169893503189087 -2.01
    endloop
  endfacet
  facet normal 0 0 -1
    outer loop
      vertex -2.5990809947252274 -0.5169893503189087 -2.01
      vertex -8.757750109773557 -0.5005277607194869 -2.01
      vertex -2.637239523231983 -0.25974541902542114 -2.01
    endloop
  endfacet
  facet normal 0 0 -1
    outer loop
      vertex -2.637239523231983 -0.25974541902542114 -2.01
      vertex -8.757750109773557 -0.5005277607194869 -2.01
      vertex -2.649999998509884 0 -2.01
    endloop
  endfacet
  facet normal 0 0 -1
    outer loop
      vertex -1.0141110941767693 -2.4482807591557503 -2.01
      vertex -3.6869487459944263 -7.959593199313643 -2.01
      vertex -4.449371644327583 -7.559881410067097 -2.01
    endloop
  endfacet
  facet normal 0 0 -1
    outer loop
      vertex -0.7692543938755989 -2.535891890525818 -2.01
      vertex -2.8890185203535528 -8.282649757990722 -2.01
      vertex -3.6869487459944263 -7.959593199313643 -2.01
    endloop
  endfacet
  facet normal 0 0 -1
    outer loop
      vertex -0.5169893503189087 -2.5990809947252274 -2.01
      vertex -2.06326546382168 -8.525939865290216 -2.01
      vertex -2.8890185203535528 -8.282649757990722 -2.01
    endloop
  endfacet
  facet normal 0 0 -1
    outer loop
      vertex -1.4722611159086227 -2.2033944725990295 -2.01
      vertex -5.838737913996498 -6.546591063774667 -2.01
      vertex -1.6811422035098076 -2.048477701842785 -2.01
    endloop
  endfacet
  facet normal 0 0 -1
    outer loop
      vertex -1.4722611159086227 -2.2033944725990295 -2.01
      vertex -1.249201349914074 -2.337091349065304 -2.01
      vertex -5.168944662562453 -7.087363833681329 -2.01
    endloop
  endfacet
  facet normal 0 0 -1
    outer loop
      vertex -1.249201349914074 -2.337091349065304 -2.01
      vertex -1.0141110941767693 -2.4482807591557503 -2.01
      vertex -4.449371644327583 -7.559881410067097 -2.01
    endloop
  endfacet
  facet normal 0 0 -1
    outer loop
      vertex -1.0141110941767693 -2.4482807591557503 -2.01
      vertex -0.7692543938755989 -2.535891890525818 -2.01
      vertex -3.6869487459944263 -7.959593199313643 -2.01
    endloop
  endfacet
  facet normal 0 0 -1
    outer loop
      vertex -0.25974541902542114 -2.637239523231983 -2.01
      vertex -1.2176420294079815 -8.687120514582569 -2.01
      vertex -2.06326546382168 -8.525939865290216 -2.01
    endloop
  endfacet
  facet normal 0 0 -1
    outer loop
      vertex 0 -2.649999998509884 -2.01
      vertex -0.36029203676153543 -8.764639445464397 -2.01
      vertex -1.2176420294079815 -8.687120514582569 -2.01
    endloop
  endfacet
  facet normal 0 0 -1
    outer loop
      vertex -0.7692543938755989 -2.535891890525818 -2.01
      vertex -0.5169893503189087 -2.5990809947252274 -2.01
      vertex -2.8890185203535528 -8.282649757990722 -2.01
    endloop
  endfacet
  facet normal 0 0 -1
    outer loop
      vertex -0.5169893503189087 -2.5990809947252274 -2.01
      vertex -0.25974541902542114 -2.637239523231983 -2.01
      vertex -2.06326546382168 -8.525939865290216 -2.01
    endloop
  endfacet
  facet normal 0 0 -1
    outer loop
      vertex -0.25974541902542114 -2.637239523231983 -2.01
      vertex 0 -2.649999998509884 -2.01
      vertex -1.2176420294079815 -8.687120514582569 -2.01
    endloop
  endfacet
  facet normal 0 0 -1
    outer loop
      vertex 0 -2.649999998509884 -2.01
      vertex 0.25974541902542114 -2.637239523231983 -2.01
      vertex -0.36029203676153543 -8.764639445464397 -2.01
    endloop
  endfacet
  facet normal 0 0 -1
    outer loop
      vertex -1.6811422035098076 -2.048477701842785 -2.01
      vertex -6.4523009332231975 -5.94277104513032 -2.01
      vertex -1.8738329708576202 -1.8738329708576202 -2.01
    endloop
  endfacet
  facet normal 0.6715589537985378 0.7409511263052464 0
    outer loop
      vertex -1.6811422035098076 -2.048477701842785 -2.01
      vertex -1.8738329708576202 -1.8738329708576202 -2.01
      vertex -1.8738329708576202 -1.8738329708576202 2.01
    endloop
  endfacet
  facet normal 0.9891765122418353 0.14673045910470797 0
    outer loop
      vertex -2.5990809947252274 -0.5169893503189087 -2.01
      vertex -2.637239523231983 -0.25974541902542114 -2.01
      vertex -2.637239523231983 -0.25974541902542114 2.01
    endloop
  endfacet
  facet normal 0.998795455998039 0.04906767854371735 0
    outer loop
      vertex -2.637239523231983 -0.25974541902542114 -2.01
      vertex -2.649999998509884 0 -2.01
      vertex -2.649999998509884 0 2.01
    endloop
  endfacet
  facet normal 0.8577286135667469 0.514102738242918 0
    outer loop
      vertex -2.2033944725990295 -1.4722611159086227 -2.01
      vertex -2.337091349065304 -1.249201349914074 -2.01
      vertex -2.337091349065304 -1.249201349914074 2.01
    endloop
  endfacet
  facet normal 0.9039892931659209 0.4275550933404707 0
    outer loop
      vertex -2.337091349065304 -1.249201349914074 -2.01
      vertex -2.4482807591557503 -1.0141110941767693 -2.01
      vertex -2.4482807591557503 -1.0141110941767693 2.01
    endloop
  endfacet
  facet normal 0.8032075351034493 0.5956992996076471 0
    outer loop
      vertex -2.2033944725990295 -1.4722611159086227 -2.01
      vertex -2.2033944725990295 -1.4722611159086227 2.01
      vertex -2.048477701842785 -1.6811422035098076 -2.01
    endloop
  endfacet
  facet normal 0.7409511263052464 0.6715589537985378 0
    outer loop
      vertex -2.048477701842785 -1.6811422035098076 -2.01
      vertex -2.048477701842785 -1.6811422035098076 2.01
      vertex -1.8738329708576202 -1.8738329708576202 -2.01
    endloop
  endfacet
  facet normal 0.941544061401776 0.33688986396009074 0
    outer loop
      vertex -2.535891890525818 -0.7692543938755989 -2.01
      vertex -2.535891890525818 -0.7692543938755989 2.01
      vertex -2.4482807591557503 -1.0141110941767693 -2.01
    endloop
  endfacet
  facet normal 0.9700312529440649 0.24298018090323184 0
    outer loop
      vertex -2.535891890525818 -0.7692543938755989 -2.01
      vertex -2.5990809947252274 -0.5169893503189087 -2.01
      vertex -2.5990809947252274 -0.5169893503189087 2.01
    endloop
  endfacet
  facet normal 0.514102738242918 0.8577286135667469 0
    outer loop
      vertex -1.4722611159086227 -2.2033944725990295 -2.01
      vertex -1.4722611159086227 -2.2033944725990295 2.01
      vertex -1.249201349914074 -2.337091349065304 -2.01
    endloop
  endfacet
  facet normal 0.5956992996076471 0.8032075351034493 0
    outer loop
      vertex -1.4722611159086227 -2.2033944725990295 -2.01
      vertex -1.6811422035098076 -2.048477701842785 -2.01
      vertex -1.6811422035098076 -2.048477701842785 2.01
    endloop
  endfacet
  facet normal 0.4275550933404707 0.9039892931659209 0
    outer loop
      vertex -1.249201349914074 -2.337091349065304 -2.01
      vertex -1.249201349914074 -2.337091349065304 2.01
      vertex -1.0141110941767693 -2.4482807591557503 -2.01
    endloop
  endfacet
  facet normal 0.33688986396009074 0.941544061401776 0
    outer loop
      vertex -1.0141110941767693 -2.4482807591557503 -2.01
      vertex -1.0141110941767693 -2.4482807591557503 2.01
      vertex -0.7692543938755989 -2.535891890525818 -2.01
    endloop
  endfacet
  facet normal 0.04906767854371735 0.998795455998039 0
    outer loop
      vertex -0.25974541902542114 -2.637239523231983 -2.01
      vertex -0.25974541902542114 -2.637239523231983 2.01
      vertex 0 -2.649999998509884 -2.01
    endloop
  endfacet
  facet normal 0.24298018090323184 0.9700312529440649 0
    outer loop
      vertex -0.7692543938755989 -2.535891890525818 -2.01
      vertex -0.7692543938755989 -2.535891890525818 2.01
      vertex -0.5169893503189087 -2.5990809947252274 -2.01
    endloop
  endfacet
  facet normal 0.14673045910470797 0.9891765122418353 0
    outer loop
      vertex -0.5169893503189087 -2.5990809947252274 -2.01
      vertex -0.5169893503189087 -2.5990809947252274 2.01
      vertex -0.25974541902542114 -2.637239523231983 -2.01
    endloop
  endfacet
  facet normal 0.7409511263052464 0.6715589537985378 0
    outer loop
      vertex -1.8738329708576202 -1.8738329708576202 -2.01
      vertex -2.048477701842785 -1.6811422035098076 2.01
      vertex -1.8738329708576202 -1.8738329708576202 2.01
    endloop
  endfacet
  facet normal 0.998795455998039 0.04906767854371735 0
    outer loop
      vertex -2.637239523231983 -0.25974541902542114 -2.01
      vertex -2.649999998509884 0 2.01
      vertex -2.637239523231983 -0.25974541902542114 2.01
    endloop
  endfacet
  facet normal 0.8577286135667469 0.514102738242918 0
    outer loop
      vertex -2.2033944725990295 -1.4722611159086227 -2.01
      vertex -2.337091349065304 -1.249201349914074 2.01
      vertex -2.2033944725990295 -1.4722611159086227 2.01
    endloop
  endfacet
  facet normal 0.941544061401776 0.33688986396009074 0
    outer loop
      vertex -2.4482807591557503 -1.0141110941767693 -2.01
      vertex -2.535891890525818 -0.7692543938755989 2.01
      vertex -2.4482807591557503 -1.0141110941767693 2.01
    endloop
  endfacet
  facet normal 0.9039892931659209 0.4275550933404707 0
    outer loop
      vertex -2.337091349065304 -1.249201349914074 -2.01
      vertex -2.4482807591557503 -1.0141110941767693 2.01
      vertex -2.337091349065304 -1.249201349914074 2.01
    endloop
  endfacet
  facet normal 0.8032075351034493 0.5956992996076471 0
    outer loop
      vertex -2.048477701842785 -1.6811422035098076 -2.01
      vertex -2.2033944725990295 -1.4722611159086227 2.01
      vertex -2.048477701842785 -1.6811422035098076 2.01
    endloop
  endfacet
  facet normal 0.9700312529440649 0.24298018090323184 0
    outer loop
      vertex -2.535891890525818 -0.7692543938755989 -2.01
      vertex -2.5990809947252274 -0.5169893503189087 2.01
      vertex -2.535891890525818 -0.7692543938755989 2.01
    endloop
  endfacet
  facet normal 0.9891765122418353 0.14673045910470797 0
    outer loop
      vertex -2.5990809947252274 -0.5169893503189087 -2.01
      vertex -2.637239523231983 -0.25974541902542114 2.01
      vertex -2.5990809947252274 -0.5169893503189087 2.01
    endloop
  endfacet
  facet normal 0.514102738242918 0.8577286135667469 0
    outer loop
      vertex -1.249201349914074 -2.337091349065304 -2.01
      vertex -1.4722611159086227 -2.2033944725990295 2.01
      vertex -1.249201349914074 -2.337091349065304 2.01
    endloop
  endfacet
  facet normal 0.6715589537985378 0.7409511263052464 0
    outer loop
      vertex -1.6811422035098076 -2.048477701842785 -2.01
      vertex -1.8738329708576202 -1.8738329708576202 2.01
      vertex -1.6811422035098076 -2.048477701842785 2.01
    endloop
  endfacet
  facet normal 0.5956992996076471 0.8032075351034493 0
    outer loop
      vertex -1.4722611159086227 -2.2033944725990295 -2.01
      vertex -1.6811422035098076 -2.048477701842785 2.01
      vertex -1.4722611159086227 -2.2033944725990295 2.01
    endloop
  endfacet
  facet normal 0.4275550933404707 0.9039892931659209 0
    outer loop
      vertex -1.0141110941767693 -2.4482807591557503 -2.01
      vertex -1.249201349914074 -2.337091349065304 2.01
      vertex -1.0141110941767693 -2.4482807591557503 2.01
    endloop
  endfacet
  facet normal 0.14673045910470797 0.9891765122418353 0
    outer loop
      vertex -0.25974541902542114 -2.637239523231983 -2.01
      vertex -0.5169893503189087 -2.5990809947252274 2.01
      vertex -0.25974541902542114 -2.637239523231983 2.01
    endloop
  endfacet
  facet normal 0.04906767854371735 0.998795455998039 0
    outer loop
      vertex -0.25974541902542114 -2.637239523231983 2.01
      vertex 0 -2.649999998509884 2.01
      vertex 0 -2.649999998509884 -2.01
    endloop
  endfacet
  facet normal 0.33688986396009074 0.941544061401776 0
    outer loop
      vertex -0.7692543938755989 -2.535891890525818 -2.01
      vertex -1.0141110941767693 -2.4482807591557503 2.01
      vertex -0.7692543938755989 -2.535891890525818 2.01
    endloop
  endfacet
  facet normal 0.24298018090323184 0.9700312529440649 0
    outer loop
      vertex -0.5169893503189087 -2.5990809947252274 -2.01
      vertex -0.7692543938755989 -2.535891890525818 2.01
      vertex -0.5169893503189087 -2.5990809947252274 2.01
    endloop
  endfacet
  facet normal 0 0 1
    outer loop
      vertex -2.2033944725990295 -1.4722611159086227 2.01
      vertex -7.4876988977189045 -4.5698008977209685 2.01
      vertex -7.003724759335659 -5.281718887615584 2.01
    endloop
  endfacet
  facet normal 0 0 1
    outer loop
      vertex -1.4722611159086227 -2.2033944725990295 2.01
      vertex -5.168944662562453 -7.087363833681329 2.01
      vertex -4.449371644327583 -7.559881410067097 2.01
    endloop
  endfacet
  facet normal 0 0 1
    outer loop
      vertex -1.8738329708576202 -1.8738329708576202 2.01
      vertex -6.4523009332231975 -5.94277104513032 2.01
      vertex -5.838737913996498 -6.546591063774667 2.01
    endloop
  endfacet
  facet normal 0 0 1
    outer loop
      vertex -2.048477701842785 -1.6811422035098076 2.01
      vertex -7.003724759335659 -5.281718887615584 2.01
      vertex -6.4523009332231975 -5.94277104513032 2.01
    endloop
  endfacet
  facet normal 0 0 1
    outer loop
      vertex -1.6811422035098076 -2.048477701842785 2.01
      vertex -5.838737913996498 -6.546591063774667 2.01
      vertex -5.168944662562453 -7.087363833681329 2.01
    endloop
  endfacet
  facet normal 0 0 1
    outer loop
      vertex -2.4482807591557503 -1.0141110941767693 2.01
      vertex -8.235348792456673 -3.0212158648778136 2.01
      vertex -7.8995623954795455 -3.8138732208294464 2.01
    endloop
  endfacet
  facet normal 0 0 1
    outer loop
      vertex -2.535891890525818 -0.7692543938755989 2.01
      vertex -8.491824272299358 -2.199462546171655 2.01
      vertex -8.235348792456673 -3.0212158648778136 2.01
    endloop
  endfacet
  facet normal 0 0 1
    outer loop
      vertex -2.337091349065304 -1.249201349914074 2.01
      vertex -7.8995623954795455 -3.8138732208294464 2.01
      vertex -7.4876988977189045 -4.5698008977209685 2.01
    endloop
  endfacet
  facet normal 0 0 1
    outer loop
      vertex -2.5990809947252274 -0.5169893503189087 2.01
      vertex -8.666518845958516 -1.3565272009052167 2.01
      vertex -8.491824272299358 -2.199462546171655 2.01
    endloop
  endfacet
  facet normal 0 0 1
    outer loop
      vertex -2.649999998509884 0 2.01
      vertex -8.757750109773557 -0.5005277607194869 2.01
      vertex -8.666518845958516 -1.3565272009052167 2.01
    endloop
  endfacet
  facet normal 0 0 1
    outer loop
      vertex -2.2033944725990295 -1.4722611159086227 2.01
      vertex -7.003724759335659 -5.281718887615584 2.01
      vertex -2.048477701842785 -1.6811422035098076 2.01
    endloop
  endfacet
  facet normal 0 0 1
    outer loop
      vertex -2.2033944725990295 -1.4722611159086227 2.01
      vertex -2.337091349065304 -1.249201349914074 2.01
      vertex -7.4876988977189045 -4.5698008977209685 2.01
    endloop
  endfacet
  facet normal 0 0 1
    outer loop
      vertex -2.337091349065304 -1.249201349914074 2.01
      vertex -2.4482807591557503 -1.0141110941767693 2.01
      vertex -7.8995623954795455 -3.8138732208294464 2.01
    endloop
  endfacet
  facet normal 0 0 1
    outer loop
      vertex -2.535891890525818 -0.7692543938755989 2.01
      vertex -8.235348792456673 -3.0212158648778136 2.01
      vertex -2.4482807591557503 -1.0141110941767693 2.01
    endloop
  endfacet
  facet normal 0 0 1
    outer loop
      vertex -2.535891890525818 -0.7692543938755989 2.01
      vertex -2.5990809947252274 -0.5169893503189087 2.01
      vertex -8.491824272299358 -2.199462546171655 2.01
    endloop
  endfacet
  facet normal 0 0 1
    outer loop
      vertex -2.5990809947252274 -0.5169893503189087 2.01
      vertex -2.637239523231983 -0.25974541902542114 2.01
      vertex -8.666518845958516 -1.3565272009052167 2.01
    endloop
  endfacet
  facet normal 0 0 1
    outer loop
      vertex -2.637239523231983 -0.25974541902542114 2.01
      vertex -2.649999998509884 0 2.01
      vertex -8.666518845958516 -1.3565272009052167 2.01
    endloop
  endfacet
  facet normal 0 0 1
    outer loop
      vertex -2.649999998509884 0 2.01
      vertex -2.637239523231983 0.25974541902542114 2.01
      vertex -8.757750109773557 -0.5005277607194869 2.01
    endloop
  endfacet
  facet normal 0 0 1
    outer loop
      vertex -1.249201349914074 -2.337091349065304 2.01
      vertex -4.449371644327583 -7.559881410067097 2.01
      vertex -3.6869487459944263 -7.959593199313643 2.01
    endloop
  endfacet
  facet normal 0 0 1
    outer loop
      vertex -1.0141110941767693 -2.4482807591557503 2.01
      vertex -3.6869487459944263 -7.959593199313643 2.01
      vertex -2.8890185203535528 -8.282649757990722 2.01
    endloop
  endfacet
  facet normal 0 0 1
    outer loop
      vertex -0.7692543938755989 -2.535891890525818 2.01
      vertex -2.8890185203535528 -8.282649757990722 2.01
      vertex -2.06326546382168 -8.525939865290216 2.01
    endloop
  endfacet
  facet normal 0 0 1
    outer loop
      vertex -1.4722611159086227 -2.2033944725990295 2.01
      vertex -1.6811422035098076 -2.048477701842785 2.01
      vertex -5.168944662562453 -7.087363833681329 2.01
    endloop
  endfacet
  facet normal 0 0 1
    outer loop
      vertex -1.4722611159086227 -2.2033944725990295 2.01
      vertex -4.449371644327583 -7.559881410067097 2.01
      vertex -1.249201349914074 -2.337091349065304 2.01
    endloop
  endfacet
  facet normal 0 0 1
    outer loop
      vertex -1.249201349914074 -2.337091349065304 2.01
      vertex -3.6869487459944263 -7.959593199313643 2.01
      vertex -1.0141110941767693 -2.4482807591557503 2.01
    endloop
  endfacet
  facet normal 0 0 1
    outer loop
      vertex -0.5169893503189087 -2.5990809947252274 2.01
      vertex -2.06326546382168 -8.525939865290216 2.01
      vertex -1.2176420294079815 -8.687120514582569 2.01
    endloop
  endfacet
  facet normal 0 0 1
    outer loop
      vertex -0.25974541902542114 -2.637239523231983 2.01
      vertex -1.2176420294079815 -8.687120514582569 2.01
      vertex -0.36029203676153543 -8.764639445464397 2.01
    endloop
  endfacet
  facet normal 0 0 1
    outer loop
      vertex -1.0141110941767693 -2.4482807591557503 2.01
      vertex -2.8890185203535528 -8.282649757990722 2.01
      vertex -0.7692543938755989 -2.535891890525818 2.01
    endloop
  endfacet
  facet normal 0 0 1
    outer loop
      vertex -0.7692543938755989 -2.535891890525818 2.01
      vertex -2.06326546382168 -8.525939865290216 2.01
      vertex -0.5169893503189087 -2.5990809947252274 2.01
    endloop
  endfacet
  facet normal 0 0 1
    outer loop
      vertex -0.5169893503189087 -2.5990809947252274 2.01
      vertex -1.2176420294079815 -8.687120514582569 2.01
      vertex -0.25974541902542114 -2.637239523231983 2.01
    endloop
  endfacet
  facet normal 0 0 1
    outer loop
      vertex -0.25974541902542114 -2.637239523231983 2.01
      vertex -0.36029203676153543 -8.764639445464397 2.01
      vertex 0 -2.649999998509884 2.01
    endloop
  endfacet
  facet normal 0 0 1
    outer loop
      vertex -2.048477701842785 -1.6811422035098076 2.01
      vertex -6.4523009332231975 -5.94277104513032 2.01
      vertex -1.8738329708576202 -1.8738329708576202 2.01
    endloop
  endfacet
  facet normal 0 0 1
    outer loop
      vertex -1.6811422035098076 -2.048477701842785 2.01
      vertex -1.8738329708576202 -1.8738329708576202 2.01
      vertex -5.838737913996498 -6.546591063774667 2.01
    endloop
  endfacet
  facet normal 0 0 -1
    outer loop
      vertex -2.637239523231983 0.25974541902542114 -2.01
      vertex -8.764639445464397 0.36029203676153543 -2.01
      vertex -8.687120514582569 1.2176420294079815 -2.01
    endloop
  endfacet
  facet normal 0 0 -1
    outer loop
      vertex -2.5990809947252274 0.5169893503189087 -2.01
      vertex -8.687120514582569 1.2176420294079815 -2.01
      vertex -8.525939865290216 2.06326546382168 -2.01
    endloop
  endfacet
  facet normal 0 0 -1
    outer loop
      vertex -2.535891890525818 0.7692543938755989 -2.01
      vertex -8.525939865290216 2.06326546382168 -2.01
      vertex -8.282649757990722 2.8890185203535528 -2.01
    endloop
  endfacet
  facet normal 0 0 -1
    outer loop
      vertex -2.4482807591557503 1.0141110941767693 -2.01
      vertex -8.282649757990722 2.8890185203535528 -2.01
      vertex -7.959593199313643 3.6869487459944263 -2.01
    endloop
  endfacet
  facet normal 0 0 -1
    outer loop
      vertex -2.337091349065304 1.249201349914074 -2.01
      vertex -7.959593199313643 3.6869487459944263 -2.01
      vertex -7.559881410067097 4.449371644327583 -2.01
    endloop
  endfacet
  facet normal 0 0 -1
    outer loop
      vertex -2.649999998509884 0 -2.01
      vertex -8.764639445464397 0.36029203676153543 -2.01
      vertex -2.637239523231983 0.25974541902542114 -2.01
    endloop
  endfacet
  facet normal 0 0 -1
    outer loop
      vertex -2.637239523231983 0.25974541902542114 -2.01
      vertex -8.687120514582569 1.2176420294079815 -2.01
      vertex -2.5990809947252274 0.5169893503189087 -2.01
    endloop
  endfacet
  facet normal 0 0 -1
    outer loop
      vertex -2.5990809947252274 0.5169893503189087 -2.01
      vertex -8.525939865290216 2.06326546382168 -2.01
      vertex -2.535891890525818 0.7692543938755989 -2.01
    endloop
  endfacet
  facet normal 0 0 -1
    outer loop
      vertex -2.535891890525818 0.7692543938755989 -2.01
      vertex -8.282649757990722 2.8890185203535528 -2.01
      vertex -2.4482807591557503 1.0141110941767693 -2.01
    endloop
  endfacet
  facet normal 0 0 -1
    outer loop
      vertex -2.4482807591557503 1.0141110941767693 -2.01
      vertex -7.959593199313643 3.6869487459944263 -2.01
      vertex -2.337091349065304 1.249201349914074 -2.01
    endloop
  endfacet
  facet normal 0 0 -1
    outer loop
      vertex -2.337091349065304 1.249201349914074 -2.01
      vertex -7.559881410067097 4.449371644327583 -2.01
      vertex -2.2033944725990295 1.4722611159086227 -2.01
    endloop
  endfacet
  facet normal 0 0 -1
    outer loop
      vertex -2.2033944725990295 1.4722611159086227 -2.01
      vertex -7.087363833681329 5.168944662562453 -2.01
      vertex -2.048477701842785 1.6811422035098076 -2.01
    endloop
  endfacet
  facet normal 0 0 -1
    outer loop
      vertex -2.2033944725990295 1.4722611159086227 -2.01
      vertex -7.559881410067097 4.449371644327583 -2.01
      vertex -7.087363833681329 5.168944662562453 -2.01
    endloop
  endfacet
  facet normal 0 0 -1
    outer loop
      vertex -2.048477701842785 1.6811422035098076 -2.01
      vertex -7.087363833681329 5.168944662562453 -2.01
      vertex -6.546591063774667 5.838737913996498 -2.01
    endloop
  endfacet
  facet normal 0 0 -1
    outer loop
      vertex -1.8738329708576202 1.8738329708576202 -2.01
      vertex -6.546591063774667 5.838737913996498 -2.01
      vertex -5.94277104513032 6.4523009332231975 -2.01
    endloop
  endfacet
  facet normal 0 0 -1
    outer loop
      vertex -1.6811422035098076 2.048477701842785 -2.01
      vertex -5.94277104513032 6.4523009332231975 -2.01
      vertex -5.281718887615584 7.003724759335659 -2.01
    endloop
  endfacet
  facet normal 0 0 -1
    outer loop
      vertex -1.4722611159086227 2.2033944725990295 -2.01
      vertex -5.281718887615584 7.003724759335659 -2.01
      vertex -4.5698008977209685 7.4876988977189045 -2.01
    endloop
  endfacet
  facet normal 0 0 -1
    outer loop
      vertex -2.048477701842785 1.6811422035098076 -2.01
      vertex -6.546591063774667 5.838737913996498 -2.01
      vertex -1.8738329708576202 1.8738329708576202 -2.01
    endloop
  endfacet
  facet normal 0 0 -1
    outer loop
      vertex -1.8738329708576202 1.8738329708576202 -2.01
      vertex -5.94277104513032 6.4523009332231975 -2.01
      vertex -1.6811422035098076 2.048477701842785 -2.01
    endloop
  endfacet
  facet normal 0 0 -1
    outer loop
      vertex -1.6811422035098076 2.048477701842785 -2.01
      vertex -5.281718887615584 7.003724759335659 -2.01
      vertex -1.4722611159086227 2.2033944725990295 -2.01
    endloop
  endfacet
  facet normal 0 0 -1
    outer loop
      vertex -1.4722611159086227 2.2033944725990295 -2.01
      vertex -4.5698008977209685 7.4876988977189045 -2.01
      vertex -1.249201349914074 2.337091349065304 -2.01
    endloop
  endfacet
  facet normal 0 0 -1
    outer loop
      vertex -1.249201349914074 2.337091349065304 -2.01
      vertex -3.8138732208294464 7.8995623954795455 -2.01
      vertex -1.0141110941767693 2.4482807591557503 -2.01
    endloop
  endfacet
  facet normal 0 0 -1
    outer loop
      vertex -1.249201349914074 2.337091349065304 -2.01
      vertex -4.5698008977209685 7.4876988977189045 -2.01
      vertex -3.8138732208294464 7.8995623954795455 -2.01
    endloop
  endfacet
  facet normal 0 0 -1
    outer loop
      vertex -1.0141110941767693 2.4482807591557503 -2.01
      vertex -3.8138732208294464 7.8995623954795455 -2.01
      vertex -3.0212158648778136 8.235348792456673 -2.01
    endloop
  endfacet
  facet normal 0 0 -1
    outer loop
      vertex -0.7692543938755989 2.535891890525818 -2.01
      vertex -3.0212158648778136 8.235348792456673 -2.01
      vertex -2.199462546171655 8.491824272299358 -2.01
    endloop
  endfacet
  facet normal 0 0 -1
    outer loop
      vertex -1.0141110941767693 2.4482807591557503 -2.01
      vertex -3.0212158648778136 8.235348792456673 -2.01
      vertex -0.7692543938755989 2.535891890525818 -2.01
    endloop
  endfacet
  facet normal 0 0 -1
    outer loop
      vertex -0.7692543938755989 2.535891890525818 -2.01
      vertex -2.199462546171655 8.491824272299358 -2.01
      vertex -0.5169893503189087 2.5990809947252274 -2.01
    endloop
  endfacet
  facet normal 0 0 -1
    outer loop
      vertex -0.5169893503189087 2.5990809947252274 -2.01
      vertex -1.3565272009052167 8.666518845958516 -2.01
      vertex -0.25974541902542114 2.637239523231983 -2.01
    endloop
  endfacet
  facet normal 0 0 -1
    outer loop
      vertex -0.25974541902542114 2.637239523231983 -2.01
      vertex -0.5005277607194869 8.757750109773557 -2.01
      vertex 0 2.649999998509884 -2.01
    endloop
  endfacet
  facet normal 0 0 -1
    outer loop
      vertex -0.5169893503189087 2.5990809947252274 -2.01
      vertex -2.199462546171655 8.491824272299358 -2.01
      vertex -1.3565272009052167 8.666518845958516 -2.01
    endloop
  endfacet
  facet normal 0 0 -1
    outer loop
      vertex -0.25974541902542114 2.637239523231983 -2.01
      vertex -1.3565272009052167 8.666518845958516 -2.01
      vertex -0.5005277607194869 8.757750109773557 -2.01
    endloop
  endfacet
  facet normal 0 0 -1
    outer loop
      vertex 0 2.649999998509884 -2.01
      vertex -0.5005277607194869 8.757750109773557 -2.01
      vertex 0.36029203676153543 8.764639445464397 -2.01
    endloop
  endfacet
  facet normal 0.998795455998039 -0.04906767854371735 0
    outer loop
      vertex -2.649999998509884 0 -2.01
      vertex -2.637239523231983 0.25974541902542114 -2.01
      vertex -2.637239523231983 0.25974541902542114 2.01
    endloop
  endfacet
  facet normal 0.9891765122418353 -0.14673045910470797 0
    outer loop
      vertex -2.637239523231983 0.25974541902542114 -2.01
      vertex -2.5990809947252274 0.5169893503189087 -2.01
      vertex -2.5990809947252274 0.5169893503189087 2.01
    endloop
  endfacet
  facet normal 0.9700312529440649 -0.24298018090323184 0
    outer loop
      vertex -2.5990809947252274 0.5169893503189087 -2.01
      vertex -2.535891890525818 0.7692543938755989 -2.01
      vertex -2.535891890525818 0.7692543938755989 2.01
    endloop
  endfacet
  facet normal 0.941544061401776 -0.33688986396009074 0
    outer loop
      vertex -2.535891890525818 0.7692543938755989 -2.01
      vertex -2.4482807591557503 1.0141110941767693 -2.01
      vertex -2.4482807591557503 1.0141110941767693 2.01
    endloop
  endfacet
  facet normal 0.9039892931659209 -0.4275550933404707 0
    outer loop
      vertex -2.4482807591557503 1.0141110941767693 -2.01
      vertex -2.337091349065304 1.249201349914074 -2.01
      vertex -2.337091349065304 1.249201349914074 2.01
    endloop
  endfacet
  facet normal 0.8577286135667469 -0.514102738242918 0
    outer loop
      vertex -2.337091349065304 1.249201349914074 -2.01
      vertex -2.2033944725990295 1.4722611159086227 -2.01
      vertex -2.2033944725990295 1.4722611159086227 2.01
    endloop
  endfacet
  facet normal 0.8032075351034493 -0.5956992996076471 0
    outer loop
      vertex -2.2033944725990295 1.4722611159086227 -2.01
      vertex -2.048477701842785 1.6811422035098076 -2.01
      vertex -2.048477701842785 1.6811422035098076 2.01
    endloop
  endfacet
  facet normal 0.7409511263052464 -0.6715589537985378 0
    outer loop
      vertex -2.048477701842785 1.6811422035098076 -2.01
      vertex -1.8738329708576202 1.8738329708576202 -2.01
      vertex -1.8738329708576202 1.8738329708576202 2.01
    endloop
  endfacet
  facet normal 0.6715589537985378 -0.7409511263052464 0
    outer loop
      vertex -1.8738329708576202 1.8738329708576202 -2.01
      vertex -1.6811422035098076 2.048477701842785 -2.01
      vertex -1.6811422035098076 2.048477701842785 2.01
    endloop
  endfacet
  facet normal 0.5956992996076471 -0.8032075351034493 0
    outer loop
      vertex -1.6811422035098076 2.048477701842785 -2.01
      vertex -1.4722611159086227 2.2033944725990295 -2.01
      vertex -1.4722611159086227 2.2033944725990295 2.01
    endloop
  endfacet
  facet normal 0.514102738242918 -0.8577286135667469 0
    outer loop
      vertex -1.4722611159086227 2.2033944725990295 -2.01
      vertex -1.249201349914074 2.337091349065304 -2.01
      vertex -1.249201349914074 2.337091349065304 2.01
    endloop
  endfacet
  facet normal 0.4275550933404707 -0.9039892931659209 0
    outer loop
      vertex -1.249201349914074 2.337091349065304 -2.01
      vertex -1.0141110941767693 2.4482807591557503 -2.01
      vertex -1.0141110941767693 2.4482807591557503 2.01
    endloop
  endfacet
  facet normal 0.33688986396009074 -0.941544061401776 0
    outer loop
      vertex -1.0141110941767693 2.4482807591557503 -2.01
      vertex -0.7692543938755989 2.535891890525818 -2.01
      vertex -0.7692543938755989 2.535891890525818 2.01
    endloop
  endfacet
  facet normal 0.24298018090323184 -0.9700312529440649 0
    outer loop
      vertex -0.7692543938755989 2.535891890525818 -2.01
      vertex -0.5169893503189087 2.5990809947252274 -2.01
      vertex -0.5169893503189087 2.5990809947252274 2.01
    endloop
  endfacet
  facet normal 0.14673045910470797 -0.9891765122418353 0
    outer loop
      vertex -0.5169893503189087 2.5990809947252274 -2.01
      vertex -0.25974541902542114 2.637239523231983 -2.01
      vertex -0.25974541902542114 2.637239523231983 2.01
    endloop
  endfacet
  facet normal 0.04906767854371735 -0.998795455998039 0
    outer loop
      vertex -0.25974541902542114 2.637239523231983 -2.01
      vertex 0 2.649999998509884 -2.01
      vertex 0 2.649999998509884 2.01
    endloop
  endfacet
  facet normal 0.998795455998039 -0.04906767854371735 0
    outer loop
      vertex -2.649999998509884 0 -2.01
      vertex -2.637239523231983 0.25974541902542114 2.01
      vertex -2.649999998509884 0 2.01
    endloop
  endfacet
  facet normal 0.9891765122418353 -0.14673045910470797 0
    outer loop
      vertex -2.637239523231983 0.25974541902542114 -2.01
      vertex -2.5990809947252274 0.5169893503189087 2.01
      vertex -2.637239523231983 0.25974541902542114 2.01
    endloop
  endfacet
  facet normal 0.9700312529440649 -0.24298018090323184 0
    outer loop
      vertex -2.5990809947252274 0.5169893503189087 -2.01
      vertex -2.535891890525818 0.7692543938755989 2.01
      vertex -2.5990809947252274 0.5169893503189087 2.01
    endloop
  endfacet
  facet normal 0.941544061401776 -0.33688986396009074 0
    outer loop
      vertex -2.535891890525818 0.7692543938755989 -2.01
      vertex -2.4482807591557503 1.0141110941767693 2.01
      vertex -2.535891890525818 0.7692543938755989 2.01
    endloop
  endfacet
  facet normal 0.9039892931659209 -0.4275550933404707 0
    outer loop
      vertex -2.4482807591557503 1.0141110941767693 -2.01
      vertex -2.337091349065304 1.249201349914074 2.01
      vertex -2.4482807591557503 1.0141110941767693 2.01
    endloop
  endfacet
  facet normal 0.8577286135667469 -0.514102738242918 0
    outer loop
      vertex -2.337091349065304 1.249201349914074 -2.01
      vertex -2.2033944725990295 1.4722611159086227 2.01
      vertex -2.337091349065304 1.249201349914074 2.01
    endloop
  endfacet
  facet normal 0.8032075351034493 -0.5956992996076471 0
    outer loop
      vertex -2.2033944725990295 1.4722611159086227 -2.01
      vertex -2.048477701842785 1.6811422035098076 2.01
      vertex -2.2033944725990295 1.4722611159086227 2.01
    endloop
  endfacet
  facet normal 0.7409511263052464 -0.6715589537985378 0
    outer loop
      vertex -2.048477701842785 1.6811422035098076 -2.01
      vertex -1.8738329708576202 1.8738329708576202 2.01
      vertex -2.048477701842785 1.6811422035098076 2.01
    endloop
  endfacet
  facet normal 0.6715589537985378 -0.7409511263052464 0
    outer loop
      vertex -1.8738329708576202 1.8738329708576202 -2.01
      vertex -1.6811422035098076 2.048477701842785 2.01
      vertex -1.8738329708576202 1.8738329708576202 2.01
    endloop
  endfacet
  facet normal 0.5956992996076471 -0.8032075351034493 0
    outer loop
      vertex -1.6811422035098076 2.048477701842785 -2.01
      vertex -1.4722611159086227 2.2033944725990295 2.01
      vertex -1.6811422035098076 2.048477701842785 2.01
    endloop
  endfacet
  facet normal 0.514102738242918 -0.8577286135667469 0
    outer loop
      vertex -1.4722611159086227 2.2033944725990295 -2.01
      vertex -1.249201349914074 2.337091349065304 2.01
      vertex -1.4722611159086227 2.2033944725990295 2.01
    endloop
  endfacet
  facet normal 0.4275550933404707 -0.9039892931659209 0
    outer loop
      vertex -1.249201349914074 2.337091349065304 -2.01
      vertex -1.0141110941767693 2.4482807591557503 2.01
      vertex -1.249201349914074 2.337091349065304 2.01
    endloop
  endfacet
  facet normal 0.33688986396009074 -0.941544061401776 0
    outer loop
      vertex -1.0141110941767693 2.4482807591557503 -2.01
      vertex -0.7692543938755989 2.535891890525818 2.01
      vertex -1.0141110941767693 2.4482807591557503 2.01
    endloop
  endfacet
  facet normal 0.24298018090323184 -0.9700312529440649 0
    outer loop
      vertex -0.7692543938755989 2.535891890525818 -2.01
      vertex -0.5169893503189087 2.5990809947252274 2.01
      vertex -0.7692543938755989 2.535891890525818 2.01
    endloop
  endfacet
  facet normal 0.14673045910470797 -0.9891765122418353 0
    outer loop
      vertex -0.5169893503189087 2.5990809947252274 -2.01
      vertex -0.25974541902542114 2.637239523231983 2.01
      vertex -0.5169893503189087 2.5990809947252274 2.01
    endloop
  endfacet
  facet normal 0.04906767854371735 -0.998795455998039 0
    outer loop
      vertex -0.25974541902542114 2.637239523231983 -2.01
      vertex 0 2.649999998509884 2.01
      vertex -0.25974541902542114 2.637239523231983 2.01
    endloop
  endfacet
  facet normal 0 0 1
    outer loop
      vertex -2.637239523231983 0.25974541902542114 2.01
      vertex -8.764639445464397 0.36029203676153543 2.01
      vertex -8.757750109773557 -0.5005277607194869 2.01
    endloop
  endfacet
  facet normal 0 0 1
    outer loop
      vertex -2.5990809947252274 0.5169893503189087 2.01
      vertex -8.687120514582569 1.2176420294079815 2.01
      vertex -8.764639445464397 0.36029203676153543 2.01
    endloop
  endfacet
  facet normal 0 0 1
    outer loop
      vertex -2.535891890525818 0.7692543938755989 2.01
      vertex -8.525939865290216 2.06326546382168 2.01
      vertex -8.687120514582569 1.2176420294079815 2.01
    endloop
  endfacet
  facet normal 0 0 1
    outer loop
      vertex -2.4482807591557503 1.0141110941767693 2.01
      vertex -8.282649757990722 2.8890185203535528 2.01
      vertex -8.525939865290216 2.06326546382168 2.01
    endloop
  endfacet
  facet normal 0 0 1
    outer loop
      vertex -2.337091349065304 1.249201349914074 2.01
      vertex -7.959593199313643 3.6869487459944263 2.01
      vertex -8.282649757990722 2.8890185203535528 2.01
    endloop
  endfacet
  facet normal 0 0 1
    outer loop
      vertex -2.2033944725990295 1.4722611159086227 2.01
      vertex -7.559881410067097 4.449371644327583 2.01
      vertex -7.959593199313643 3.6869487459944263 2.01
    endloop
  endfacet
  facet normal 0 0 1
    outer loop
      vertex -2.637239523231983 0.25974541902542114 2.01
      vertex -2.5990809947252274 0.5169893503189087 2.01
      vertex -8.764639445464397 0.36029203676153543 2.01
    endloop
  endfacet
  facet normal 0 0 1
    outer loop
      vertex -2.5990809947252274 0.5169893503189087 2.01
      vertex -2.535891890525818 0.7692543938755989 2.01
      vertex -8.687120514582569 1.2176420294079815 2.01
    endloop
  endfacet
  facet normal 0 0 1
    outer loop
      vertex -2.535891890525818 0.7692543938755989 2.01
      vertex -2.4482807591557503 1.0141110941767693 2.01
      vertex -8.525939865290216 2.06326546382168 2.01
    endloop
  endfacet
  facet normal 0 0 1
    outer loop
      vertex -2.4482807591557503 1.0141110941767693 2.01
      vertex -2.337091349065304 1.249201349914074 2.01
      vertex -8.282649757990722 2.8890185203535528 2.01
    endloop
  endfacet
  facet normal 0 0 1
    outer loop
      vertex -2.337091349065304 1.249201349914074 2.01
      vertex -2.2033944725990295 1.4722611159086227 2.01
      vertex -7.959593199313643 3.6869487459944263 2.01
    endloop
  endfacet
  facet normal 0 0 1
    outer loop
      vertex -2.2033944725990295 1.4722611159086227 2.01
      vertex -2.048477701842785 1.6811422035098076 2.01
      vertex -7.559881410067097 4.449371644327583 2.01
    endloop
  endfacet
  facet normal 0 0 1
    outer loop
      vertex -2.048477701842785 1.6811422035098076 2.01
      vertex -1.8738329708576202 1.8738329708576202 2.01
      vertex -7.087363833681329 5.168944662562453 2.01
    endloop
  endfacet
  facet normal 0 0 1
    outer loop
      vertex -2.048477701842785 1.6811422035098076 2.01
      vertex -7.087363833681329 5.168944662562453 2.01
      vertex -7.559881410067097 4.449371644327583 2.01
    endloop
  endfacet
  facet normal 0 0 1
    outer loop
      vertex -1.8738329708576202 1.8738329708576202 2.01
      vertex -6.546591063774667 5.838737913996498 2.01
      vertex -7.087363833681329 5.168944662562453 2.01
    endloop
  endfacet
  facet normal 0 0 1
    outer loop
      vertex -1.6811422035098076 2.048477701842785 2.01
      vertex -5.94277104513032 6.4523009332231975 2.01
      vertex -6.546591063774667 5.838737913996498 2.01
    endloop
  endfacet
  facet normal 0 0 1
    outer loop
      vertex -1.4722611159086227 2.2033944725990295 2.01
      vertex -5.281718887615584 7.003724759335659 2.01
      vertex -5.94277104513032 6.4523009332231975 2.01
    endloop
  endfacet
  facet normal 0 0 1
    outer loop
      vertex -1.249201349914074 2.337091349065304 2.01
      vertex -4.5698008977209685 7.4876988977189045 2.01
      vertex -5.281718887615584 7.003724759335659 2.01
    endloop
  endfacet
  facet normal 0 0 1
    outer loop
      vertex -1.8738329708576202 1.8738329708576202 2.01
      vertex -1.6811422035098076 2.048477701842785 2.01
      vertex -6.546591063774667 5.838737913996498 2.01
    endloop
  endfacet
  facet normal 0 0 1
    outer loop
      vertex -1.6811422035098076 2.048477701842785 2.01
      vertex -1.4722611159086227 2.2033944725990295 2.01
      vertex -5.94277104513032 6.4523009332231975 2.01
    endloop
  endfacet
  facet normal 0 0 1
    outer loop
      vertex -1.4722611159086227 2.2033944725990295 2.01
      vertex -1.249201349914074 2.337091349065304 2.01
      vertex -5.281718887615584 7.003724759335659 2.01
    endloop
  endfacet
  facet normal 0 0 1
    outer loop
      vertex -1.249201349914074 2.337091349065304 2.01
      vertex -1.0141110941767693 2.4482807591557503 2.01
      vertex -4.5698008977209685 7.4876988977189045 2.01
    endloop
  endfacet
  facet normal 0 0 1
    outer loop
      vertex -1.0141110941767693 2.4482807591557503 2.01
      vertex -0.7692543938755989 2.535891890525818 2.01
      vertex -3.8138732208294464 7.8995623954795455 2.01
    endloop
  endfacet
  facet normal 0 0 1
    outer loop
      vertex -1.0141110941767693 2.4482807591557503 2.01
      vertex -3.8138732208294464 7.8995623954795455 2.01
      vertex -4.5698008977209685 7.4876988977189045 2.01
    endloop
  endfacet
  facet normal 0 0 1
    outer loop
      vertex -0.7692543938755989 2.535891890525818 2.01
      vertex -3.0212158648778136 8.235348792456673 2.01
      vertex -3.8138732208294464 7.8995623954795455 2.01
    endloop
  endfacet
  facet normal 0 0 1
    outer loop
      vertex -0.5169893503189087 2.5990809947252274 2.01
      vertex -2.199462546171655 8.491824272299358 2.01
      vertex -3.0212158648778136 8.235348792456673 2.01
    endloop
  endfacet
  facet normal 0 0 1
    outer loop
      vertex -0.7692543938755989 2.535891890525818 2.01
      vertex -0.5169893503189087 2.5990809947252274 2.01
      vertex -3.0212158648778136 8.235348792456673 2.01
    endloop
  endfacet
  facet normal 0 0 1
    outer loop
      vertex -0.5169893503189087 2.5990809947252274 2.01
      vertex -0.25974541902542114 2.637239523231983 2.01
      vertex -2.199462546171655 8.491824272299358 2.01
    endloop
  endfacet
  facet normal 0 0 1
    outer loop
      vertex -0.25974541902542114 2.637239523231983 2.01
      vertex 0 2.649999998509884 2.01
      vertex -1.3565272009052167 8.666518845958516 2.01
    endloop
  endfacet
  facet normal 0 0 1
    outer loop
      vertex 0 2.649999998509884 2.01
      vertex 0.25974541902542114 2.637239523231983 2.01
      vertex -0.5005277607194869 8.757750109773557 2.01
    endloop
  endfacet
  facet normal 0 0 1
    outer loop
      vertex -0.25974541902542114 2.637239523231983 2.01
      vertex -1.3565272009052167 8.666518845958516 2.01
      vertex -2.199462546171655 8.491824272299358 2.01
    endloop
  endfacet
  facet normal 0 0 1
    outer loop
      vertex 0 2.649999998509884 2.01
      vertex -0.5005277607194869 8.757750109773557 2.01
      vertex -1.3565272009052167 8.666518845958516 2.01
    endloop
  endfacet
  facet normal 0 0 -1
    outer loop
      vertex 0.25974541902542114 -2.637239523231983 -2.01
      vertex 0.5005277607194869 -8.757750109773557 -2.01
      vertex -0.36029203676153543 -8.764639445464397 -2.01
    endloop
  endfacet
  facet normal 0 0 -1
    outer loop
      vertex 0.5169893503189087 -2.5990809947252274 -2.01
      vertex 1.3565272009052167 -8.666518845958516 -2.01
      vertex 0.5005277607194869 -8.757750109773557 -2.01
    endloop
  endfacet
  facet normal 0 0 -1
    outer loop
      vertex 0.7692543938755989 -2.535891890525818 -2.01
      vertex 2.199462546171655 -8.491824272299358 -2.01
      vertex 1.3565272009052167 -8.666518845958516 -2.01
    endloop
  endfacet
  facet normal 0 0 -1
    outer loop
      vertex 0.25974541902542114 -2.637239523231983 -2.01
      vertex 0.5169893503189087 -2.5990809947252274 -2.01
      vertex 0.5005277607194869 -8.757750109773557 -2.01
    endloop
  endfacet
  facet normal 0 0 -1
    outer loop
      vertex 0.5169893503189087 -2.5990809947252274 -2.01
      vertex 0.7692543938755989 -2.535891890525818 -2.01
      vertex 1.3565272009052167 -8.666518845958516 -2.01
    endloop
  endfacet
  facet normal 0 0 -1
    outer loop
      vertex 0.7692543938755989 -2.535891890525818 -2.01
      vertex 1.0141110941767693 -2.4482807591557503 -2.01
      vertex 2.199462546171655 -8.491824272299358 -2.01
    endloop
  endfacet
  facet normal 0 0 -1
    outer loop
      vertex 1.0141110941767693 -2.4482807591557503 -2.01
      vertex 3.0212158648778136 -8.235348792456673 -2.01
      vertex 2.199462546171655 -8.491824272299358 -2.01
    endloop
  endfacet
  facet normal 0 0 -1
    outer loop
      vertex 1.249201349914074 -2.337091349065304 -2.01
      vertex 3.8138732208294464 -7.8995623954795455 -2.01
      vertex 3.0212158648778136 -8.235348792456673 -2.01
    endloop
  endfacet
  facet normal 0 0 -1
    outer loop
      vertex 1.4722611159086227 -2.2033944725990295 -2.01
      vertex 4.5698008977209685 -7.4876988977189045 -2.01
      vertex 3.8138732208294464 -7.8995623954795455 -2.01
    endloop
  endfacet
  facet normal 0 0 -1
    outer loop
      vertex 1.0141110941767693 -2.4482807591557503 -2.01
      vertex 1.249201349914074 -2.337091349065304 -2.01
      vertex 3.0212158648778136 -8.235348792456673 -2.01
    endloop
  endfacet
  facet normal 0 0 -1
    outer loop
      vertex 1.249201349914074 -2.337091349065304 -2.01
      vertex 1.4722611159086227 -2.2033944725990295 -2.01
      vertex 3.8138732208294464 -7.8995623954795455 -2.01
    endloop
  endfacet
  facet normal 0 0 -1
    outer loop
      vertex 1.4722611159086227 -2.2033944725990295 -2.01
      vertex 1.6811422035098076 -2.048477701842785 -2.01
      vertex 4.5698008977209685 -7.4876988977189045 -2.01
    endloop
  endfacet
  facet normal 0 0 -1
    outer loop
      vertex 1.6811422035098076 -2.048477701842785 -2.01
      vertex 1.8738329708576202 -1.8738329708576202 -2.01
      vertex 5.281718887615584 -7.003724759335659 -2.01
    endloop
  endfacet
  facet normal 0 0 -1
    outer loop
      vertex 1.8738329708576202 -1.8738329708576202 -2.01
      vertex 2.048477701842785 -1.6811422035098076 -2.01
      vertex 5.94277104513032 -6.4523009332231975 -2.01
    endloop
  endfacet
  facet normal 0 0 -1
    outer loop
      vertex 1.6811422035098076 -2.048477701842785 -2.01
      vertex 5.281718887615584 -7.003724759335659 -2.01
      vertex 4.5698008977209685 -7.4876988977189045 -2.01
    endloop
  endfacet
  facet normal 0 0 -1
    outer loop
      vertex 1.8738329708576202 -1.8738329708576202 -2.01
      vertex 5.94277104513032 -6.4523009332231975 -2.01
      vertex 5.281718887615584 -7.003724759335659 -2.01
    endloop
  endfacet
  facet normal 0 0 -1
    outer loop
      vertex 2.048477701842785 -1.6811422035098076 -2.01
      vertex 6.546591063774667 -5.838737913996498 -2.01
      vertex 5.94277104513032 -6.4523009332231975 -2.01
    endloop
  endfacet
  facet normal 0 0 -1
    outer loop
      vertex 2.2033944725990295 -1.4722611159086227 -2.01
      vertex 7.087363833681329 -5.168944662562453 -2.01
      vertex 6.546591063774667 -5.838737913996498 -2.01
    endloop
  endfacet
  facet normal 0 0 -1
    outer loop
      vertex 2.337091349065304 -1.249201349914074 -2.01
      vertex 7.559881410067097 -4.449371644327583 -2.01
      vertex 7.087363833681329 -5.168944662562453 -2.01
    endloop
  endfacet
  facet normal 0 0 -1
    outer loop
      vertex 2.048477701842785 -1.6811422035098076 -2.01
      vertex 2.2033944725990295 -1.4722611159086227 -2.01
      vertex 6.546591063774667 -5.838737913996498 -2.01
    endloop
  endfacet
  facet normal 0 0 -1
    outer loop
      vertex 2.2033944725990295 -1.4722611159086227 -2.01
      vertex 2.337091349065304 -1.249201349914074 -2.01
      vertex 7.087363833681329 -5.168944662562453 -2.01
    endloop
  endfacet
  facet normal 0 0 -1
    outer loop
      vertex 2.337091349065304 -1.249201349914074 -2.01
      vertex 2.4482807591557503 -1.0141110941767693 -2.01
      vertex 7.559881410067097 -4.449371644327583 -2.01
    endloop
  endfacet
  facet normal 0 0 -1
    outer loop
      vertex 2.4482807591557503 -1.0141110941767693 -2.01
      vertex 2.535891890525818 -0.7692543938755989 -2.01
      vertex 7.959593199313643 -3.6869487459944263 -2.01
    endloop
  endfacet
  facet normal 0 0 -1
    outer loop
      vertex 2.535891890525818 -0.7692543938755989 -2.01
      vertex 2.5990809947252274 -0.5169893503189087 -2.01
      vertex 8.282649757990722 -2.8890185203535528 -2.01
    endloop
  endfacet
  facet normal 0 0 -1
    outer loop
      vertex 2.5990809947252274 -0.5169893503189087 -2.01
      vertex 2.637239523231983 -0.25974541902542114 -2.01
      vertex 8.525939865290216 -2.06326546382168 -2.01
    endloop
  endfacet
  facet normal 0 0 -1
    outer loop
      vertex 2.637239523231983 -0.25974541902542114 -2.01
      vertex 2.649999998509884 0 -2.01
      vertex 8.687120514582569 -1.2176420294079815 -2.01
    endloop
  endfacet
  facet normal 0 0 -1
    outer loop
      vertex 2.4482807591557503 -1.0141110941767693 -2.01
      vertex 7.959593199313643 -3.6869487459944263 -2.01
      vertex 7.559881410067097 -4.449371644327583 -2.01
    endloop
  endfacet
  facet normal 0 0 -1
    outer loop
      vertex 2.535891890525818 -0.7692543938755989 -2.01
      vertex 8.282649757990722 -2.8890185203535528 -2.01
      vertex 7.959593199313643 -3.6869487459944263 -2.01
    endloop
  endfacet
  facet normal 0 0 -1
    outer loop
      vertex 2.5990809947252274 -0.5169893503189087 -2.01
      vertex 8.525939865290216 -2.06326546382168 -2.01
      vertex 8.282649757990722 -2.8890185203535528 -2.01
    endloop
  endfacet
  facet normal 0 0 -1
    outer loop
      vertex 2.637239523231983 -0.25974541902542114 -2.01
      vertex 8.687120514582569 -1.2176420294079815 -2.01
      vertex 8.525939865290216 -2.06326546382168 -2.01
    endloop
  endfacet
  facet normal 0 0 -1
    outer loop
      vertex 2.649999998509884 0 -2.01
      vertex 8.764639445464397 -0.36029203676153543 -2.01
      vertex 8.687120514582569 -1.2176420294079815 -2.01
    endloop
  endfacet
  facet normal -0.04906767854371735 0.998795455998039 0
    outer loop
      vertex 0 -2.649999998509884 -2.01
      vertex 0 -2.649999998509884 2.01
      vertex 0.25974541902542114 -2.637239523231983 -2.01
    endloop
  endfacet
  facet normal -0.14673045910470797 0.9891765122418353 0
    outer loop
      vertex 0.25974541902542114 -2.637239523231983 -2.01
      vertex 0.25974541902542114 -2.637239523231983 2.01
      vertex 0.5169893503189087 -2.5990809947252274 -2.01
    endloop
  endfacet
  facet normal -0.24298018090323184 0.9700312529440649 0
    outer loop
      vertex 0.5169893503189087 -2.5990809947252274 -2.01
      vertex 0.5169893503189087 -2.5990809947252274 2.01
      vertex 0.7692543938755989 -2.535891890525818 -2.01
    endloop
  endfacet
  facet normal -0.33688986396009074 0.941544061401776 0
    outer loop
      vertex 0.7692543938755989 -2.535891890525818 -2.01
      vertex 0.7692543938755989 -2.535891890525818 2.01
      vertex 1.0141110941767693 -2.4482807591557503 -2.01
    endloop
  endfacet
  facet normal -0.4275550933404707 0.9039892931659209 0
    outer loop
      vertex 1.0141110941767693 -2.4482807591557503 -2.01
      vertex 1.0141110941767693 -2.4482807591557503 2.01
      vertex 1.249201349914074 -2.337091349065304 -2.01
    endloop
  endfacet
  facet normal -0.514102738242918 0.8577286135667469 0
    outer loop
      vertex 1.249201349914074 -2.337091349065304 -2.01
      vertex 1.249201349914074 -2.337091349065304 2.01
      vertex 1.4722611159086227 -2.2033944725990295 -2.01
    endloop
  endfacet
  facet normal -0.5956992996076471 0.8032075351034493 0
    outer loop
      vertex 1.4722611159086227 -2.2033944725990295 -2.01
      vertex 1.4722611159086227 -2.2033944725990295 2.01
      vertex 1.6811422035098076 -2.048477701842785 -2.01
    endloop
  endfacet
  facet normal -0.6715589537985378 0.7409511263052464 0
    outer loop
      vertex 1.6811422035098076 -2.048477701842785 -2.01
      vertex 1.6811422035098076 -2.048477701842785 2.01
      vertex 1.8738329708576202 -1.8738329708576202 -2.01
    endloop
  endfacet
  facet normal -0.7409511263052464 0.6715589537985378 0
    outer loop
      vertex 1.8738329708576202 -1.8738329708576202 -2.01
      vertex 1.8738329708576202 -1.8738329708576202 2.01
      vertex 2.048477701842785 -1.6811422035098076 -2.01
    endloop
  endfacet
  facet normal -0.8032075351034493 0.5956992996076471 0
    outer loop
      vertex 2.048477701842785 -1.6811422035098076 -2.01
      vertex 2.048477701842785 -1.6811422035098076 2.01
      vertex 2.2033944725990295 -1.4722611159086227 -2.01
    endloop
  endfacet
  facet normal -0.8577286135667469 0.514102738242918 0
    outer loop
      vertex 2.2033944725990295 -1.4722611159086227 -2.01
      vertex 2.2033944725990295 -1.4722611159086227 2.01
      vertex 2.337091349065304 -1.249201349914074 -2.01
    endloop
  endfacet
  facet normal -0.9039892931659209 0.4275550933404707 0
    outer loop
      vertex 2.337091349065304 -1.249201349914074 -2.01
      vertex 2.337091349065304 -1.249201349914074 2.01
      vertex 2.4482807591557503 -1.0141110941767693 -2.01
    endloop
  endfacet
  facet normal -0.941544061401776 0.33688986396009074 0
    outer loop
      vertex 2.4482807591557503 -1.0141110941767693 -2.01
      vertex 2.4482807591557503 -1.0141110941767693 2.01
      vertex 2.535891890525818 -0.7692543938755989 -2.01
    endloop
  endfacet
  facet normal -0.9700312529440649 0.24298018090323184 0
    outer loop
      vertex 2.535891890525818 -0.7692543938755989 -2.01
      vertex 2.535891890525818 -0.7692543938755989 2.01
      vertex 2.5990809947252274 -0.5169893503189087 -2.01
    endloop
  endfacet
  facet normal -0.9891765122418353 0.14673045910470797 0
    outer loop
      vertex 2.5990809947252274 -0.5169893503189087 -2.01
      vertex 2.5990809947252274 -0.5169893503189087 2.01
      vertex 2.637239523231983 -0.25974541902542114 -2.01
    endloop
  endfacet
  facet normal -0.998795455998039 0.04906767854371735 0
    outer loop
      vertex 2.637239523231983 -0.25974541902542114 -2.01
      vertex 2.637239523231983 -0.25974541902542114 2.01
      vertex 2.649999998509884 0 -2.01
    endloop
  endfacet
  facet normal -0.04906767854371735 0.998795455998039 0
    outer loop
      vertex 0.25974541902542114 -2.637239523231983 -2.01
      vertex 0 -2.649999998509884 2.01
      vertex 0.25974541902542114 -2.637239523231983 2.01
    endloop
  endfacet
  facet normal -0.14673045910470797 0.9891765122418353 0
    outer loop
      vertex 0.5169893503189087 -2.5990809947252274 -2.01
      vertex 0.25974541902542114 -2.637239523231983 2.01
      vertex 0.5169893503189087 -2.5990809947252274 2.01
    endloop
  endfacet
  facet normal -0.24298018090323184 0.9700312529440649 0
    outer loop
      vertex 0.7692543938755989 -2.535891890525818 -2.01
      vertex 0.5169893503189087 -2.5990809947252274 2.01
      vertex 0.7692543938755989 -2.535891890525818 2.01
    endloop
  endfacet
  facet normal -0.33688986396009074 0.941544061401776 0
    outer loop
      vertex 1.0141110941767693 -2.4482807591557503 -2.01
      vertex 0.7692543938755989 -2.535891890525818 2.01
      vertex 1.0141110941767693 -2.4482807591557503 2.01
    endloop
  endfacet
  facet normal -0.4275550933404707 0.9039892931659209 0
    outer loop
      vertex 1.249201349914074 -2.337091349065304 -2.01
      vertex 1.0141110941767693 -2.4482807591557503 2.01
      vertex 1.249201349914074 -2.337091349065304 2.01
    endloop
  endfacet
  facet normal -0.514102738242918 0.8577286135667469 0
    outer loop
      vertex 1.4722611159086227 -2.2033944725990295 -2.01
      vertex 1.249201349914074 -2.337091349065304 2.01
      vertex 1.4722611159086227 -2.2033944725990295 2.01
    endloop
  endfacet
  facet normal -0.5956992996076471 0.8032075351034493 0
    outer loop
      vertex 1.6811422035098076 -2.048477701842785 -2.01
      vertex 1.4722611159086227 -2.2033944725990295 2.01
      vertex 1.6811422035098076 -2.048477701842785 2.01
    endloop
  endfacet
  facet normal -0.6715589537985378 0.7409511263052464 0
    outer loop
      vertex 1.8738329708576202 -1.8738329708576202 -2.01
      vertex 1.6811422035098076 -2.048477701842785 2.01
      vertex 1.8738329708576202 -1.8738329708576202 2.01
    endloop
  endfacet
  facet normal -0.7409511263052464 0.6715589537985378 0
    outer loop
      vertex 2.048477701842785 -1.6811422035098076 -2.01
      vertex 1.8738329708576202 -1.8738329708576202 2.01
      vertex 2.048477701842785 -1.6811422035098076 2.01
    endloop
  endfacet
  facet normal -0.8032075351034493 0.5956992996076471 0
    outer loop
      vertex 2.2033944725990295 -1.4722611159086227 -2.01
      vertex 2.048477701842785 -1.6811422035098076 2.01
      vertex 2.2033944725990295 -1.4722611159086227 2.01
    endloop
  endfacet
  facet normal -0.8577286135667469 0.514102738242918 0
    outer loop
      vertex 2.337091349065304 -1.249201349914074 -2.01
      vertex 2.2033944725990295 -1.4722611159086227 2.01
      vertex 2.337091349065304 -1.249201349914074 2.01
    endloop
  endfacet
  facet normal -0.9039892931659209 0.4275550933404707 0
    outer loop
      vertex 2.4482807591557503 -1.0141110941767693 -2.01
      vertex 2.337091349065304 -1.249201349914074 2.01
      vertex 2.4482807591557503 -1.0141110941767693 2.01
    endloop
  endfacet
  facet normal -0.941544061401776 0.33688986396009074 0
    outer loop
      vertex 2.535891890525818 -0.7692543938755989 -2.01
      vertex 2.4482807591557503 -1.0141110941767693 2.01
      vertex 2.535891890525818 -0.7692543938755989 2.01
    endloop
  endfacet
  facet normal -0.9700312529440649 0.24298018090323184 0
    outer loop
      vertex 2.5990809947252274 -0.5169893503189087 -2.01
      vertex 2.535891890525818 -0.7692543938755989 2.01
      vertex 2.5990809947252274 -0.5169893503189087 2.01
    endloop
  endfacet
  facet normal -0.9891765122418353 0.14673045910470797 0
    outer loop
      vertex 2.637239523231983 -0.25974541902542114 -2.01
      vertex 2.5990809947252274 -0.5169893503189087 2.01
      vertex 2.637239523231983 -0.25974541902542114 2.01
    endloop
  endfacet
  facet normal -0.998795455998039 0.04906767854371735 0
    outer loop
      vertex 2.637239523231983 -0.25974541902542114 2.01
      vertex 2.649999998509884 0 2.01
      vertex 2.649999998509884 0 -2.01
    endloop
  endfacet
  facet normal 0 0 1
    outer loop
      vertex 0 -2.649999998509884 2.01
      vertex -0.36029203676153543 -8.764639445464397 2.01
      vertex 0.5005277607194869 -8.757750109773557 2.01
    endloop
  endfacet
  facet normal 0 0 1
    outer loop
      vertex 0.25974541902542114 -2.637239523231983 2.01
      vertex 0.5005277607194869 -8.757750109773557 2.01
      vertex 1.3565272009052167 -8.666518845958516 2.01
    endloop
  endfacet
  facet normal 0 0 1
    outer loop
      vertex 0.5169893503189087 -2.5990809947252274 2.01
      vertex 1.3565272009052167 -8.666518845958516 2.01
      vertex 2.199462546171655 -8.491824272299358 2.01
    endloop
  endfacet
  facet normal 0 0 1
    outer loop
      vertex 0 -2.649999998509884 2.01
      vertex 0.5005277607194869 -8.757750109773557 2.01
      vertex 0.25974541902542114 -2.637239523231983 2.01
    endloop
  endfacet
  facet normal 0 0 1
    outer loop
      vertex 0.25974541902542114 -2.637239523231983 2.01
      vertex 1.3565272009052167 -8.666518845958516 2.01
      vertex 0.5169893503189087 -2.5990809947252274 2.01
    endloop
  endfacet
  facet normal 0 0 1
    outer loop
      vertex 0.5169893503189087 -2.5990809947252274 2.01
      vertex 2.199462546171655 -8.491824272299358 2.01
      vertex 0.7692543938755989 -2.535891890525818 2.01
    endloop
  endfacet
  facet normal 0 0 1
    outer loop
      vertex 0.7692543938755989 -2.535891890525818 2.01
      vertex 3.0212158648778136 -8.235348792456673 2.01
      vertex 1.0141110941767693 -2.4482807591557503 2.01
    endloop
  endfacet
  facet normal 0 0 1
    outer loop
      vertex 0.7692543938755989 -2.535891890525818 2.01
      vertex 2.199462546171655 -8.491824272299358 2.01
      vertex 3.0212158648778136 -8.235348792456673 2.01
    endloop
  endfacet
  facet normal 0 0 1
    outer loop
      vertex 1.0141110941767693 -2.4482807591557503 2.01
      vertex 3.0212158648778136 -8.235348792456673 2.01
      vertex 3.8138732208294464 -7.8995623954795455 2.01
    endloop
  endfacet
  facet normal 0 0 1
    outer loop
      vertex 1.249201349914074 -2.337091349065304 2.01
      vertex 3.8138732208294464 -7.8995623954795455 2.01
      vertex 4.5698008977209685 -7.4876988977189045 2.01
    endloop
  endfacet
  facet normal 0 0 1
    outer loop
      vertex 1.0141110941767693 -2.4482807591557503 2.01
      vertex 3.8138732208294464 -7.8995623954795455 2.01
      vertex 1.249201349914074 -2.337091349065304 2.01
    endloop
  endfacet
  facet normal 0 0 1
    outer loop
      vertex 1.249201349914074 -2.337091349065304 2.01
      vertex 4.5698008977209685 -7.4876988977189045 2.01
      vertex 1.4722611159086227 -2.2033944725990295 2.01
    endloop
  endfacet
  facet normal 0 0 1
    outer loop
      vertex 1.4722611159086227 -2.2033944725990295 2.01
      vertex 5.281718887615584 -7.003724759335659 2.01
      vertex 1.6811422035098076 -2.048477701842785 2.01
    endloop
  endfacet
  facet normal 0 0 1
    outer loop
      vertex 1.6811422035098076 -2.048477701842785 2.01
      vertex 5.94277104513032 -6.4523009332231975 2.01
      vertex 1.8738329708576202 -1.8738329708576202 2.01
    endloop
  endfacet
  facet normal 0 0 1
    outer loop
      vertex 1.8738329708576202 -1.8738329708576202 2.01
      vertex 6.546591063774667 -5.838737913996498 2.01
      vertex 2.048477701842785 -1.6811422035098076 2.01
    endloop
  endfacet
  facet normal 0 0 1
    outer loop
      vertex 1.4722611159086227 -2.2033944725990295 2.01
      vertex 4.5698008977209685 -7.4876988977189045 2.01
      vertex 5.281718887615584 -7.003724759335659 2.01
    endloop
  endfacet
  facet normal 0 0 1
    outer loop
      vertex 1.6811422035098076 -2.048477701842785 2.01
      vertex 5.281718887615584 -7.003724759335659 2.01
      vertex 5.94277104513032 -6.4523009332231975 2.01
    endloop
  endfacet
  facet normal 0 0 1
    outer loop
      vertex 1.8738329708576202 -1.8738329708576202 2.01
      vertex 5.94277104513032 -6.4523009332231975 2.01
      vertex 6.546591063774667 -5.838737913996498 2.01
    endloop
  endfacet
  facet normal 0 0 1
    outer loop
      vertex 2.048477701842785 -1.6811422035098076 2.01
      vertex 6.546591063774667 -5.838737913996498 2.01
      vertex 7.087363833681329 -5.168944662562453 2.01
    endloop
  endfacet
  facet normal 0 0 1
    outer loop
      vertex 2.2033944725990295 -1.4722611159086227 2.01
      vertex 7.087363833681329 -5.168944662562453 2.01
      vertex 7.559881410067097 -4.449371644327583 2.01
    endloop
  endfacet
  facet normal 0 0 1
    outer loop
      vertex 2.048477701842785 -1.6811422035098076 2.01
      vertex 7.087363833681329 -5.168944662562453 2.01
      vertex 2.2033944725990295 -1.4722611159086227 2.01
    endloop
  endfacet
  facet normal 0 0 1
    outer loop
      vertex 2.2033944725990295 -1.4722611159086227 2.01
      vertex 7.559881410067097 -4.449371644327583 2.01
      vertex 2.337091349065304 -1.249201349914074 2.01
    endloop
  endfacet
  facet normal 0 0 1
    outer loop
      vertex 2.337091349065304 -1.249201349914074 2.01
      vertex 7.959593199313643 -3.6869487459944263 2.01
      vertex 2.4482807591557503 -1.0141110941767693 2.01
    endloop
  endfacet
  facet normal 0 0 1
    outer loop
      vertex 2.4482807591557503 -1.0141110941767693 2.01
      vertex 8.282649757990722 -2.8890185203535528 2.01
      vertex 2.535891890525818 -0.7692543938755989 2.01
    endloop
  endfacet
  facet normal 0 0 1
    outer loop
      vertex 2.535891890525818 -0.7692543938755989 2.01
      vertex 8.525939865290216 -2.06326546382168 2.01
      vertex 2.5990809947252274 -0.5169893503189087 2.01
    endloop
  endfacet
  facet normal 0 0 1
    outer loop
      vertex 2.5990809947252274 -0.5169893503189087 2.01
      vertex 8.687120514582569 -1.2176420294079815 2.01
      vertex 2.637239523231983 -0.25974541902542114 2.01
    endloop
  endfacet
  facet normal 0 0 1
    outer loop
      vertex 2.637239523231983 -0.25974541902542114 2.01
      vertex 8.764639445464397 -0.36029203676153543 2.01
      vertex 2.649999998509884 0 2.01
    endloop
  endfacet
  facet normal 0 0 1
    outer loop
      vertex 2.337091349065304 -1.249201349914074 2.01
      vertex 7.559881410067097 -4.449371644327583 2.01
      vertex 7.959593199313643 -3.6869487459944263 2.01
    endloop
  endfacet
  facet normal 0 0 1
    outer loop
      vertex 2.4482807591557503 -1.0141110941767693 2.01
      vertex 7.959593199313643 -3.6869487459944263 2.01
      vertex 8.282649757990722 -2.8890185203535528 2.01
    endloop
  endfacet
  facet normal 0 0 1
    outer loop
      vertex 2.535891890525818 -0.7692543938755989 2.01
      vertex 8.282649757990722 -2.8890185203535528 2.01
      vertex 8.525939865290216 -2.06326546382168 2.01
    endloop
  endfacet
  facet normal 0 0 1
    outer loop
      vertex 2.5990809947252274 -0.5169893503189087 2.01
      vertex 8.525939865290216 -2.06326546382168 2.01
      vertex 8.687120514582569 -1.2176420294079815 2.01
    endloop
  endfacet
  facet normal 0 0 1
    outer loop
      vertex 2.637239523231983 -0.25974541902542114 2.01
      vertex 8.687120514582569 -1.2176420294079815 2.01
      vertex 8.764639445464397 -0.36029203676153543 2.01
    endloop
  endfacet
  facet normal 0 0 -1
    outer loop
      vertex 1.8738329708576202 1.8738329708576202 -2.01
      vertex 1.6811422035098076 2.048477701842785 -2.01
      vertex 5.838737913996498 6.546591063774667 -2.01
    endloop
  endfacet
  facet normal 0 0 -1
    outer loop
      vertex 1.8738329708576202 1.8738329708576202 -2.01
      vertex 6.4523009332231975 5.94277104513032 -2.01
      vertex 2.048477701842785 1.6811422035098076 -2.01
    endloop
  endfacet
  facet normal 0 0 -1
    outer loop
      vertex 0 2.649999998509884 -2.01
      vertex 0.36029203676153543 8.764639445464397 -2.01
      vertex 0.25974541902542114 2.637239523231983 -2.01
    endloop
  endfacet
  facet normal 0 0 -1
    outer loop
      vertex 0.25974541902542114 2.637239523231983 -2.01
      vertex 1.2176420294079815 8.687120514582569 -2.01
      vertex 0.5169893503189087 2.5990809947252274 -2.01
    endloop
  endfacet
  facet normal 0 0 -1
    outer loop
      vertex 0.5169893503189087 2.5990809947252274 -2.01
      vertex 2.06326546382168 8.525939865290216 -2.01
      vertex 0.7692543938755989 2.535891890525818 -2.01
    endloop
  endfacet
  facet normal 0 0 -1
    outer loop
      vertex 0.7692543938755989 2.535891890525818 -2.01
      vertex 2.8890185203535528 8.282649757990722 -2.01
      vertex 1.0141110941767693 2.4482807591557503 -2.01
    endloop
  endfacet
  facet normal 0 0 -1
    outer loop
      vertex 0.25974541902542114 2.637239523231983 -2.01
      vertex 0.36029203676153543 8.764639445464397 -2.01
      vertex 1.2176420294079815 8.687120514582569 -2.01
    endloop
  endfacet
  facet normal 0 0 -1
    outer loop
      vertex 0.5169893503189087 2.5990809947252274 -2.01
      vertex 1.2176420294079815 8.687120514582569 -2.01
      vertex 2.06326546382168 8.525939865290216 -2.01
    endloop
  endfacet
  facet normal 0 0 -1
    outer loop
      vertex 1.0141110941767693 2.4482807591557503 -2.01
      vertex 3.6869487459944263 7.959593199313643 -2.01
      vertex 1.249201349914074 2.337091349065304 -2.01
    endloop
  endfacet
  facet normal 0 0 -1
    outer loop
      vertex 1.249201349914074 2.337091349065304 -2.01
      vertex 4.449371644327583 7.559881410067097 -2.01
      vertex 1.4722611159086227 2.2033944725990295 -2.01
    endloop
  endfacet
  facet normal 0 0 -1
    outer loop
      vertex 1.6811422035098076 2.048477701842785 -2.01
      vertex 1.4722611159086227 2.2033944725990295 -2.01
      vertex 5.168944662562453 7.087363833681329 -2.01
    endloop
  endfacet
  facet normal 0 0 -1
    outer loop
      vertex 0.7692543938755989 2.535891890525818 -2.01
      vertex 2.06326546382168 8.525939865290216 -2.01
      vertex 2.8890185203535528 8.282649757990722 -2.01
    endloop
  endfacet
  facet normal 0 0 -1
    outer loop
      vertex 1.0141110941767693 2.4482807591557503 -2.01
      vertex 2.8890185203535528 8.282649757990722 -2.01
      vertex 3.6869487459944263 7.959593199313643 -2.01
    endloop
  endfacet
  facet normal 0 0 -1
    outer loop
      vertex 1.249201349914074 2.337091349065304 -2.01
      vertex 3.6869487459944263 7.959593199313643 -2.01
      vertex 4.449371644327583 7.559881410067097 -2.01
    endloop
  endfacet
  facet normal 0 0 -1
    outer loop
      vertex 2.649999998509884 0 -2.01
      vertex 2.637239523231983 0.25974541902542114 -2.01
      vertex 8.757750109773557 0.5005277607194869 -2.01
    endloop
  endfacet
  facet normal 0 0 -1
    outer loop
      vertex 2.637239523231983 0.25974541902542114 -2.01
      vertex 2.5990809947252274 0.5169893503189087 -2.01
      vertex 8.666518845958516 1.3565272009052167 -2.01
    endloop
  endfacet
  facet normal 0 0 -1
    outer loop
      vertex 2.5990809947252274 0.5169893503189087 -2.01
      vertex 2.535891890525818 0.7692543938755989 -2.01
      vertex 8.491824272299358 2.199462546171655 -2.01
    endloop
  endfacet
  facet normal 0 0 -1
    outer loop
      vertex 2.4482807591557503 1.0141110941767693 -2.01
      vertex 8.235348792456673 3.0212158648778136 -2.01
      vertex 2.535891890525818 0.7692543938755989 -2.01
    endloop
  endfacet
  facet normal 0 0 -1
    outer loop
      vertex 2.4482807591557503 1.0141110941767693 -2.01
      vertex 2.337091349065304 1.249201349914074 -2.01
      vertex 7.8995623954795455 3.8138732208294464 -2.01
    endloop
  endfacet
  facet normal 0 0 -1
    outer loop
      vertex 2.337091349065304 1.249201349914074 -2.01
      vertex 2.2033944725990295 1.4722611159086227 -2.01
      vertex 7.4876988977189045 4.5698008977209685 -2.01
    endloop
  endfacet
  facet normal 0 0 -1
    outer loop
      vertex 2.048477701842785 1.6811422035098076 -2.01
      vertex 7.003724759335659 5.281718887615584 -2.01
      vertex 2.2033944725990295 1.4722611159086227 -2.01
    endloop
  endfacet
  facet normal 0 0 -1
    outer loop
      vertex 2.649999998509884 0 -2.01
      vertex 8.757750109773557 0.5005277607194869 -2.01
      vertex 8.764639445464397 -0.36029203676153543 -2.01
    endloop
  endfacet
  facet normal 0 0 -1
    outer loop
      vertex 2.637239523231983 0.25974541902542114 -2.01
      vertex 8.666518845958516 1.3565272009052167 -2.01
      vertex 8.757750109773557 0.5005277607194869 -2.01
    endloop
  endfacet
  facet normal 0 0 -1
    outer loop
      vertex 2.5990809947252274 0.5169893503189087 -2.01
      vertex 8.491824272299358 2.199462546171655 -2.01
      vertex 8.666518845958516 1.3565272009052167 -2.01
    endloop
  endfacet
  facet normal 0 0 -1
    outer loop
      vertex 2.337091349065304 1.249201349914074 -2.01
      vertex 7.4876988977189045 4.5698008977209685 -2.01
      vertex 7.8995623954795455 3.8138732208294464 -2.01
    endloop
  endfacet
  facet normal 0 0 -1
    outer loop
      vertex 2.535891890525818 0.7692543938755989 -2.01
      vertex 8.235348792456673 3.0212158648778136 -2.01
      vertex 8.491824272299358 2.199462546171655 -2.01
    endloop
  endfacet
  facet normal 0 0 -1
    outer loop
      vertex 2.4482807591557503 1.0141110941767693 -2.01
      vertex 7.8995623954795455 3.8138732208294464 -2.01
      vertex 8.235348792456673 3.0212158648778136 -2.01
    endloop
  endfacet
  facet normal 0 0 -1
    outer loop
      vertex 1.6811422035098076 2.048477701842785 -2.01
      vertex 5.168944662562453 7.087363833681329 -2.01
      vertex 5.838737913996498 6.546591063774667 -2.01
    endloop
  endfacet
  facet normal 0 0 -1
    outer loop
      vertex 2.048477701842785 1.6811422035098076 -2.01
      vertex 6.4523009332231975 5.94277104513032 -2.01
      vertex 7.003724759335659 5.281718887615584 -2.01
    endloop
  endfacet
  facet normal 0 0 -1
    outer loop
      vertex 1.8738329708576202 1.8738329708576202 -2.01
      vertex 5.838737913996498 6.546591063774667 -2.01
      vertex 6.4523009332231975 5.94277104513032 -2.01
    endloop
  endfacet
  facet normal 0 0 -1
    outer loop
      vertex 1.4722611159086227 2.2033944725990295 -2.01
      vertex 4.449371644327583 7.559881410067097 -2.01
      vertex 5.168944662562453 7.087363833681329 -2.01
    endloop
  endfacet
  facet normal 0 0 -1
    outer loop
      vertex 2.2033944725990295 1.4722611159086227 -2.01
      vertex 7.003724759335659 5.281718887615584 -2.01
      vertex 7.4876988977189045 4.5698008977209685 -2.01
    endloop
  endfacet
  facet normal -0.14673045910470797 -0.9891765122418353 0
    outer loop
      vertex 0.25974541902542114 2.637239523231983 -2.01
      vertex 0.5169893503189087 2.5990809947252274 -2.01
      vertex 0.5169893503189087 2.5990809947252274 2.01
    endloop
  endfacet
  facet normal -0.24298018090323184 -0.9700312529440649 0
    outer loop
      vertex 0.5169893503189087 2.5990809947252274 -2.01
      vertex 0.7692543938755989 2.535891890525818 -2.01
      vertex 0.7692543938755989 2.535891890525818 2.01
    endloop
  endfacet
  facet normal -0.04906767854371735 -0.998795455998039 0
    outer loop
      vertex 0 2.649999998509884 -2.01
      vertex 0.25974541902542114 2.637239523231983 -2.01
      vertex 0.25974541902542114 2.637239523231983 2.01
    endloop
  endfacet
  facet normal -0.33688986396009074 -0.941544061401776 0
    outer loop
      vertex 0.7692543938755989 2.535891890525818 -2.01
      vertex 1.0141110941767693 2.4482807591557503 -2.01
      vertex 1.0141110941767693 2.4482807591557503 2.01
    endloop
  endfacet
  facet normal -0.4275550933404707 -0.9039892931659209 0
    outer loop
      vertex 1.0141110941767693 2.4482807591557503 -2.01
      vertex 1.249201349914074 2.337091349065304 -2.01
      vertex 1.249201349914074 2.337091349065304 2.01
    endloop
  endfacet
  facet normal -0.5956992996076471 -0.8032075351034493 0
    outer loop
      vertex 1.6811422035098076 2.048477701842785 -2.01
      vertex 1.6811422035098076 2.048477701842785 2.01
      vertex 1.4722611159086227 2.2033944725990295 -2.01
    endloop
  endfacet
  facet normal -0.514102738242918 -0.8577286135667469 0
    outer loop
      vertex 1.249201349914074 2.337091349065304 -2.01
      vertex 1.4722611159086227 2.2033944725990295 -2.01
      vertex 1.4722611159086227 2.2033944725990295 2.01
    endloop
  endfacet
  facet normal -0.9700312529440649 -0.24298018090323184 0
    outer loop
      vertex 2.5990809947252274 0.5169893503189087 -2.01
      vertex 2.5990809947252274 0.5169893503189087 2.01
      vertex 2.535891890525818 0.7692543938755989 -2.01
    endloop
  endfacet
  facet normal -0.941544061401776 -0.33688986396009074 0
    outer loop
      vertex 2.4482807591557503 1.0141110941767693 -2.01
      vertex 2.535891890525818 0.7692543938755989 -2.01
      vertex 2.535891890525818 0.7692543938755989 2.01
    endloop
  endfacet
  facet normal -0.7409511263052464 -0.6715589537985378 0
    outer loop
      vertex 1.8738329708576202 1.8738329708576202 -2.01
      vertex 2.048477701842785 1.6811422035098076 -2.01
      vertex 2.048477701842785 1.6811422035098076 2.01
    endloop
  endfacet
  facet normal -0.8032075351034493 -0.5956992996076471 0
    outer loop
      vertex 2.048477701842785 1.6811422035098076 -2.01
      vertex 2.2033944725990295 1.4722611159086227 -2.01
      vertex 2.2033944725990295 1.4722611159086227 2.01
    endloop
  endfacet
  facet normal -0.9039892931659209 -0.4275550933404707 0
    outer loop
      vertex 2.4482807591557503 1.0141110941767693 -2.01
      vertex 2.4482807591557503 1.0141110941767693 2.01
      vertex 2.337091349065304 1.249201349914074 -2.01
    endloop
  endfacet
  facet normal -0.8577286135667469 -0.514102738242918 0
    outer loop
      vertex 2.337091349065304 1.249201349914074 -2.01
      vertex 2.337091349065304 1.249201349914074 2.01
      vertex 2.2033944725990295 1.4722611159086227 -2.01
    endloop
  endfacet
  facet normal -0.998795455998039 -0.04906767854371735 0
    outer loop
      vertex 2.649999998509884 0 -2.01
      vertex 2.649999998509884 0 2.01
      vertex 2.637239523231983 0.25974541902542114 -2.01
    endloop
  endfacet
  facet normal -0.9891765122418353 -0.14673045910470797 0
    outer loop
      vertex 2.637239523231983 0.25974541902542114 -2.01
      vertex 2.637239523231983 0.25974541902542114 2.01
      vertex 2.5990809947252274 0.5169893503189087 -2.01
    endloop
  endfacet
  facet normal -0.6715589537985378 -0.7409511263052464 0
    outer loop
      vertex 1.8738329708576202 1.8738329708576202 -2.01
      vertex 1.8738329708576202 1.8738329708576202 2.01
      vertex 1.6811422035098076 2.048477701842785 -2.01
    endloop
  endfacet
  facet normal -0.24298018090323184 -0.9700312529440649 0
    outer loop
      vertex 0.5169893503189087 2.5990809947252274 -2.01
      vertex 0.7692543938755989 2.535891890525818 2.01
      vertex 0.5169893503189087 2.5990809947252274 2.01
    endloop
  endfacet
  facet normal -0.33688986396009074 -0.941544061401776 0
    outer loop
      vertex 0.7692543938755989 2.535891890525818 -2.01
      vertex 1.0141110941767693 2.4482807591557503 2.01
      vertex 0.7692543938755989 2.535891890525818 2.01
    endloop
  endfacet
  facet normal -0.04906767854371735 -0.998795455998039 0
    outer loop
      vertex 0 2.649999998509884 -2.01
      vertex 0.25974541902542114 2.637239523231983 2.01
      vertex 0 2.649999998509884 2.01
    endloop
  endfacet
  facet normal -0.14673045910470797 -0.9891765122418353 0
    outer loop
      vertex 0.25974541902542114 2.637239523231983 -2.01
      vertex 0.5169893503189087 2.5990809947252274 2.01
      vertex 0.25974541902542114 2.637239523231983 2.01
    endloop
  endfacet
  facet normal -0.4275550933404707 -0.9039892931659209 0
    outer loop
      vertex 1.0141110941767693 2.4482807591557503 -2.01
      vertex 1.249201349914074 2.337091349065304 2.01
      vertex 1.0141110941767693 2.4482807591557503 2.01
    endloop
  endfacet
  facet normal -0.5956992996076471 -0.8032075351034493 0
    outer loop
      vertex 1.4722611159086227 2.2033944725990295 -2.01
      vertex 1.6811422035098076 2.048477701842785 2.01
      vertex 1.4722611159086227 2.2033944725990295 2.01
    endloop
  endfacet
  facet normal -0.6715589537985378 -0.7409511263052464 0
    outer loop
      vertex 1.6811422035098076 2.048477701842785 -2.01
      vertex 1.8738329708576202 1.8738329708576202 2.01
      vertex 1.6811422035098076 2.048477701842785 2.01
    endloop
  endfacet
  facet normal -0.514102738242918 -0.8577286135667469 0
    outer loop
      vertex 1.249201349914074 2.337091349065304 -2.01
      vertex 1.4722611159086227 2.2033944725990295 2.01
      vertex 1.249201349914074 2.337091349065304 2.01
    endloop
  endfacet
  facet normal -0.9891765122418353 -0.14673045910470797 0
    outer loop
      vertex 2.5990809947252274 0.5169893503189087 -2.01
      vertex 2.637239523231983 0.25974541902542114 2.01
      vertex 2.5990809947252274 0.5169893503189087 2.01
    endloop
  endfacet
  facet normal -0.9700312529440649 -0.24298018090323184 0
    outer loop
      vertex 2.535891890525818 0.7692543938755989 -2.01
      vertex 2.5990809947252274 0.5169893503189087 2.01
      vertex 2.535891890525818 0.7692543938755989 2.01
    endloop
  endfacet
  facet normal -0.8032075351034493 -0.5956992996076471 0
    outer loop
      vertex 2.048477701842785 1.6811422035098076 -2.01
      vertex 2.2033944725990295 1.4722611159086227 2.01
      vertex 2.048477701842785 1.6811422035098076 2.01
    endloop
  endfacet
  facet normal -0.9039892931659209 -0.4275550933404707 0
    outer loop
      vertex 2.337091349065304 1.249201349914074 -2.01
      vertex 2.4482807591557503 1.0141110941767693 2.01
      vertex 2.337091349065304 1.249201349914074 2.01
    endloop
  endfacet
  facet normal -0.941544061401776 -0.33688986396009074 0
    outer loop
      vertex 2.4482807591557503 1.0141110941767693 -2.01
      vertex 2.535891890525818 0.7692543938755989 2.01
      vertex 2.4482807591557503 1.0141110941767693 2.01
    endloop
  endfacet
  facet normal -0.8577286135667469 -0.514102738242918 0
    outer loop
      vertex 2.2033944725990295 1.4722611159086227 -2.01
      vertex 2.337091349065304 1.249201349914074 2.01
      vertex 2.2033944725990295 1.4722611159086227 2.01
    endloop
  endfacet
  facet normal -0.998795455998039 -0.04906767854371735 0
    outer loop
      vertex 2.637239523231983 0.25974541902542114 -2.01
      vertex 2.649999998509884 0 2.01
      vertex 2.637239523231983 0.25974541902542114 2.01
    endloop
  endfacet
  facet normal -0.7409511263052464 -0.6715589537985378 0
    outer loop
      vertex 1.8738329708576202 1.8738329708576202 -2.01
      vertex 2.048477701842785 1.6811422035098076 2.01
      vertex 1.8738329708576202 1.8738329708576202 2.01
    endloop
  endfacet
  facet normal 0 0 1
    outer loop
      vertex 1.8738329708576202 1.8738329708576202 2.01
      vertex 2.048477701842785 1.6811422035098076 2.01
      vertex 5.838737913996498 6.546591063774667 2.01
    endloop
  endfacet
  facet normal 0 0 1
    outer loop
      vertex 0.25974541902542114 2.637239523231983 2.01
      vertex 0.5169893503189087 2.5990809947252274 2.01
      vertex 0.36029203676153543 8.764639445464397 2.01
    endloop
  endfacet
  facet normal 0 0 1
    outer loop
      vertex 0.5169893503189087 2.5990809947252274 2.01
      vertex 0.7692543938755989 2.535891890525818 2.01
      vertex 1.2176420294079815 8.687120514582569 2.01
    endloop
  endfacet
  facet normal 0 0 1
    outer loop
      vertex 1.0141110941767693 2.4482807591557503 2.01
      vertex 1.249201349914074 2.337091349065304 2.01
      vertex 2.8890185203535528 8.282649757990722 2.01
    endloop
  endfacet
  facet normal 0 0 1
    outer loop
      vertex 0.7692543938755989 2.535891890525818 2.01
      vertex 1.0141110941767693 2.4482807591557503 2.01
      vertex 2.06326546382168 8.525939865290216 2.01
    endloop
  endfacet
  facet normal 0 0 1
    outer loop
      vertex 0.25974541902542114 2.637239523231983 2.01
      vertex 0.36029203676153543 8.764639445464397 2.01
      vertex -0.5005277607194869 8.757750109773557 2.01
    endloop
  endfacet
  facet normal 0 0 1
    outer loop
      vertex 0.5169893503189087 2.5990809947252274 2.01
      vertex 1.2176420294079815 8.687120514582569 2.01
      vertex 0.36029203676153543 8.764639445464397 2.01
    endloop
  endfacet
  facet normal 0 0 1
    outer loop
      vertex 0.7692543938755989 2.535891890525818 2.01
      vertex 2.06326546382168 8.525939865290216 2.01
      vertex 1.2176420294079815 8.687120514582569 2.01
    endloop
  endfacet
  facet normal 0 0 1
    outer loop
      vertex 1.249201349914074 2.337091349065304 2.01
      vertex 1.4722611159086227 2.2033944725990295 2.01
      vertex 3.6869487459944263 7.959593199313643 2.01
    endloop
  endfacet
  facet normal 0 0 1
    outer loop
      vertex 1.6811422035098076 2.048477701842785 2.01
      vertex 4.449371644327583 7.559881410067097 2.01
      vertex 1.4722611159086227 2.2033944725990295 2.01
    endloop
  endfacet
  facet normal 0 0 1
    outer loop
      vertex 1.8738329708576202 1.8738329708576202 2.01
      vertex 5.168944662562453 7.087363833681329 2.01
      vertex 1.6811422035098076 2.048477701842785 2.01
    endloop
  endfacet
  facet normal 0 0 1
    outer loop
      vertex 1.0141110941767693 2.4482807591557503 2.01
      vertex 2.8890185203535528 8.282649757990722 2.01
      vertex 2.06326546382168 8.525939865290216 2.01
    endloop
  endfacet
  facet normal 0 0 1
    outer loop
      vertex 1.249201349914074 2.337091349065304 2.01
      vertex 3.6869487459944263 7.959593199313643 2.01
      vertex 2.8890185203535528 8.282649757990722 2.01
    endloop
  endfacet
  facet normal 0 0 1
    outer loop
      vertex 1.4722611159086227 2.2033944725990295 2.01
      vertex 4.449371644327583 7.559881410067097 2.01
      vertex 3.6869487459944263 7.959593199313643 2.01
    endloop
  endfacet
  facet normal 0 0 1
    outer loop
      vertex 2.649999998509884 0 2.01
      vertex 8.666518845958516 1.3565272009052167 2.01
      vertex 2.637239523231983 0.25974541902542114 2.01
    endloop
  endfacet
  facet normal 0 0 1
    outer loop
      vertex 2.637239523231983 0.25974541902542114 2.01
      vertex 8.491824272299358 2.199462546171655 2.01
      vertex 2.5990809947252274 0.5169893503189087 2.01
    endloop
  endfacet
  facet normal 0 0 1
    outer loop
      vertex 2.5990809947252274 0.5169893503189087 2.01
      vertex 8.235348792456673 3.0212158648778136 2.01
      vertex 2.535891890525818 0.7692543938755989 2.01
    endloop
  endfacet
  facet normal 0 0 1
    outer loop
      vertex 2.4482807591557503 1.0141110941767693 2.01
      vertex 2.535891890525818 0.7692543938755989 2.01
      vertex 7.8995623954795455 3.8138732208294464 2.01
    endloop
  endfacet
  facet normal 0 0 1
    outer loop
      vertex 2.4482807591557503 1.0141110941767693 2.01
      vertex 7.4876988977189045 4.5698008977209685 2.01
      vertex 2.337091349065304 1.249201349914074 2.01
    endloop
  endfacet
  facet normal 0 0 1
    outer loop
      vertex 2.048477701842785 1.6811422035098076 2.01
      vertex 2.2033944725990295 1.4722611159086227 2.01
      vertex 6.4523009332231975 5.94277104513032 2.01
    endloop
  endfacet
  facet normal 0 0 1
    outer loop
      vertex 2.337091349065304 1.249201349914074 2.01
      vertex 7.003724759335659 5.281718887615584 2.01
      vertex 2.2033944725990295 1.4722611159086227 2.01
    endloop
  endfacet
  facet normal 0 0 1
    outer loop
      vertex 2.649999998509884 0 2.01
      vertex 8.764639445464397 -0.36029203676153543 2.01
      vertex 8.757750109773557 0.5005277607194869 2.01
    endloop
  endfacet
  facet normal 0 0 1
    outer loop
      vertex 2.649999998509884 0 2.01
      vertex 8.757750109773557 0.5005277607194869 2.01
      vertex 8.666518845958516 1.3565272009052167 2.01
    endloop
  endfacet
  facet normal 0 0 1
    outer loop
      vertex 2.637239523231983 0.25974541902542114 2.01
      vertex 8.666518845958516 1.3565272009052167 2.01
      vertex 8.491824272299358 2.199462546171655 2.01
    endloop
  endfacet
  facet normal 0 0 1
    outer loop
      vertex 2.4482807591557503 1.0141110941767693 2.01
      vertex 7.8995623954795455 3.8138732208294464 2.01
      vertex 7.4876988977189045 4.5698008977209685 2.01
    endloop
  endfacet
  facet normal 0 0 1
    outer loop
      vertex 2.5990809947252274 0.5169893503189087 2.01
      vertex 8.491824272299358 2.199462546171655 2.01
      vertex 8.235348792456673 3.0212158648778136 2.01
    endloop
  endfacet
  facet normal 0 0 1
    outer loop
      vertex 2.535891890525818 0.7692543938755989 2.01
      vertex 8.235348792456673 3.0212158648778136 2.01
      vertex 7.8995623954795455 3.8138732208294464 2.01
    endloop
  endfacet
  facet normal 0 0 1
    outer loop
      vertex 1.8738329708576202 1.8738329708576202 2.01
      vertex 5.838737913996498 6.546591063774667 2.01
      vertex 5.168944662562453 7.087363833681329 2.01
    endloop
  endfacet
  facet normal 0 0 1
    outer loop
      vertex 2.2033944725990295 1.4722611159086227 2.01
      vertex 7.003724759335659 5.281718887615584 2.01
      vertex 6.4523009332231975 5.94277104513032 2.01
    endloop
  endfacet
  facet normal 0 0 1
    outer loop
      vertex 2.048477701842785 1.6811422035098076 2.01
      vertex 6.4523009332231975 5.94277104513032 2.01
      vertex 5.838737913996498 6.546591063774667 2.01
    endloop
  endfacet
  facet normal 0 0 1
    outer loop
      vertex 1.6811422035098076 2.048477701842785 2.01
      vertex 5.168944662562453 7.087363833681329 2.01
      vertex 4.449371644327583 7.559881410067097 2.01
    endloop
  endfacet
  facet normal 0 0 1
    outer loop
      vertex 2.337091349065304 1.249201349914074 2.01
      vertex 7.4876988977189045 4.5698008977209685 2.01
      vertex 7.003724759335659 5.281718887615584 2.01
    endloop
  endfacet
endsolid OpenSCAD_Model
